ISO-10303-21;
HEADER;
FILE_DESCRIPTION(('Open CASCADE Model'),'2;1');
FILE_NAME('Open CASCADE Shape Model','2026-09-16T00:33:47',('Author'),(
    'Open CASCADE'),'Open CASCADE STEP processor 7.9','build123d',
  'Unknown');
FILE_SCHEMA(('AUTOMOTIVE_DESIGN { 1 0 10303 214 1 1 1 1 }'));
ENDSEC;
DATA;
#1 = APPLICATION_PROTOCOL_DEFINITION('international standard',
  'automotive_design',2000,#2);
#2 = APPLICATION_CONTEXT(
  'core data for automotive mechanical design processes');
#3 = SHAPE_DEFINITION_REPRESENTATION(#4,#10);
#4 = PRODUCT_DEFINITION_SHAPE('','',#5);
#5 = PRODUCT_DEFINITION('design','',#6,#9);
#6 = PRODUCT_DEFINITION_FORMATION('','',#7);
#7 = PRODUCT('COMPOUND','COMPOUND','',(#8));
#8 = PRODUCT_CONTEXT('',#2,'mechanical');
#9 = PRODUCT_DEFINITION_CONTEXT('part definition',#2,'design');
#10 = ADVANCED_BREP_SHAPE_REPRESENTATION('',(#11,#15),#2619);
#11 = AXIS2_PLACEMENT_3D('',#12,#13,#14);
#12 = CARTESIAN_POINT('',(0.,0.,0.));
#13 = DIRECTION('',(0.,0.,1.));
#14 = DIRECTION('',(1.,0.,-0.));
#15 = MANIFOLD_SOLID_BREP('',#16);
#16 = CLOSED_SHELL('',(#17,#244,#610,#658,#1027,#1075,#1383,#1437,#1709,
    #1736,#1763,#1790,#1817,#1844,#1911,#1938,#1963,#1990,#1997,#2052,
    #2107,#2132,#2159,#2186,#2213,#2240,#2247,#2274,#2281,#2336,#2391,
    #2441,#2491,#2541,#2591,#2598,#2605,#2612));
#17 = ADVANCED_FACE('',(#18),#32,.F.);
#18 = FACE_BOUND('',#19,.F.);
#19 = EDGE_LOOP('',(#20,#55,#83,#111,#139,#167,#193,#220));
#20 = ORIENTED_EDGE('',*,*,#21,.F.);
#21 = EDGE_CURVE('',#22,#24,#26,.T.);
#22 = VERTEX_POINT('',#23);
#23 = CARTESIAN_POINT('',(-59.2,-40.8,30.6));
#24 = VERTEX_POINT('',#25);
#25 = CARTESIAN_POINT('',(-59.2,-9.18831137271,30.6));
#26 = SURFACE_CURVE('',#27,(#31,#43),.PCURVE_S1.);
#27 = LINE('',#28,#29);
#28 = CARTESIAN_POINT('',(-59.2,-44.8,30.6));
#29 = VECTOR('',#30,1.);
#30 = DIRECTION('',(-0.,1.,0.));
#31 = PCURVE('',#32,#37);
#32 = PLANE('',#33);
#33 = AXIS2_PLACEMENT_3D('',#34,#35,#36);
#34 = CARTESIAN_POINT('',(-59.2,-44.8,22.));
#35 = DIRECTION('',(1.,0.,-0.));
#36 = DIRECTION('',(0.,0.,1.));
#37 = DEFINITIONAL_REPRESENTATION('',(#38),#42);
#38 = LINE('',#39,#40);
#39 = CARTESIAN_POINT('',(8.6,0.));
#40 = VECTOR('',#41,1.);
#41 = DIRECTION('',(0.,-1.));
#42 = ( GEOMETRIC_REPRESENTATION_CONTEXT(2) 
PARAMETRIC_REPRESENTATION_CONTEXT() REPRESENTATION_CONTEXT('2D SPACE',''
  ) );
#43 = PCURVE('',#44,#49);
#44 = PLANE('',#45);
#45 = AXIS2_PLACEMENT_3D('',#46,#47,#48);
#46 = CARTESIAN_POINT('',(-59.2,-44.8,30.6));
#47 = DIRECTION('',(0.,0.,1.));
#48 = DIRECTION('',(1.,0.,-0.));
#49 = DEFINITIONAL_REPRESENTATION('',(#50),#54);
#50 = LINE('',#51,#52);
#51 = CARTESIAN_POINT('',(0.,0.));
#52 = VECTOR('',#53,1.);
#53 = DIRECTION('',(0.,1.));
#54 = ( GEOMETRIC_REPRESENTATION_CONTEXT(2) 
PARAMETRIC_REPRESENTATION_CONTEXT() REPRESENTATION_CONTEXT('2D SPACE',''
  ) );
#55 = ORIENTED_EDGE('',*,*,#56,.F.);
#56 = EDGE_CURVE('',#57,#22,#59,.T.);
#57 = VERTEX_POINT('',#58);
#58 = CARTESIAN_POINT('',(-59.2,-40.8,22.));
#59 = SURFACE_CURVE('',#60,(#64,#71),.PCURVE_S1.);
#60 = LINE('',#61,#62);
#61 = CARTESIAN_POINT('',(-59.2,-40.8,22.));
#62 = VECTOR('',#63,1.);
#63 = DIRECTION('',(0.,0.,1.));
#64 = PCURVE('',#32,#65);
#65 = DEFINITIONAL_REPRESENTATION('',(#66),#70);
#66 = LINE('',#67,#68);
#67 = CARTESIAN_POINT('',(0.,-4.));
#68 = VECTOR('',#69,1.);
#69 = DIRECTION('',(1.,0.));
#70 = ( GEOMETRIC_REPRESENTATION_CONTEXT(2) 
PARAMETRIC_REPRESENTATION_CONTEXT() REPRESENTATION_CONTEXT('2D SPACE',''
  ) );
#71 = PCURVE('',#72,#77);
#72 = CYLINDRICAL_SURFACE('',#73,4.);
#73 = AXIS2_PLACEMENT_3D('',#74,#75,#76);
#74 = CARTESIAN_POINT('',(-55.2,-40.8,22.));
#75 = DIRECTION('',(0.,0.,1.));
#76 = DIRECTION('',(-1.,-0.,0.));
#77 = DEFINITIONAL_REPRESENTATION('',(#78),#82);
#78 = LINE('',#79,#80);
#79 = CARTESIAN_POINT('',(0.,0.));
#80 = VECTOR('',#81,1.);
#81 = DIRECTION('',(0.,1.));
#82 = ( GEOMETRIC_REPRESENTATION_CONTEXT(2) 
PARAMETRIC_REPRESENTATION_CONTEXT() REPRESENTATION_CONTEXT('2D SPACE',''
  ) );
#83 = ORIENTED_EDGE('',*,*,#84,.T.);
#84 = EDGE_CURVE('',#57,#85,#87,.T.);
#85 = VERTEX_POINT('',#86);
#86 = CARTESIAN_POINT('',(-59.2,40.8,22.));
#87 = SURFACE_CURVE('',#88,(#92,#99),.PCURVE_S1.);
#88 = LINE('',#89,#90);
#89 = CARTESIAN_POINT('',(-59.2,-44.8,22.));
#90 = VECTOR('',#91,1.);
#91 = DIRECTION('',(-0.,1.,0.));
#92 = PCURVE('',#32,#93);
#93 = DEFINITIONAL_REPRESENTATION('',(#94),#98);
#94 = LINE('',#95,#96);
#95 = CARTESIAN_POINT('',(0.,0.));
#96 = VECTOR('',#97,1.);
#97 = DIRECTION('',(0.,-1.));
#98 = ( GEOMETRIC_REPRESENTATION_CONTEXT(2) 
PARAMETRIC_REPRESENTATION_CONTEXT() REPRESENTATION_CONTEXT('2D SPACE',''
  ) );
#99 = PCURVE('',#100,#105);
#100 = PLANE('',#101);
#101 = AXIS2_PLACEMENT_3D('',#102,#103,#104);
#102 = CARTESIAN_POINT('',(-59.2,-44.8,22.));
#103 = DIRECTION('',(0.,0.,1.));
#104 = DIRECTION('',(1.,0.,-0.));
#105 = DEFINITIONAL_REPRESENTATION('',(#106),#110);
#106 = LINE('',#107,#108);
#107 = CARTESIAN_POINT('',(0.,0.));
#108 = VECTOR('',#109,1.);
#109 = DIRECTION('',(0.,1.));
#110 = ( GEOMETRIC_REPRESENTATION_CONTEXT(2) 
PARAMETRIC_REPRESENTATION_CONTEXT() REPRESENTATION_CONTEXT('2D SPACE',''
  ) );
#111 = ORIENTED_EDGE('',*,*,#112,.T.);
#112 = EDGE_CURVE('',#85,#113,#115,.T.);
#113 = VERTEX_POINT('',#114);
#114 = CARTESIAN_POINT('',(-59.2,40.8,30.6));
#115 = SURFACE_CURVE('',#116,(#120,#127),.PCURVE_S1.);
#116 = LINE('',#117,#118);
#117 = CARTESIAN_POINT('',(-59.2,40.8,22.));
#118 = VECTOR('',#119,1.);
#119 = DIRECTION('',(0.,0.,1.));
#120 = PCURVE('',#32,#121);
#121 = DEFINITIONAL_REPRESENTATION('',(#122),#126);
#122 = LINE('',#123,#124);
#123 = CARTESIAN_POINT('',(0.,-85.6));
#124 = VECTOR('',#125,1.);
#125 = DIRECTION('',(1.,0.));
#126 = ( GEOMETRIC_REPRESENTATION_CONTEXT(2) 
PARAMETRIC_REPRESENTATION_CONTEXT() REPRESENTATION_CONTEXT('2D SPACE',''
  ) );
#127 = PCURVE('',#128,#133);
#128 = CYLINDRICAL_SURFACE('',#129,4.);
#129 = AXIS2_PLACEMENT_3D('',#130,#131,#132);
#130 = CARTESIAN_POINT('',(-55.2,40.8,22.));
#131 = DIRECTION('',(0.,0.,1.));
#132 = DIRECTION('',(-1.,-0.,0.));
#133 = DEFINITIONAL_REPRESENTATION('',(#134),#138);
#134 = LINE('',#135,#136);
#135 = CARTESIAN_POINT('',(-0.,0.));
#136 = VECTOR('',#137,1.);
#137 = DIRECTION('',(-0.,1.));
#138 = ( GEOMETRIC_REPRESENTATION_CONTEXT(2) 
PARAMETRIC_REPRESENTATION_CONTEXT() REPRESENTATION_CONTEXT('2D SPACE',''
  ) );
#139 = ORIENTED_EDGE('',*,*,#140,.F.);
#140 = EDGE_CURVE('',#141,#113,#143,.T.);
#141 = VERTEX_POINT('',#142);
#142 = CARTESIAN_POINT('',(-59.2,12.18831137271,30.6));
#143 = SURFACE_CURVE('',#144,(#148,#155),.PCURVE_S1.);
#144 = LINE('',#145,#146);
#145 = CARTESIAN_POINT('',(-59.2,-44.8,30.6));
#146 = VECTOR('',#147,1.);
#147 = DIRECTION('',(-0.,1.,0.));
#148 = PCURVE('',#32,#149);
#149 = DEFINITIONAL_REPRESENTATION('',(#150),#154);
#150 = LINE('',#151,#152);
#151 = CARTESIAN_POINT('',(8.6,0.));
#152 = VECTOR('',#153,1.);
#153 = DIRECTION('',(0.,-1.));
#154 = ( GEOMETRIC_REPRESENTATION_CONTEXT(2) 
PARAMETRIC_REPRESENTATION_CONTEXT() REPRESENTATION_CONTEXT('2D SPACE',''
  ) );
#155 = PCURVE('',#156,#161);
#156 = PLANE('',#157);
#157 = AXIS2_PLACEMENT_3D('',#158,#159,#160);
#158 = CARTESIAN_POINT('',(-59.2,-44.8,30.6));
#159 = DIRECTION('',(0.,0.,1.));
#160 = DIRECTION('',(1.,0.,-0.));
#161 = DEFINITIONAL_REPRESENTATION('',(#162),#166);
#162 = LINE('',#163,#164);
#163 = CARTESIAN_POINT('',(0.,0.));
#164 = VECTOR('',#165,1.);
#165 = DIRECTION('',(0.,1.));
#166 = ( GEOMETRIC_REPRESENTATION_CONTEXT(2) 
PARAMETRIC_REPRESENTATION_CONTEXT() REPRESENTATION_CONTEXT('2D SPACE',''
  ) );
#167 = ORIENTED_EDGE('',*,*,#168,.F.);
#168 = EDGE_CURVE('',#169,#141,#171,.T.);
#169 = VERTEX_POINT('',#170);
#170 = CARTESIAN_POINT('',(-59.2,12.18831137271,23.6));
#171 = SURFACE_CURVE('',#172,(#176,#182),.PCURVE_S1.);
#172 = LINE('',#173,#174);
#173 = CARTESIAN_POINT('',(-59.2,12.18831137271,23.6));
#174 = VECTOR('',#175,1.);
#175 = DIRECTION('',(0.,0.,1.));
#176 = PCURVE('',#32,#177);
#177 = DEFINITIONAL_REPRESENTATION('',(#178),#181);
#178 = B_SPLINE_CURVE_WITH_KNOTS('',1,(#179,#180),.UNSPECIFIED.,.F.,.F.,
  (2,2),(-5.999999999062E-07,7.86),.PIECEWISE_BEZIER_KNOTS.);
#179 = CARTESIAN_POINT('',(1.5999994,-56.98831137271));
#180 = CARTESIAN_POINT('',(9.46,-56.98831137271));
#181 = ( GEOMETRIC_REPRESENTATION_CONTEXT(2) 
PARAMETRIC_REPRESENTATION_CONTEXT() REPRESENTATION_CONTEXT('2D SPACE',''
  ) );
#182 = PCURVE('',#183,#188);
#183 = CYLINDRICAL_SURFACE('',#184,11.);
#184 = AXIS2_PLACEMENT_3D('',#185,#186,#187);
#185 = CARTESIAN_POINT('',(-56.6,1.5,23.6));
#186 = DIRECTION('',(0.,0.,1.));
#187 = DIRECTION('',(1.,0.,-0.));
#188 = DEFINITIONAL_REPRESENTATION('',(#189),#192);
#189 = B_SPLINE_CURVE_WITH_KNOTS('',1,(#190,#191),.UNSPECIFIED.,.F.,.F.,
  (2,2),(-5.999999999062E-07,7.86),.PIECEWISE_BEZIER_KNOTS.);
#190 = CARTESIAN_POINT('',(1.809418058109,-5.999999999062E-07));
#191 = CARTESIAN_POINT('',(1.809418058109,7.86));
#192 = ( GEOMETRIC_REPRESENTATION_CONTEXT(2) 
PARAMETRIC_REPRESENTATION_CONTEXT() REPRESENTATION_CONTEXT('2D SPACE',''
  ) );
#193 = ORIENTED_EDGE('',*,*,#194,.T.);
#194 = EDGE_CURVE('',#169,#195,#197,.T.);
#195 = VERTEX_POINT('',#196);
#196 = CARTESIAN_POINT('',(-59.2,-9.18831137271,23.6));
#197 = SURFACE_CURVE('',#198,(#202,#208),.PCURVE_S1.);
#198 = LINE('',#199,#200);
#199 = CARTESIAN_POINT('',(-59.2,-21.65,23.6));
#200 = VECTOR('',#201,1.);
#201 = DIRECTION('',(0.,-1.,0.));
#202 = PCURVE('',#32,#203);
#203 = DEFINITIONAL_REPRESENTATION('',(#204),#207);
#204 = B_SPLINE_CURVE_WITH_KNOTS('',1,(#205,#206),.UNSPECIFIED.,.F.,.F.,
  (2,2),(-34.15,-12.15),.PIECEWISE_BEZIER_KNOTS.);
#205 = CARTESIAN_POINT('',(1.6,-57.3));
#206 = CARTESIAN_POINT('',(1.6,-35.3));
#207 = ( GEOMETRIC_REPRESENTATION_CONTEXT(2) 
PARAMETRIC_REPRESENTATION_CONTEXT() REPRESENTATION_CONTEXT('2D SPACE',''
  ) );
#208 = PCURVE('',#209,#214);
#209 = PLANE('',#210);
#210 = AXIS2_PLACEMENT_3D('',#211,#212,#213);
#211 = CARTESIAN_POINT('',(-56.6,1.5,23.6));
#212 = DIRECTION('',(0.,0.,1.));
#213 = DIRECTION('',(1.,0.,-0.));
#214 = DEFINITIONAL_REPRESENTATION('',(#215),#219);
#215 = LINE('',#216,#217);
#216 = CARTESIAN_POINT('',(-2.6,-23.15));
#217 = VECTOR('',#218,1.);
#218 = DIRECTION('',(0.,-1.));
#219 = ( GEOMETRIC_REPRESENTATION_CONTEXT(2) 
PARAMETRIC_REPRESENTATION_CONTEXT() REPRESENTATION_CONTEXT('2D SPACE',''
  ) );
#220 = ORIENTED_EDGE('',*,*,#221,.T.);
#221 = EDGE_CURVE('',#195,#24,#222,.T.);
#222 = SURFACE_CURVE('',#223,(#227,#233),.PCURVE_S1.);
#223 = LINE('',#224,#225);
#224 = CARTESIAN_POINT('',(-59.2,-9.18831137271,23.6));
#225 = VECTOR('',#226,1.);
#226 = DIRECTION('',(0.,0.,1.));
#227 = PCURVE('',#32,#228);
#228 = DEFINITIONAL_REPRESENTATION('',(#229),#232);
#229 = B_SPLINE_CURVE_WITH_KNOTS('',1,(#230,#231),.UNSPECIFIED.,.F.,.F.,
  (2,2),(-5.999999999062E-07,7.86),.PIECEWISE_BEZIER_KNOTS.);
#230 = CARTESIAN_POINT('',(1.5999994,-35.61168862729));
#231 = CARTESIAN_POINT('',(9.46,-35.61168862729));
#232 = ( GEOMETRIC_REPRESENTATION_CONTEXT(2) 
PARAMETRIC_REPRESENTATION_CONTEXT() REPRESENTATION_CONTEXT('2D SPACE',''
  ) );
#233 = PCURVE('',#234,#239);
#234 = CYLINDRICAL_SURFACE('',#235,11.);
#235 = AXIS2_PLACEMENT_3D('',#236,#237,#238);
#236 = CARTESIAN_POINT('',(-56.6,1.5,23.6));
#237 = DIRECTION('',(0.,0.,1.));
#238 = DIRECTION('',(1.,0.,-0.));
#239 = DEFINITIONAL_REPRESENTATION('',(#240),#243);
#240 = B_SPLINE_CURVE_WITH_KNOTS('',1,(#241,#242),.UNSPECIFIED.,.F.,.F.,
  (2,2),(-5.999999999062E-07,7.86),.PIECEWISE_BEZIER_KNOTS.);
#241 = CARTESIAN_POINT('',(4.473767249071,-5.999999999062E-07));
#242 = CARTESIAN_POINT('',(4.473767249071,7.86));
#243 = ( GEOMETRIC_REPRESENTATION_CONTEXT(2) 
PARAMETRIC_REPRESENTATION_CONTEXT() REPRESENTATION_CONTEXT('2D SPACE',''
  ) );
#244 = ADVANCED_FACE('',(#245,#548,#579),#44,.T.);
#245 = FACE_BOUND('',#246,.T.);
#246 = EDGE_LOOP('',(#247,#248,#272,#300,#333,#361,#390,#416,#445,#471,
    #500,#526));
#247 = ORIENTED_EDGE('',*,*,#21,.F.);
#248 = ORIENTED_EDGE('',*,*,#249,.T.);
#249 = EDGE_CURVE('',#22,#250,#252,.T.);
#250 = VERTEX_POINT('',#251);
#251 = CARTESIAN_POINT('',(-55.2,-44.8,30.6));
#252 = SURFACE_CURVE('',#253,(#258,#265),.PCURVE_S1.);
#253 = CIRCLE('',#254,4.);
#254 = AXIS2_PLACEMENT_3D('',#255,#256,#257);
#255 = CARTESIAN_POINT('',(-55.2,-40.8,30.6));
#256 = DIRECTION('',(0.,0.,1.));
#257 = DIRECTION('',(0.,-1.,0.));
#258 = PCURVE('',#44,#259);
#259 = DEFINITIONAL_REPRESENTATION('',(#260),#264);
#260 = CIRCLE('',#261,4.);
#261 = AXIS2_PLACEMENT_2D('',#262,#263);
#262 = CARTESIAN_POINT('',(4.,4.));
#263 = DIRECTION('',(0.,-1.));
#264 = ( GEOMETRIC_REPRESENTATION_CONTEXT(2) 
PARAMETRIC_REPRESENTATION_CONTEXT() REPRESENTATION_CONTEXT('2D SPACE',''
  ) );
#265 = PCURVE('',#72,#266);
#266 = DEFINITIONAL_REPRESENTATION('',(#267),#271);
#267 = LINE('',#268,#269);
#268 = CARTESIAN_POINT('',(-4.712388980385,8.6));
#269 = VECTOR('',#270,1.);
#270 = DIRECTION('',(1.,0.));
#271 = ( GEOMETRIC_REPRESENTATION_CONTEXT(2) 
PARAMETRIC_REPRESENTATION_CONTEXT() REPRESENTATION_CONTEXT('2D SPACE',''
  ) );
#272 = ORIENTED_EDGE('',*,*,#273,.T.);
#273 = EDGE_CURVE('',#250,#274,#276,.T.);
#274 = VERTEX_POINT('',#275);
#275 = CARTESIAN_POINT('',(55.2,-44.8,30.6));
#276 = SURFACE_CURVE('',#277,(#281,#288),.PCURVE_S1.);
#277 = LINE('',#278,#279);
#278 = CARTESIAN_POINT('',(-59.2,-44.8,30.6));
#279 = VECTOR('',#280,1.);
#280 = DIRECTION('',(1.,0.,-0.));
#281 = PCURVE('',#44,#282);
#282 = DEFINITIONAL_REPRESENTATION('',(#283),#287);
#283 = LINE('',#284,#285);
#284 = CARTESIAN_POINT('',(0.,0.));
#285 = VECTOR('',#286,1.);
#286 = DIRECTION('',(1.,0.));
#287 = ( GEOMETRIC_REPRESENTATION_CONTEXT(2) 
PARAMETRIC_REPRESENTATION_CONTEXT() REPRESENTATION_CONTEXT('2D SPACE',''
  ) );
#288 = PCURVE('',#289,#294);
#289 = PLANE('',#290);
#290 = AXIS2_PLACEMENT_3D('',#291,#292,#293);
#291 = CARTESIAN_POINT('',(-59.2,-44.8,22.));
#292 = DIRECTION('',(-0.,1.,0.));
#293 = DIRECTION('',(0.,0.,1.));
#294 = DEFINITIONAL_REPRESENTATION('',(#295),#299);
#295 = LINE('',#296,#297);
#296 = CARTESIAN_POINT('',(8.6,0.));
#297 = VECTOR('',#298,1.);
#298 = DIRECTION('',(0.,1.));
#299 = ( GEOMETRIC_REPRESENTATION_CONTEXT(2) 
PARAMETRIC_REPRESENTATION_CONTEXT() REPRESENTATION_CONTEXT('2D SPACE',''
  ) );
#300 = ORIENTED_EDGE('',*,*,#301,.F.);
#301 = EDGE_CURVE('',#302,#274,#304,.T.);
#302 = VERTEX_POINT('',#303);
#303 = CARTESIAN_POINT('',(59.2,-40.8,30.6));
#304 = SURFACE_CURVE('',#305,(#310,#321),.PCURVE_S1.);
#305 = CIRCLE('',#306,4.);
#306 = AXIS2_PLACEMENT_3D('',#307,#308,#309);
#307 = CARTESIAN_POINT('',(55.2,-40.8,30.6));
#308 = DIRECTION('',(-0.,-0.,-1.));
#309 = DIRECTION('',(0.,-1.,0.));
#310 = PCURVE('',#44,#311);
#311 = DEFINITIONAL_REPRESENTATION('',(#312),#320);
#312 = ( BOUNDED_CURVE() B_SPLINE_CURVE(2,(#313,#314,#315,#316,#317,#318
,#319),.UNSPECIFIED.,.T.,.F.) B_SPLINE_CURVE_WITH_KNOTS((1,2,2,2,2,1),(
    -2.094395102393,0.,2.094395102393,4.188790204786,6.28318530718,
8.377580409573),.UNSPECIFIED.) CURVE() GEOMETRIC_REPRESENTATION_ITEM() 
RATIONAL_B_SPLINE_CURVE((1.,0.5,1.,0.5,1.,0.5,1.)) REPRESENTATION_ITEM(
  '') );
#313 = CARTESIAN_POINT('',(114.4,0.));
#314 = CARTESIAN_POINT('',(107.47179676972,0.));
#315 = CARTESIAN_POINT('',(110.93589838486,6.));
#316 = CARTESIAN_POINT('',(114.4,12.));
#317 = CARTESIAN_POINT('',(117.86410161513,6.));
#318 = CARTESIAN_POINT('',(121.32820323027,6.217248937901E-15));
#319 = CARTESIAN_POINT('',(114.4,0.));
#320 = ( GEOMETRIC_REPRESENTATION_CONTEXT(2) 
PARAMETRIC_REPRESENTATION_CONTEXT() REPRESENTATION_CONTEXT('2D SPACE',''
  ) );
#321 = PCURVE('',#322,#327);
#322 = CYLINDRICAL_SURFACE('',#323,4.);
#323 = AXIS2_PLACEMENT_3D('',#324,#325,#326);
#324 = CARTESIAN_POINT('',(55.2,-40.8,22.));
#325 = DIRECTION('',(0.,0.,1.));
#326 = DIRECTION('',(1.,0.,-0.));
#327 = DEFINITIONAL_REPRESENTATION('',(#328),#332);
#328 = LINE('',#329,#330);
#329 = CARTESIAN_POINT('',(4.712388980385,8.6));
#330 = VECTOR('',#331,1.);
#331 = DIRECTION('',(-1.,0.));
#332 = ( GEOMETRIC_REPRESENTATION_CONTEXT(2) 
PARAMETRIC_REPRESENTATION_CONTEXT() REPRESENTATION_CONTEXT('2D SPACE',''
  ) );
#333 = ORIENTED_EDGE('',*,*,#334,.T.);
#334 = EDGE_CURVE('',#302,#335,#337,.T.);
#335 = VERTEX_POINT('',#336);
#336 = CARTESIAN_POINT('',(59.2,-9.18831137271,30.6));
#337 = SURFACE_CURVE('',#338,(#342,#349),.PCURVE_S1.);
#338 = LINE('',#339,#340);
#339 = CARTESIAN_POINT('',(59.2,-44.8,30.6));
#340 = VECTOR('',#341,1.);
#341 = DIRECTION('',(-0.,1.,0.));
#342 = PCURVE('',#44,#343);
#343 = DEFINITIONAL_REPRESENTATION('',(#344),#348);
#344 = LINE('',#345,#346);
#345 = CARTESIAN_POINT('',(118.4,0.));
#346 = VECTOR('',#347,1.);
#347 = DIRECTION('',(0.,1.));
#348 = ( GEOMETRIC_REPRESENTATION_CONTEXT(2) 
PARAMETRIC_REPRESENTATION_CONTEXT() REPRESENTATION_CONTEXT('2D SPACE',''
  ) );
#349 = PCURVE('',#350,#355);
#350 = PLANE('',#351);
#351 = AXIS2_PLACEMENT_3D('',#352,#353,#354);
#352 = CARTESIAN_POINT('',(59.2,-44.8,22.));
#353 = DIRECTION('',(1.,0.,-0.));
#354 = DIRECTION('',(0.,0.,1.));
#355 = DEFINITIONAL_REPRESENTATION('',(#356),#360);
#356 = LINE('',#357,#358);
#357 = CARTESIAN_POINT('',(8.6,0.));
#358 = VECTOR('',#359,1.);
#359 = DIRECTION('',(0.,-1.));
#360 = ( GEOMETRIC_REPRESENTATION_CONTEXT(2) 
PARAMETRIC_REPRESENTATION_CONTEXT() REPRESENTATION_CONTEXT('2D SPACE',''
  ) );
#361 = ORIENTED_EDGE('',*,*,#362,.F.);
#362 = EDGE_CURVE('',#363,#335,#365,.T.);
#363 = VERTEX_POINT('',#364);
#364 = CARTESIAN_POINT('',(50.6,-7.719544457293,30.6));
#365 = SURFACE_CURVE('',#366,(#371,#378),.PCURVE_S1.);
#366 = CIRCLE('',#367,11.);
#367 = AXIS2_PLACEMENT_3D('',#368,#369,#370);
#368 = CARTESIAN_POINT('',(56.6,1.5,30.6));
#369 = DIRECTION('',(0.,0.,1.));
#370 = DIRECTION('',(1.,0.,-0.));
#371 = PCURVE('',#44,#372);
#372 = DEFINITIONAL_REPRESENTATION('',(#373),#377);
#373 = CIRCLE('',#374,11.);
#374 = AXIS2_PLACEMENT_2D('',#375,#376);
#375 = CARTESIAN_POINT('',(115.8,46.3));
#376 = DIRECTION('',(1.,0.));
#377 = ( GEOMETRIC_REPRESENTATION_CONTEXT(2) 
PARAMETRIC_REPRESENTATION_CONTEXT() REPRESENTATION_CONTEXT('2D SPACE',''
  ) );
#378 = PCURVE('',#379,#384);
#379 = CYLINDRICAL_SURFACE('',#380,11.);
#380 = AXIS2_PLACEMENT_3D('',#381,#382,#383);
#381 = CARTESIAN_POINT('',(56.6,1.5,23.6));
#382 = DIRECTION('',(0.,0.,1.));
#383 = DIRECTION('',(1.,0.,-0.));
#384 = DEFINITIONAL_REPRESENTATION('',(#385),#389);
#385 = LINE('',#386,#387);
#386 = CARTESIAN_POINT('',(0.,7.));
#387 = VECTOR('',#388,1.);
#388 = DIRECTION('',(1.,0.));
#389 = ( GEOMETRIC_REPRESENTATION_CONTEXT(2) 
PARAMETRIC_REPRESENTATION_CONTEXT() REPRESENTATION_CONTEXT('2D SPACE',''
  ) );
#390 = ORIENTED_EDGE('',*,*,#391,.F.);
#391 = EDGE_CURVE('',#392,#363,#394,.T.);
#392 = VERTEX_POINT('',#393);
#393 = CARTESIAN_POINT('',(50.6,-28.4,30.6));
#394 = SURFACE_CURVE('',#395,(#399,#405),.PCURVE_S1.);
#395 = LINE('',#396,#397);
#396 = CARTESIAN_POINT('',(50.6,-37.8,30.6));
#397 = VECTOR('',#398,1.);
#398 = DIRECTION('',(-0.,1.,0.));
#399 = PCURVE('',#44,#400);
#400 = DEFINITIONAL_REPRESENTATION('',(#401),#404);
#401 = B_SPLINE_CURVE_WITH_KNOTS('',1,(#402,#403),.UNSPECIFIED.,.F.,.F.,
  (2,2),(9.4,69.2),.PIECEWISE_BEZIER_KNOTS.);
#402 = CARTESIAN_POINT('',(109.8,16.4));
#403 = CARTESIAN_POINT('',(109.8,76.2));
#404 = ( GEOMETRIC_REPRESENTATION_CONTEXT(2) 
PARAMETRIC_REPRESENTATION_CONTEXT() REPRESENTATION_CONTEXT('2D SPACE',''
  ) );
#405 = PCURVE('',#406,#411);
#406 = PLANE('',#407);
#407 = AXIS2_PLACEMENT_3D('',#408,#409,#410);
#408 = CARTESIAN_POINT('',(50.6,-30.8,23.6));
#409 = DIRECTION('',(1.,0.,-0.));
#410 = DIRECTION('',(0.,0.,1.));
#411 = DEFINITIONAL_REPRESENTATION('',(#412),#415);
#412 = B_SPLINE_CURVE_WITH_KNOTS('',1,(#413,#414),.UNSPECIFIED.,.F.,.F.,
  (2,2),(9.4,69.2),.PIECEWISE_BEZIER_KNOTS.);
#413 = CARTESIAN_POINT('',(7.,-2.4));
#414 = CARTESIAN_POINT('',(7.,-62.2));
#415 = ( GEOMETRIC_REPRESENTATION_CONTEXT(2) 
PARAMETRIC_REPRESENTATION_CONTEXT() REPRESENTATION_CONTEXT('2D SPACE',''
  ) );
#416 = ORIENTED_EDGE('',*,*,#417,.F.);
#417 = EDGE_CURVE('',#418,#392,#420,.T.);
#418 = VERTEX_POINT('',#419);
#419 = CARTESIAN_POINT('',(48.2,-30.8,30.6));
#420 = SURFACE_CURVE('',#421,(#426,#433),.PCURVE_S1.);
#421 = CIRCLE('',#422,2.4);
#422 = AXIS2_PLACEMENT_3D('',#423,#424,#425);
#423 = CARTESIAN_POINT('',(48.2,-28.4,30.6));
#424 = DIRECTION('',(0.,0.,1.));
#425 = DIRECTION('',(1.,0.,-0.));
#426 = PCURVE('',#44,#427);
#427 = DEFINITIONAL_REPRESENTATION('',(#428),#432);
#428 = CIRCLE('',#429,2.4);
#429 = AXIS2_PLACEMENT_2D('',#430,#431);
#430 = CARTESIAN_POINT('',(107.4,16.4));
#431 = DIRECTION('',(1.,0.));
#432 = ( GEOMETRIC_REPRESENTATION_CONTEXT(2) 
PARAMETRIC_REPRESENTATION_CONTEXT() REPRESENTATION_CONTEXT('2D SPACE',''
  ) );
#433 = PCURVE('',#434,#439);
#434 = CYLINDRICAL_SURFACE('',#435,2.4);
#435 = AXIS2_PLACEMENT_3D('',#436,#437,#438);
#436 = CARTESIAN_POINT('',(48.2,-28.4,23.6));
#437 = DIRECTION('',(0.,0.,1.));
#438 = DIRECTION('',(1.,0.,-0.));
#439 = DEFINITIONAL_REPRESENTATION('',(#440),#444);
#440 = LINE('',#441,#442);
#441 = CARTESIAN_POINT('',(-6.28318530718,7.));
#442 = VECTOR('',#443,1.);
#443 = DIRECTION('',(1.,-0.));
#444 = ( GEOMETRIC_REPRESENTATION_CONTEXT(2) 
PARAMETRIC_REPRESENTATION_CONTEXT() REPRESENTATION_CONTEXT('2D SPACE',''
  ) );
#445 = ORIENTED_EDGE('',*,*,#446,.T.);
#446 = EDGE_CURVE('',#418,#447,#449,.T.);
#447 = VERTEX_POINT('',#448);
#448 = CARTESIAN_POINT('',(-48.2,-30.8,30.6));
#449 = SURFACE_CURVE('',#450,(#454,#460),.PCURVE_S1.);
#450 = LINE('',#451,#452);
#451 = CARTESIAN_POINT('',(-54.9,-30.8,30.6));
#452 = VECTOR('',#453,1.);
#453 = DIRECTION('',(-1.,-0.,0.));
#454 = PCURVE('',#44,#455);
#455 = DEFINITIONAL_REPRESENTATION('',(#456),#459);
#456 = B_SPLINE_CURVE_WITH_KNOTS('',1,(#457,#458),.UNSPECIFIED.,.F.,.F.,
  (2,2),(-103.1,-6.7),.PIECEWISE_BEZIER_KNOTS.);
#457 = CARTESIAN_POINT('',(107.4,14.));
#458 = CARTESIAN_POINT('',(11.,14.));
#459 = ( GEOMETRIC_REPRESENTATION_CONTEXT(2) 
PARAMETRIC_REPRESENTATION_CONTEXT() REPRESENTATION_CONTEXT('2D SPACE',''
  ) );
#460 = PCURVE('',#461,#466);
#461 = PLANE('',#462);
#462 = AXIS2_PLACEMENT_3D('',#463,#464,#465);
#463 = CARTESIAN_POINT('',(-50.6,-30.8,23.6));
#464 = DIRECTION('',(-0.,1.,0.));
#465 = DIRECTION('',(0.,0.,1.));
#466 = DEFINITIONAL_REPRESENTATION('',(#467),#470);
#467 = B_SPLINE_CURVE_WITH_KNOTS('',1,(#468,#469),.UNSPECIFIED.,.F.,.F.,
  (2,2),(-103.1,-6.7),.PIECEWISE_BEZIER_KNOTS.);
#468 = CARTESIAN_POINT('',(7.,98.8));
#469 = CARTESIAN_POINT('',(7.,2.4));
#470 = ( GEOMETRIC_REPRESENTATION_CONTEXT(2) 
PARAMETRIC_REPRESENTATION_CONTEXT() REPRESENTATION_CONTEXT('2D SPACE',''
  ) );
#471 = ORIENTED_EDGE('',*,*,#472,.F.);
#472 = EDGE_CURVE('',#473,#447,#475,.T.);
#473 = VERTEX_POINT('',#474);
#474 = CARTESIAN_POINT('',(-50.6,-28.4,30.6));
#475 = SURFACE_CURVE('',#476,(#481,#488),.PCURVE_S1.);
#476 = CIRCLE('',#477,2.4);
#477 = AXIS2_PLACEMENT_3D('',#478,#479,#480);
#478 = CARTESIAN_POINT('',(-48.2,-28.4,30.6));
#479 = DIRECTION('',(0.,0.,1.));
#480 = DIRECTION('',(-1.,-0.,0.));
#481 = PCURVE('',#44,#482);
#482 = DEFINITIONAL_REPRESENTATION('',(#483),#487);
#483 = CIRCLE('',#484,2.4);
#484 = AXIS2_PLACEMENT_2D('',#485,#486);
#485 = CARTESIAN_POINT('',(11.,16.4));
#486 = DIRECTION('',(-1.,0.));
#487 = ( GEOMETRIC_REPRESENTATION_CONTEXT(2) 
PARAMETRIC_REPRESENTATION_CONTEXT() REPRESENTATION_CONTEXT('2D SPACE',''
  ) );
#488 = PCURVE('',#489,#494);
#489 = CYLINDRICAL_SURFACE('',#490,2.4);
#490 = AXIS2_PLACEMENT_3D('',#491,#492,#493);
#491 = CARTESIAN_POINT('',(-48.2,-28.4,23.6));
#492 = DIRECTION('',(0.,0.,1.));
#493 = DIRECTION('',(-1.,-0.,0.));
#494 = DEFINITIONAL_REPRESENTATION('',(#495),#499);
#495 = LINE('',#496,#497);
#496 = CARTESIAN_POINT('',(0.,7.));
#497 = VECTOR('',#498,1.);
#498 = DIRECTION('',(1.,0.));
#499 = ( GEOMETRIC_REPRESENTATION_CONTEXT(2) 
PARAMETRIC_REPRESENTATION_CONTEXT() REPRESENTATION_CONTEXT('2D SPACE',''
  ) );
#500 = ORIENTED_EDGE('',*,*,#501,.T.);
#501 = EDGE_CURVE('',#473,#502,#504,.T.);
#502 = VERTEX_POINT('',#503);
#503 = CARTESIAN_POINT('',(-50.6,-7.719544457293,30.6));
#504 = SURFACE_CURVE('',#505,(#509,#515),.PCURVE_S1.);
#505 = LINE('',#506,#507);
#506 = CARTESIAN_POINT('',(-50.6,-37.8,30.6));
#507 = VECTOR('',#508,1.);
#508 = DIRECTION('',(-0.,1.,0.));
#509 = PCURVE('',#44,#510);
#510 = DEFINITIONAL_REPRESENTATION('',(#511),#514);
#511 = B_SPLINE_CURVE_WITH_KNOTS('',1,(#512,#513),.UNSPECIFIED.,.F.,.F.,
  (2,2),(9.4,69.2),.PIECEWISE_BEZIER_KNOTS.);
#512 = CARTESIAN_POINT('',(8.6,16.4));
#513 = CARTESIAN_POINT('',(8.6,76.2));
#514 = ( GEOMETRIC_REPRESENTATION_CONTEXT(2) 
PARAMETRIC_REPRESENTATION_CONTEXT() REPRESENTATION_CONTEXT('2D SPACE',''
  ) );
#515 = PCURVE('',#516,#521);
#516 = PLANE('',#517);
#517 = AXIS2_PLACEMENT_3D('',#518,#519,#520);
#518 = CARTESIAN_POINT('',(-50.6,-30.8,23.6));
#519 = DIRECTION('',(1.,0.,-0.));
#520 = DIRECTION('',(0.,0.,1.));
#521 = DEFINITIONAL_REPRESENTATION('',(#522),#525);
#522 = B_SPLINE_CURVE_WITH_KNOTS('',1,(#523,#524),.UNSPECIFIED.,.F.,.F.,
  (2,2),(9.4,69.2),.PIECEWISE_BEZIER_KNOTS.);
#523 = CARTESIAN_POINT('',(7.,-2.4));
#524 = CARTESIAN_POINT('',(7.,-62.2));
#525 = ( GEOMETRIC_REPRESENTATION_CONTEXT(2) 
PARAMETRIC_REPRESENTATION_CONTEXT() REPRESENTATION_CONTEXT('2D SPACE',''
  ) );
#526 = ORIENTED_EDGE('',*,*,#527,.F.);
#527 = EDGE_CURVE('',#24,#502,#528,.T.);
#528 = SURFACE_CURVE('',#529,(#534,#541),.PCURVE_S1.);
#529 = CIRCLE('',#530,11.);
#530 = AXIS2_PLACEMENT_3D('',#531,#532,#533);
#531 = CARTESIAN_POINT('',(-56.6,1.5,30.6));
#532 = DIRECTION('',(0.,0.,1.));
#533 = DIRECTION('',(1.,0.,-0.));
#534 = PCURVE('',#44,#535);
#535 = DEFINITIONAL_REPRESENTATION('',(#536),#540);
#536 = CIRCLE('',#537,11.);
#537 = AXIS2_PLACEMENT_2D('',#538,#539);
#538 = CARTESIAN_POINT('',(2.6,46.3));
#539 = DIRECTION('',(1.,0.));
#540 = ( GEOMETRIC_REPRESENTATION_CONTEXT(2) 
PARAMETRIC_REPRESENTATION_CONTEXT() REPRESENTATION_CONTEXT('2D SPACE',''
  ) );
#541 = PCURVE('',#234,#542);
#542 = DEFINITIONAL_REPRESENTATION('',(#543),#547);
#543 = LINE('',#544,#545);
#544 = CARTESIAN_POINT('',(0.,7.));
#545 = VECTOR('',#546,1.);
#546 = DIRECTION('',(1.,0.));
#547 = ( GEOMETRIC_REPRESENTATION_CONTEXT(2) 
PARAMETRIC_REPRESENTATION_CONTEXT() REPRESENTATION_CONTEXT('2D SPACE',''
  ) );
#548 = FACE_BOUND('',#549,.T.);
#549 = EDGE_LOOP('',(#550));
#550 = ORIENTED_EDGE('',*,*,#551,.F.);
#551 = EDGE_CURVE('',#552,#552,#554,.T.);
#552 = VERTEX_POINT('',#553);
#553 = CARTESIAN_POINT('',(-50.6,-39.3,30.6));
#554 = SURFACE_CURVE('',#555,(#560,#567),.PCURVE_S1.);
#555 = CIRCLE('',#556,3.1);
#556 = AXIS2_PLACEMENT_3D('',#557,#558,#559);
#557 = CARTESIAN_POINT('',(-53.7,-39.3,30.6));
#558 = DIRECTION('',(0.,0.,1.));
#559 = DIRECTION('',(1.,0.,-0.));
#560 = PCURVE('',#44,#561);
#561 = DEFINITIONAL_REPRESENTATION('',(#562),#566);
#562 = CIRCLE('',#563,3.1);
#563 = AXIS2_PLACEMENT_2D('',#564,#565);
#564 = CARTESIAN_POINT('',(5.5,5.5));
#565 = DIRECTION('',(1.,0.));
#566 = ( GEOMETRIC_REPRESENTATION_CONTEXT(2) 
PARAMETRIC_REPRESENTATION_CONTEXT() REPRESENTATION_CONTEXT('2D SPACE',''
  ) );
#567 = PCURVE('',#568,#573);
#568 = CYLINDRICAL_SURFACE('',#569,3.1);
#569 = AXIS2_PLACEMENT_3D('',#570,#571,#572);
#570 = CARTESIAN_POINT('',(-53.7,-39.3,28.1));
#571 = DIRECTION('',(0.,0.,1.));
#572 = DIRECTION('',(1.,0.,-0.));
#573 = DEFINITIONAL_REPRESENTATION('',(#574),#578);
#574 = LINE('',#575,#576);
#575 = CARTESIAN_POINT('',(0.,2.5));
#576 = VECTOR('',#577,1.);
#577 = DIRECTION('',(1.,0.));
#578 = ( GEOMETRIC_REPRESENTATION_CONTEXT(2) 
PARAMETRIC_REPRESENTATION_CONTEXT() REPRESENTATION_CONTEXT('2D SPACE',''
  ) );
#579 = FACE_BOUND('',#580,.T.);
#580 = EDGE_LOOP('',(#581));
#581 = ORIENTED_EDGE('',*,*,#582,.F.);
#582 = EDGE_CURVE('',#583,#583,#585,.T.);
#583 = VERTEX_POINT('',#584);
#584 = CARTESIAN_POINT('',(56.8,-39.3,30.6));
#585 = SURFACE_CURVE('',#586,(#591,#598),.PCURVE_S1.);
#586 = CIRCLE('',#587,3.1);
#587 = AXIS2_PLACEMENT_3D('',#588,#589,#590);
#588 = CARTESIAN_POINT('',(53.7,-39.3,30.6));
#589 = DIRECTION('',(0.,0.,1.));
#590 = DIRECTION('',(1.,0.,-0.));
#591 = PCURVE('',#44,#592);
#592 = DEFINITIONAL_REPRESENTATION('',(#593),#597);
#593 = CIRCLE('',#594,3.1);
#594 = AXIS2_PLACEMENT_2D('',#595,#596);
#595 = CARTESIAN_POINT('',(112.9,5.5));
#596 = DIRECTION('',(1.,0.));
#597 = ( GEOMETRIC_REPRESENTATION_CONTEXT(2) 
PARAMETRIC_REPRESENTATION_CONTEXT() REPRESENTATION_CONTEXT('2D SPACE',''
  ) );
#598 = PCURVE('',#599,#604);
#599 = CYLINDRICAL_SURFACE('',#600,3.1);
#600 = AXIS2_PLACEMENT_3D('',#601,#602,#603);
#601 = CARTESIAN_POINT('',(53.7,-39.3,28.1));
#602 = DIRECTION('',(0.,0.,1.));
#603 = DIRECTION('',(1.,0.,-0.));
#604 = DEFINITIONAL_REPRESENTATION('',(#605),#609);
#605 = LINE('',#606,#607);
#606 = CARTESIAN_POINT('',(0.,2.5));
#607 = VECTOR('',#608,1.);
#608 = DIRECTION('',(1.,0.));
#609 = ( GEOMETRIC_REPRESENTATION_CONTEXT(2) 
PARAMETRIC_REPRESENTATION_CONTEXT() REPRESENTATION_CONTEXT('2D SPACE',''
  ) );
#610 = ADVANCED_FACE('',(#611),#234,.F.);
#611 = FACE_BOUND('',#612,.F.);
#612 = EDGE_LOOP('',(#613,#637,#656,#657));
#613 = ORIENTED_EDGE('',*,*,#614,.T.);
#614 = EDGE_CURVE('',#195,#615,#617,.T.);
#615 = VERTEX_POINT('',#616);
#616 = CARTESIAN_POINT('',(-50.6,-7.719544457293,23.6));
#617 = SURFACE_CURVE('',#618,(#623,#630),.PCURVE_S1.);
#618 = CIRCLE('',#619,11.);
#619 = AXIS2_PLACEMENT_3D('',#620,#621,#622);
#620 = CARTESIAN_POINT('',(-56.6,1.5,23.6));
#621 = DIRECTION('',(0.,0.,1.));
#622 = DIRECTION('',(1.,0.,-0.));
#623 = PCURVE('',#234,#624);
#624 = DEFINITIONAL_REPRESENTATION('',(#625),#629);
#625 = LINE('',#626,#627);
#626 = CARTESIAN_POINT('',(0.,0.));
#627 = VECTOR('',#628,1.);
#628 = DIRECTION('',(1.,0.));
#629 = ( GEOMETRIC_REPRESENTATION_CONTEXT(2) 
PARAMETRIC_REPRESENTATION_CONTEXT() REPRESENTATION_CONTEXT('2D SPACE',''
  ) );
#630 = PCURVE('',#209,#631);
#631 = DEFINITIONAL_REPRESENTATION('',(#632),#636);
#632 = CIRCLE('',#633,11.);
#633 = AXIS2_PLACEMENT_2D('',#634,#635);
#634 = CARTESIAN_POINT('',(0.,0.));
#635 = DIRECTION('',(1.,0.));
#636 = ( GEOMETRIC_REPRESENTATION_CONTEXT(2) 
PARAMETRIC_REPRESENTATION_CONTEXT() REPRESENTATION_CONTEXT('2D SPACE',''
  ) );
#637 = ORIENTED_EDGE('',*,*,#638,.T.);
#638 = EDGE_CURVE('',#615,#502,#639,.T.);
#639 = SURFACE_CURVE('',#640,(#644,#650),.PCURVE_S1.);
#640 = LINE('',#641,#642);
#641 = CARTESIAN_POINT('',(-50.6,-7.719544457293,23.6));
#642 = VECTOR('',#643,1.);
#643 = DIRECTION('',(0.,0.,1.));
#644 = PCURVE('',#234,#645);
#645 = DEFINITIONAL_REPRESENTATION('',(#646),#649);
#646 = B_SPLINE_CURVE_WITH_KNOTS('',1,(#647,#648),.UNSPECIFIED.,.F.,.F.,
  (2,2),(-5.999999999062E-07,7.7),.PIECEWISE_BEZIER_KNOTS.);
#647 = CARTESIAN_POINT('',(5.289320325621,-5.999999999062E-07));
#648 = CARTESIAN_POINT('',(5.289320325621,7.7));
#649 = ( GEOMETRIC_REPRESENTATION_CONTEXT(2) 
PARAMETRIC_REPRESENTATION_CONTEXT() REPRESENTATION_CONTEXT('2D SPACE',''
  ) );
#650 = PCURVE('',#516,#651);
#651 = DEFINITIONAL_REPRESENTATION('',(#652),#655);
#652 = B_SPLINE_CURVE_WITH_KNOTS('',1,(#653,#654),.UNSPECIFIED.,.F.,.F.,
  (2,2),(-5.999999999062E-07,7.7),.PIECEWISE_BEZIER_KNOTS.);
#653 = CARTESIAN_POINT('',(-5.999999999062E-07,-23.0804555427));
#654 = CARTESIAN_POINT('',(7.7,-23.0804555427));
#655 = ( GEOMETRIC_REPRESENTATION_CONTEXT(2) 
PARAMETRIC_REPRESENTATION_CONTEXT() REPRESENTATION_CONTEXT('2D SPACE',''
  ) );
#656 = ORIENTED_EDGE('',*,*,#527,.F.);
#657 = ORIENTED_EDGE('',*,*,#221,.F.);
#658 = ADVANCED_FACE('',(#659),#209,.T.);
#659 = FACE_BOUND('',#660,.T.);
#660 = EDGE_LOOP('',(#661,#662,#663,#686,#710,#733,#761,#784,#808,#830,
    #859,#887,#916,#944,#977,#1005));
#661 = ORIENTED_EDGE('',*,*,#194,.T.);
#662 = ORIENTED_EDGE('',*,*,#614,.T.);
#663 = ORIENTED_EDGE('',*,*,#664,.F.);
#664 = EDGE_CURVE('',#665,#615,#667,.T.);
#665 = VERTEX_POINT('',#666);
#666 = CARTESIAN_POINT('',(-50.6,-28.4,23.6));
#667 = SURFACE_CURVE('',#668,(#672,#679),.PCURVE_S1.);
#668 = LINE('',#669,#670);
#669 = CARTESIAN_POINT('',(-50.6,-30.8,23.6));
#670 = VECTOR('',#671,1.);
#671 = DIRECTION('',(-0.,1.,0.));
#672 = PCURVE('',#209,#673);
#673 = DEFINITIONAL_REPRESENTATION('',(#674),#678);
#674 = LINE('',#675,#676);
#675 = CARTESIAN_POINT('',(6.,-32.3));
#676 = VECTOR('',#677,1.);
#677 = DIRECTION('',(0.,1.));
#678 = ( GEOMETRIC_REPRESENTATION_CONTEXT(2) 
PARAMETRIC_REPRESENTATION_CONTEXT() REPRESENTATION_CONTEXT('2D SPACE',''
  ) );
#679 = PCURVE('',#516,#680);
#680 = DEFINITIONAL_REPRESENTATION('',(#681),#685);
#681 = LINE('',#682,#683);
#682 = CARTESIAN_POINT('',(0.,0.));
#683 = VECTOR('',#684,1.);
#684 = DIRECTION('',(0.,-1.));
#685 = ( GEOMETRIC_REPRESENTATION_CONTEXT(2) 
PARAMETRIC_REPRESENTATION_CONTEXT() REPRESENTATION_CONTEXT('2D SPACE',''
  ) );
#686 = ORIENTED_EDGE('',*,*,#687,.T.);
#687 = EDGE_CURVE('',#665,#688,#690,.T.);
#688 = VERTEX_POINT('',#689);
#689 = CARTESIAN_POINT('',(-48.2,-30.8,23.6));
#690 = SURFACE_CURVE('',#691,(#696,#703),.PCURVE_S1.);
#691 = CIRCLE('',#692,2.4);
#692 = AXIS2_PLACEMENT_3D('',#693,#694,#695);
#693 = CARTESIAN_POINT('',(-48.2,-28.4,23.6));
#694 = DIRECTION('',(0.,0.,1.));
#695 = DIRECTION('',(0.,-1.,0.));
#696 = PCURVE('',#209,#697);
#697 = DEFINITIONAL_REPRESENTATION('',(#698),#702);
#698 = CIRCLE('',#699,2.4);
#699 = AXIS2_PLACEMENT_2D('',#700,#701);
#700 = CARTESIAN_POINT('',(8.4,-29.9));
#701 = DIRECTION('',(0.,-1.));
#702 = ( GEOMETRIC_REPRESENTATION_CONTEXT(2) 
PARAMETRIC_REPRESENTATION_CONTEXT() REPRESENTATION_CONTEXT('2D SPACE',''
  ) );
#703 = PCURVE('',#489,#704);
#704 = DEFINITIONAL_REPRESENTATION('',(#705),#709);
#705 = LINE('',#706,#707);
#706 = CARTESIAN_POINT('',(-4.712388980385,0.));
#707 = VECTOR('',#708,1.);
#708 = DIRECTION('',(1.,0.));
#709 = ( GEOMETRIC_REPRESENTATION_CONTEXT(2) 
PARAMETRIC_REPRESENTATION_CONTEXT() REPRESENTATION_CONTEXT('2D SPACE',''
  ) );
#710 = ORIENTED_EDGE('',*,*,#711,.T.);
#711 = EDGE_CURVE('',#688,#712,#714,.T.);
#712 = VERTEX_POINT('',#713);
#713 = CARTESIAN_POINT('',(48.2,-30.8,23.6));
#714 = SURFACE_CURVE('',#715,(#719,#726),.PCURVE_S1.);
#715 = LINE('',#716,#717);
#716 = CARTESIAN_POINT('',(-50.6,-30.8,23.6));
#717 = VECTOR('',#718,1.);
#718 = DIRECTION('',(1.,0.,-0.));
#719 = PCURVE('',#209,#720);
#720 = DEFINITIONAL_REPRESENTATION('',(#721),#725);
#721 = LINE('',#722,#723);
#722 = CARTESIAN_POINT('',(6.,-32.3));
#723 = VECTOR('',#724,1.);
#724 = DIRECTION('',(1.,0.));
#725 = ( GEOMETRIC_REPRESENTATION_CONTEXT(2) 
PARAMETRIC_REPRESENTATION_CONTEXT() REPRESENTATION_CONTEXT('2D SPACE',''
  ) );
#726 = PCURVE('',#461,#727);
#727 = DEFINITIONAL_REPRESENTATION('',(#728),#732);
#728 = LINE('',#729,#730);
#729 = CARTESIAN_POINT('',(0.,0.));
#730 = VECTOR('',#731,1.);
#731 = DIRECTION('',(0.,1.));
#732 = ( GEOMETRIC_REPRESENTATION_CONTEXT(2) 
PARAMETRIC_REPRESENTATION_CONTEXT() REPRESENTATION_CONTEXT('2D SPACE',''
  ) );
#733 = ORIENTED_EDGE('',*,*,#734,.F.);
#734 = EDGE_CURVE('',#735,#712,#737,.T.);
#735 = VERTEX_POINT('',#736);
#736 = CARTESIAN_POINT('',(50.6,-28.4,23.6));
#737 = SURFACE_CURVE('',#738,(#743,#754),.PCURVE_S1.);
#738 = CIRCLE('',#739,2.4);
#739 = AXIS2_PLACEMENT_3D('',#740,#741,#742);
#740 = CARTESIAN_POINT('',(48.2,-28.4,23.6));
#741 = DIRECTION('',(-0.,-0.,-1.));
#742 = DIRECTION('',(0.,-1.,0.));
#743 = PCURVE('',#209,#744);
#744 = DEFINITIONAL_REPRESENTATION('',(#745),#753);
#745 = ( BOUNDED_CURVE() B_SPLINE_CURVE(2,(#746,#747,#748,#749,#750,#751
,#752),.UNSPECIFIED.,.T.,.F.) B_SPLINE_CURVE_WITH_KNOTS((1,2,2,2,2,1),(
    -2.094395102393,0.,2.094395102393,4.188790204786,6.28318530718,
8.377580409573),.UNSPECIFIED.) CURVE() GEOMETRIC_REPRESENTATION_ITEM() 
RATIONAL_B_SPLINE_CURVE((1.,0.5,1.,0.5,1.,0.5,1.)) REPRESENTATION_ITEM(
  '') );
#746 = CARTESIAN_POINT('',(104.8,-32.3));
#747 = CARTESIAN_POINT('',(100.64307806183,-32.3));
#748 = CARTESIAN_POINT('',(102.72153903091,-28.7));
#749 = CARTESIAN_POINT('',(104.8,-25.1));
#750 = CARTESIAN_POINT('',(106.87846096908,-28.7));
#751 = CARTESIAN_POINT('',(108.95692193816,-32.3));
#752 = CARTESIAN_POINT('',(104.8,-32.3));
#753 = ( GEOMETRIC_REPRESENTATION_CONTEXT(2) 
PARAMETRIC_REPRESENTATION_CONTEXT() REPRESENTATION_CONTEXT('2D SPACE',''
  ) );
#754 = PCURVE('',#434,#755);
#755 = DEFINITIONAL_REPRESENTATION('',(#756),#760);
#756 = LINE('',#757,#758);
#757 = CARTESIAN_POINT('',(4.712388980385,-0.));
#758 = VECTOR('',#759,1.);
#759 = DIRECTION('',(-1.,0.));
#760 = ( GEOMETRIC_REPRESENTATION_CONTEXT(2) 
PARAMETRIC_REPRESENTATION_CONTEXT() REPRESENTATION_CONTEXT('2D SPACE',''
  ) );
#761 = ORIENTED_EDGE('',*,*,#762,.T.);
#762 = EDGE_CURVE('',#735,#763,#765,.T.);
#763 = VERTEX_POINT('',#764);
#764 = CARTESIAN_POINT('',(50.6,-7.719544457293,23.6));
#765 = SURFACE_CURVE('',#766,(#770,#777),.PCURVE_S1.);
#766 = LINE('',#767,#768);
#767 = CARTESIAN_POINT('',(50.6,-30.8,23.6));
#768 = VECTOR('',#769,1.);
#769 = DIRECTION('',(-0.,1.,0.));
#770 = PCURVE('',#209,#771);
#771 = DEFINITIONAL_REPRESENTATION('',(#772),#776);
#772 = LINE('',#773,#774);
#773 = CARTESIAN_POINT('',(107.2,-32.3));
#774 = VECTOR('',#775,1.);
#775 = DIRECTION('',(0.,1.));
#776 = ( GEOMETRIC_REPRESENTATION_CONTEXT(2) 
PARAMETRIC_REPRESENTATION_CONTEXT() REPRESENTATION_CONTEXT('2D SPACE',''
  ) );
#777 = PCURVE('',#406,#778);
#778 = DEFINITIONAL_REPRESENTATION('',(#779),#783);
#779 = LINE('',#780,#781);
#780 = CARTESIAN_POINT('',(0.,0.));
#781 = VECTOR('',#782,1.);
#782 = DIRECTION('',(0.,-1.));
#783 = ( GEOMETRIC_REPRESENTATION_CONTEXT(2) 
PARAMETRIC_REPRESENTATION_CONTEXT() REPRESENTATION_CONTEXT('2D SPACE',''
  ) );
#784 = ORIENTED_EDGE('',*,*,#785,.T.);
#785 = EDGE_CURVE('',#763,#786,#788,.T.);
#786 = VERTEX_POINT('',#787);
#787 = CARTESIAN_POINT('',(59.2,-9.18831137271,23.6));
#788 = SURFACE_CURVE('',#789,(#794,#801),.PCURVE_S1.);
#789 = CIRCLE('',#790,11.);
#790 = AXIS2_PLACEMENT_3D('',#791,#792,#793);
#791 = CARTESIAN_POINT('',(56.6,1.5,23.6));
#792 = DIRECTION('',(0.,0.,1.));
#793 = DIRECTION('',(1.,0.,-0.));
#794 = PCURVE('',#209,#795);
#795 = DEFINITIONAL_REPRESENTATION('',(#796),#800);
#796 = CIRCLE('',#797,11.);
#797 = AXIS2_PLACEMENT_2D('',#798,#799);
#798 = CARTESIAN_POINT('',(113.2,0.));
#799 = DIRECTION('',(1.,0.));
#800 = ( GEOMETRIC_REPRESENTATION_CONTEXT(2) 
PARAMETRIC_REPRESENTATION_CONTEXT() REPRESENTATION_CONTEXT('2D SPACE',''
  ) );
#801 = PCURVE('',#379,#802);
#802 = DEFINITIONAL_REPRESENTATION('',(#803),#807);
#803 = LINE('',#804,#805);
#804 = CARTESIAN_POINT('',(0.,0.));
#805 = VECTOR('',#806,1.);
#806 = DIRECTION('',(1.,0.));
#807 = ( GEOMETRIC_REPRESENTATION_CONTEXT(2) 
PARAMETRIC_REPRESENTATION_CONTEXT() REPRESENTATION_CONTEXT('2D SPACE',''
  ) );
#808 = ORIENTED_EDGE('',*,*,#809,.F.);
#809 = EDGE_CURVE('',#810,#786,#812,.T.);
#810 = VERTEX_POINT('',#811);
#811 = CARTESIAN_POINT('',(59.2,12.18831137271,23.6));
#812 = SURFACE_CURVE('',#813,(#817,#824),.PCURVE_S1.);
#813 = LINE('',#814,#815);
#814 = CARTESIAN_POINT('',(59.2,-21.65,23.6));
#815 = VECTOR('',#816,1.);
#816 = DIRECTION('',(0.,-1.,0.));
#817 = PCURVE('',#209,#818);
#818 = DEFINITIONAL_REPRESENTATION('',(#819),#823);
#819 = LINE('',#820,#821);
#820 = CARTESIAN_POINT('',(115.8,-23.15));
#821 = VECTOR('',#822,1.);
#822 = DIRECTION('',(0.,-1.));
#823 = ( GEOMETRIC_REPRESENTATION_CONTEXT(2) 
PARAMETRIC_REPRESENTATION_CONTEXT() REPRESENTATION_CONTEXT('2D SPACE',''
  ) );
#824 = PCURVE('',#350,#825);
#825 = DEFINITIONAL_REPRESENTATION('',(#826),#829);
#826 = B_SPLINE_CURVE_WITH_KNOTS('',1,(#827,#828),.UNSPECIFIED.,.F.,.F.,
  (2,2),(-34.15,-12.15),.PIECEWISE_BEZIER_KNOTS.);
#827 = CARTESIAN_POINT('',(1.6,-57.3));
#828 = CARTESIAN_POINT('',(1.6,-35.3));
#829 = ( GEOMETRIC_REPRESENTATION_CONTEXT(2) 
PARAMETRIC_REPRESENTATION_CONTEXT() REPRESENTATION_CONTEXT('2D SPACE',''
  ) );
#830 = ORIENTED_EDGE('',*,*,#831,.T.);
#831 = EDGE_CURVE('',#810,#832,#834,.T.);
#832 = VERTEX_POINT('',#833);
#833 = CARTESIAN_POINT('',(50.6,10.719544457293,23.6));
#834 = SURFACE_CURVE('',#835,(#840,#847),.PCURVE_S1.);
#835 = CIRCLE('',#836,11.);
#836 = AXIS2_PLACEMENT_3D('',#837,#838,#839);
#837 = CARTESIAN_POINT('',(56.6,1.5,23.6));
#838 = DIRECTION('',(0.,0.,1.));
#839 = DIRECTION('',(1.,0.,-0.));
#840 = PCURVE('',#209,#841);
#841 = DEFINITIONAL_REPRESENTATION('',(#842),#846);
#842 = CIRCLE('',#843,11.);
#843 = AXIS2_PLACEMENT_2D('',#844,#845);
#844 = CARTESIAN_POINT('',(113.2,0.));
#845 = DIRECTION('',(1.,0.));
#846 = ( GEOMETRIC_REPRESENTATION_CONTEXT(2) 
PARAMETRIC_REPRESENTATION_CONTEXT() REPRESENTATION_CONTEXT('2D SPACE',''
  ) );
#847 = PCURVE('',#848,#853);
#848 = CYLINDRICAL_SURFACE('',#849,11.);
#849 = AXIS2_PLACEMENT_3D('',#850,#851,#852);
#850 = CARTESIAN_POINT('',(56.6,1.5,23.6));
#851 = DIRECTION('',(0.,0.,1.));
#852 = DIRECTION('',(1.,0.,-0.));
#853 = DEFINITIONAL_REPRESENTATION('',(#854),#858);
#854 = LINE('',#855,#856);
#855 = CARTESIAN_POINT('',(0.,0.));
#856 = VECTOR('',#857,1.);
#857 = DIRECTION('',(1.,0.));
#858 = ( GEOMETRIC_REPRESENTATION_CONTEXT(2) 
PARAMETRIC_REPRESENTATION_CONTEXT() REPRESENTATION_CONTEXT('2D SPACE',''
  ) );
#859 = ORIENTED_EDGE('',*,*,#860,.T.);
#860 = EDGE_CURVE('',#832,#861,#863,.T.);
#861 = VERTEX_POINT('',#862);
#862 = CARTESIAN_POINT('',(50.6,31.4,23.6));
#863 = SURFACE_CURVE('',#864,(#868,#875),.PCURVE_S1.);
#864 = LINE('',#865,#866);
#865 = CARTESIAN_POINT('',(50.6,-30.8,23.6));
#866 = VECTOR('',#867,1.);
#867 = DIRECTION('',(-0.,1.,0.));
#868 = PCURVE('',#209,#869);
#869 = DEFINITIONAL_REPRESENTATION('',(#870),#874);
#870 = LINE('',#871,#872);
#871 = CARTESIAN_POINT('',(107.2,-32.3));
#872 = VECTOR('',#873,1.);
#873 = DIRECTION('',(0.,1.));
#874 = ( GEOMETRIC_REPRESENTATION_CONTEXT(2) 
PARAMETRIC_REPRESENTATION_CONTEXT() REPRESENTATION_CONTEXT('2D SPACE',''
  ) );
#875 = PCURVE('',#876,#881);
#876 = PLANE('',#877);
#877 = AXIS2_PLACEMENT_3D('',#878,#879,#880);
#878 = CARTESIAN_POINT('',(50.6,-30.8,23.6));
#879 = DIRECTION('',(1.,0.,-0.));
#880 = DIRECTION('',(0.,0.,1.));
#881 = DEFINITIONAL_REPRESENTATION('',(#882),#886);
#882 = LINE('',#883,#884);
#883 = CARTESIAN_POINT('',(0.,0.));
#884 = VECTOR('',#885,1.);
#885 = DIRECTION('',(0.,-1.));
#886 = ( GEOMETRIC_REPRESENTATION_CONTEXT(2) 
PARAMETRIC_REPRESENTATION_CONTEXT() REPRESENTATION_CONTEXT('2D SPACE',''
  ) );
#887 = ORIENTED_EDGE('',*,*,#888,.T.);
#888 = EDGE_CURVE('',#861,#889,#891,.T.);
#889 = VERTEX_POINT('',#890);
#890 = CARTESIAN_POINT('',(48.2,33.8,23.6));
#891 = SURFACE_CURVE('',#892,(#897,#904),.PCURVE_S1.);
#892 = CIRCLE('',#893,2.4);
#893 = AXIS2_PLACEMENT_3D('',#894,#895,#896);
#894 = CARTESIAN_POINT('',(48.2,31.4,23.6));
#895 = DIRECTION('',(0.,0.,1.));
#896 = DIRECTION('',(0.,-1.,0.));
#897 = PCURVE('',#209,#898);
#898 = DEFINITIONAL_REPRESENTATION('',(#899),#903);
#899 = CIRCLE('',#900,2.4);
#900 = AXIS2_PLACEMENT_2D('',#901,#902);
#901 = CARTESIAN_POINT('',(104.8,29.9));
#902 = DIRECTION('',(0.,-1.));
#903 = ( GEOMETRIC_REPRESENTATION_CONTEXT(2) 
PARAMETRIC_REPRESENTATION_CONTEXT() REPRESENTATION_CONTEXT('2D SPACE',''
  ) );
#904 = PCURVE('',#905,#910);
#905 = CYLINDRICAL_SURFACE('',#906,2.4);
#906 = AXIS2_PLACEMENT_3D('',#907,#908,#909);
#907 = CARTESIAN_POINT('',(48.2,31.4,23.6));
#908 = DIRECTION('',(0.,0.,1.));
#909 = DIRECTION('',(1.,0.,-0.));
#910 = DEFINITIONAL_REPRESENTATION('',(#911),#915);
#911 = LINE('',#912,#913);
#912 = CARTESIAN_POINT('',(-1.570796326795,0.));
#913 = VECTOR('',#914,1.);
#914 = DIRECTION('',(1.,0.));
#915 = ( GEOMETRIC_REPRESENTATION_CONTEXT(2) 
PARAMETRIC_REPRESENTATION_CONTEXT() REPRESENTATION_CONTEXT('2D SPACE',''
  ) );
#916 = ORIENTED_EDGE('',*,*,#917,.F.);
#917 = EDGE_CURVE('',#918,#889,#920,.T.);
#918 = VERTEX_POINT('',#919);
#919 = CARTESIAN_POINT('',(-48.2,33.8,23.6));
#920 = SURFACE_CURVE('',#921,(#925,#932),.PCURVE_S1.);
#921 = LINE('',#922,#923);
#922 = CARTESIAN_POINT('',(-50.6,33.8,23.6));
#923 = VECTOR('',#924,1.);
#924 = DIRECTION('',(1.,0.,-0.));
#925 = PCURVE('',#209,#926);
#926 = DEFINITIONAL_REPRESENTATION('',(#927),#931);
#927 = LINE('',#928,#929);
#928 = CARTESIAN_POINT('',(6.,32.3));
#929 = VECTOR('',#930,1.);
#930 = DIRECTION('',(1.,0.));
#931 = ( GEOMETRIC_REPRESENTATION_CONTEXT(2) 
PARAMETRIC_REPRESENTATION_CONTEXT() REPRESENTATION_CONTEXT('2D SPACE',''
  ) );
#932 = PCURVE('',#933,#938);
#933 = PLANE('',#934);
#934 = AXIS2_PLACEMENT_3D('',#935,#936,#937);
#935 = CARTESIAN_POINT('',(-50.6,33.8,23.6));
#936 = DIRECTION('',(-0.,1.,0.));
#937 = DIRECTION('',(0.,0.,1.));
#938 = DEFINITIONAL_REPRESENTATION('',(#939),#943);
#939 = LINE('',#940,#941);
#940 = CARTESIAN_POINT('',(0.,0.));
#941 = VECTOR('',#942,1.);
#942 = DIRECTION('',(0.,1.));
#943 = ( GEOMETRIC_REPRESENTATION_CONTEXT(2) 
PARAMETRIC_REPRESENTATION_CONTEXT() REPRESENTATION_CONTEXT('2D SPACE',''
  ) );
#944 = ORIENTED_EDGE('',*,*,#945,.F.);
#945 = EDGE_CURVE('',#946,#918,#948,.T.);
#946 = VERTEX_POINT('',#947);
#947 = CARTESIAN_POINT('',(-50.6,31.4,23.6));
#948 = SURFACE_CURVE('',#949,(#954,#965),.PCURVE_S1.);
#949 = CIRCLE('',#950,2.4);
#950 = AXIS2_PLACEMENT_3D('',#951,#952,#953);
#951 = CARTESIAN_POINT('',(-48.2,31.4,23.6));
#952 = DIRECTION('',(-0.,-0.,-1.));
#953 = DIRECTION('',(0.,-1.,0.));
#954 = PCURVE('',#209,#955);
#955 = DEFINITIONAL_REPRESENTATION('',(#956),#964);
#956 = ( BOUNDED_CURVE() B_SPLINE_CURVE(2,(#957,#958,#959,#960,#961,#962
,#963),.UNSPECIFIED.,.T.,.F.) B_SPLINE_CURVE_WITH_KNOTS((1,2,2,2,2,1),(
    -2.094395102393,0.,2.094395102393,4.188790204786,6.28318530718,
8.377580409573),.UNSPECIFIED.) CURVE() GEOMETRIC_REPRESENTATION_ITEM() 
RATIONAL_B_SPLINE_CURVE((1.,0.5,1.,0.5,1.,0.5,1.)) REPRESENTATION_ITEM(
  '') );
#957 = CARTESIAN_POINT('',(8.4,27.5));
#958 = CARTESIAN_POINT('',(4.243078061835,27.5));
#959 = CARTESIAN_POINT('',(6.321539030917,31.1));
#960 = CARTESIAN_POINT('',(8.4,34.7));
#961 = CARTESIAN_POINT('',(10.478460969083,31.1));
#962 = CARTESIAN_POINT('',(12.556921938165,27.5));
#963 = CARTESIAN_POINT('',(8.4,27.5));
#964 = ( GEOMETRIC_REPRESENTATION_CONTEXT(2) 
PARAMETRIC_REPRESENTATION_CONTEXT() REPRESENTATION_CONTEXT('2D SPACE',''
  ) );
#965 = PCURVE('',#966,#971);
#966 = CYLINDRICAL_SURFACE('',#967,2.4);
#967 = AXIS2_PLACEMENT_3D('',#968,#969,#970);
#968 = CARTESIAN_POINT('',(-48.2,31.4,23.6));
#969 = DIRECTION('',(0.,0.,1.));
#970 = DIRECTION('',(-1.,-0.,0.));
#971 = DEFINITIONAL_REPRESENTATION('',(#972),#976);
#972 = LINE('',#973,#974);
#973 = CARTESIAN_POINT('',(1.570796326795,-0.));
#974 = VECTOR('',#975,1.);
#975 = DIRECTION('',(-1.,0.));
#976 = ( GEOMETRIC_REPRESENTATION_CONTEXT(2) 
PARAMETRIC_REPRESENTATION_CONTEXT() REPRESENTATION_CONTEXT('2D SPACE',''
  ) );
#977 = ORIENTED_EDGE('',*,*,#978,.F.);
#978 = EDGE_CURVE('',#979,#946,#981,.T.);
#979 = VERTEX_POINT('',#980);
#980 = CARTESIAN_POINT('',(-50.6,10.719544457293,23.6));
#981 = SURFACE_CURVE('',#982,(#986,#993),.PCURVE_S1.);
#982 = LINE('',#983,#984);
#983 = CARTESIAN_POINT('',(-50.6,-30.8,23.6));
#984 = VECTOR('',#985,1.);
#985 = DIRECTION('',(-0.,1.,0.));
#986 = PCURVE('',#209,#987);
#987 = DEFINITIONAL_REPRESENTATION('',(#988),#992);
#988 = LINE('',#989,#990);
#989 = CARTESIAN_POINT('',(6.,-32.3));
#990 = VECTOR('',#991,1.);
#991 = DIRECTION('',(0.,1.));
#992 = ( GEOMETRIC_REPRESENTATION_CONTEXT(2) 
PARAMETRIC_REPRESENTATION_CONTEXT() REPRESENTATION_CONTEXT('2D SPACE',''
  ) );
#993 = PCURVE('',#994,#999);
#994 = PLANE('',#995);
#995 = AXIS2_PLACEMENT_3D('',#996,#997,#998);
#996 = CARTESIAN_POINT('',(-50.6,-30.8,23.6));
#997 = DIRECTION('',(1.,0.,-0.));
#998 = DIRECTION('',(0.,0.,1.));
#999 = DEFINITIONAL_REPRESENTATION('',(#1000),#1004);
#1000 = LINE('',#1001,#1002);
#1001 = CARTESIAN_POINT('',(0.,0.));
#1002 = VECTOR('',#1003,1.);
#1003 = DIRECTION('',(0.,-1.));
#1004 = ( GEOMETRIC_REPRESENTATION_CONTEXT(2) 
PARAMETRIC_REPRESENTATION_CONTEXT() REPRESENTATION_CONTEXT('2D SPACE',''
  ) );
#1005 = ORIENTED_EDGE('',*,*,#1006,.T.);
#1006 = EDGE_CURVE('',#979,#169,#1007,.T.);
#1007 = SURFACE_CURVE('',#1008,(#1013,#1020),.PCURVE_S1.);
#1008 = CIRCLE('',#1009,11.);
#1009 = AXIS2_PLACEMENT_3D('',#1010,#1011,#1012);
#1010 = CARTESIAN_POINT('',(-56.6,1.5,23.6));
#1011 = DIRECTION('',(0.,0.,1.));
#1012 = DIRECTION('',(1.,0.,-0.));
#1013 = PCURVE('',#209,#1014);
#1014 = DEFINITIONAL_REPRESENTATION('',(#1015),#1019);
#1015 = CIRCLE('',#1016,11.);
#1016 = AXIS2_PLACEMENT_2D('',#1017,#1018);
#1017 = CARTESIAN_POINT('',(0.,0.));
#1018 = DIRECTION('',(1.,0.));
#1019 = ( GEOMETRIC_REPRESENTATION_CONTEXT(2) 
PARAMETRIC_REPRESENTATION_CONTEXT() REPRESENTATION_CONTEXT('2D SPACE',''
  ) );
#1020 = PCURVE('',#183,#1021);
#1021 = DEFINITIONAL_REPRESENTATION('',(#1022),#1026);
#1022 = LINE('',#1023,#1024);
#1023 = CARTESIAN_POINT('',(0.,0.));
#1024 = VECTOR('',#1025,1.);
#1025 = DIRECTION('',(1.,0.));
#1026 = ( GEOMETRIC_REPRESENTATION_CONTEXT(2) 
PARAMETRIC_REPRESENTATION_CONTEXT() REPRESENTATION_CONTEXT('2D SPACE',''
  ) );
#1027 = ADVANCED_FACE('',(#1028),#183,.F.);
#1028 = FACE_BOUND('',#1029,.F.);
#1029 = EDGE_LOOP('',(#1030,#1051,#1052,#1053));
#1030 = ORIENTED_EDGE('',*,*,#1031,.F.);
#1031 = EDGE_CURVE('',#979,#1032,#1034,.T.);
#1032 = VERTEX_POINT('',#1033);
#1033 = CARTESIAN_POINT('',(-50.6,10.719544457293,30.6));
#1034 = SURFACE_CURVE('',#1035,(#1039,#1045),.PCURVE_S1.);
#1035 = LINE('',#1036,#1037);
#1036 = CARTESIAN_POINT('',(-50.6,10.719544457293,23.6));
#1037 = VECTOR('',#1038,1.);
#1038 = DIRECTION('',(0.,0.,1.));
#1039 = PCURVE('',#183,#1040);
#1040 = DEFINITIONAL_REPRESENTATION('',(#1041),#1044);
#1041 = B_SPLINE_CURVE_WITH_KNOTS('',1,(#1042,#1043),.UNSPECIFIED.,.F.,
  .F.,(2,2),(-5.999999999062E-07,7.7),.PIECEWISE_BEZIER_KNOTS.);
#1042 = CARTESIAN_POINT('',(0.993864981558,-5.999999999062E-07));
#1043 = CARTESIAN_POINT('',(0.993864981558,7.7));
#1044 = ( GEOMETRIC_REPRESENTATION_CONTEXT(2) 
PARAMETRIC_REPRESENTATION_CONTEXT() REPRESENTATION_CONTEXT('2D SPACE',''
  ) );
#1045 = PCURVE('',#994,#1046);
#1046 = DEFINITIONAL_REPRESENTATION('',(#1047),#1050);
#1047 = B_SPLINE_CURVE_WITH_KNOTS('',1,(#1048,#1049),.UNSPECIFIED.,.F.,
  .F.,(2,2),(-5.999999999062E-07,7.7),.PIECEWISE_BEZIER_KNOTS.);
#1048 = CARTESIAN_POINT('',(-5.999999999062E-07,-41.51954445729));
#1049 = CARTESIAN_POINT('',(7.7,-41.51954445729));
#1050 = ( GEOMETRIC_REPRESENTATION_CONTEXT(2) 
PARAMETRIC_REPRESENTATION_CONTEXT() REPRESENTATION_CONTEXT('2D SPACE',''
  ) );
#1051 = ORIENTED_EDGE('',*,*,#1006,.T.);
#1052 = ORIENTED_EDGE('',*,*,#168,.T.);
#1053 = ORIENTED_EDGE('',*,*,#1054,.F.);
#1054 = EDGE_CURVE('',#1032,#141,#1055,.T.);
#1055 = SURFACE_CURVE('',#1056,(#1061,#1068),.PCURVE_S1.);
#1056 = CIRCLE('',#1057,11.);
#1057 = AXIS2_PLACEMENT_3D('',#1058,#1059,#1060);
#1058 = CARTESIAN_POINT('',(-56.6,1.5,30.6));
#1059 = DIRECTION('',(0.,0.,1.));
#1060 = DIRECTION('',(1.,0.,-0.));
#1061 = PCURVE('',#183,#1062);
#1062 = DEFINITIONAL_REPRESENTATION('',(#1063),#1067);
#1063 = LINE('',#1064,#1065);
#1064 = CARTESIAN_POINT('',(0.,7.));
#1065 = VECTOR('',#1066,1.);
#1066 = DIRECTION('',(1.,0.));
#1067 = ( GEOMETRIC_REPRESENTATION_CONTEXT(2) 
PARAMETRIC_REPRESENTATION_CONTEXT() REPRESENTATION_CONTEXT('2D SPACE',''
  ) );
#1068 = PCURVE('',#156,#1069);
#1069 = DEFINITIONAL_REPRESENTATION('',(#1070),#1074);
#1070 = CIRCLE('',#1071,11.);
#1071 = AXIS2_PLACEMENT_2D('',#1072,#1073);
#1072 = CARTESIAN_POINT('',(2.6,46.3));
#1073 = DIRECTION('',(1.,0.));
#1074 = ( GEOMETRIC_REPRESENTATION_CONTEXT(2) 
PARAMETRIC_REPRESENTATION_CONTEXT() REPRESENTATION_CONTEXT('2D SPACE',''
  ) );
#1075 = ADVANCED_FACE('',(#1076,#1321,#1352),#156,.T.);
#1076 = FACE_BOUND('',#1077,.T.);
#1077 = EDGE_LOOP('',(#1078,#1104,#1127,#1156,#1184,#1210,#1211,#1212,
    #1233,#1257,#1278,#1302));
#1078 = ORIENTED_EDGE('',*,*,#1079,.F.);
#1079 = EDGE_CURVE('',#1080,#1082,#1084,.T.);
#1080 = VERTEX_POINT('',#1081);
#1081 = CARTESIAN_POINT('',(59.2,12.18831137271,30.6));
#1082 = VERTEX_POINT('',#1083);
#1083 = CARTESIAN_POINT('',(50.6,10.719544457293,30.6));
#1084 = SURFACE_CURVE('',#1085,(#1090,#1097),.PCURVE_S1.);
#1085 = CIRCLE('',#1086,11.);
#1086 = AXIS2_PLACEMENT_3D('',#1087,#1088,#1089);
#1087 = CARTESIAN_POINT('',(56.6,1.5,30.6));
#1088 = DIRECTION('',(0.,0.,1.));
#1089 = DIRECTION('',(1.,0.,-0.));
#1090 = PCURVE('',#156,#1091);
#1091 = DEFINITIONAL_REPRESENTATION('',(#1092),#1096);
#1092 = CIRCLE('',#1093,11.);
#1093 = AXIS2_PLACEMENT_2D('',#1094,#1095);
#1094 = CARTESIAN_POINT('',(115.8,46.3));
#1095 = DIRECTION('',(1.,0.));
#1096 = ( GEOMETRIC_REPRESENTATION_CONTEXT(2) 
PARAMETRIC_REPRESENTATION_CONTEXT() REPRESENTATION_CONTEXT('2D SPACE',''
  ) );
#1097 = PCURVE('',#848,#1098);
#1098 = DEFINITIONAL_REPRESENTATION('',(#1099),#1103);
#1099 = LINE('',#1100,#1101);
#1100 = CARTESIAN_POINT('',(0.,7.));
#1101 = VECTOR('',#1102,1.);
#1102 = DIRECTION('',(1.,0.));
#1103 = ( GEOMETRIC_REPRESENTATION_CONTEXT(2) 
PARAMETRIC_REPRESENTATION_CONTEXT() REPRESENTATION_CONTEXT('2D SPACE',''
  ) );
#1104 = ORIENTED_EDGE('',*,*,#1105,.T.);
#1105 = EDGE_CURVE('',#1080,#1106,#1108,.T.);
#1106 = VERTEX_POINT('',#1107);
#1107 = CARTESIAN_POINT('',(59.2,40.8,30.6));
#1108 = SURFACE_CURVE('',#1109,(#1113,#1120),.PCURVE_S1.);
#1109 = LINE('',#1110,#1111);
#1110 = CARTESIAN_POINT('',(59.2,-44.8,30.6));
#1111 = VECTOR('',#1112,1.);
#1112 = DIRECTION('',(-0.,1.,0.));
#1113 = PCURVE('',#156,#1114);
#1114 = DEFINITIONAL_REPRESENTATION('',(#1115),#1119);
#1115 = LINE('',#1116,#1117);
#1116 = CARTESIAN_POINT('',(118.4,0.));
#1117 = VECTOR('',#1118,1.);
#1118 = DIRECTION('',(0.,1.));
#1119 = ( GEOMETRIC_REPRESENTATION_CONTEXT(2) 
PARAMETRIC_REPRESENTATION_CONTEXT() REPRESENTATION_CONTEXT('2D SPACE',''
  ) );
#1120 = PCURVE('',#350,#1121);
#1121 = DEFINITIONAL_REPRESENTATION('',(#1122),#1126);
#1122 = LINE('',#1123,#1124);
#1123 = CARTESIAN_POINT('',(8.6,0.));
#1124 = VECTOR('',#1125,1.);
#1125 = DIRECTION('',(0.,-1.));
#1126 = ( GEOMETRIC_REPRESENTATION_CONTEXT(2) 
PARAMETRIC_REPRESENTATION_CONTEXT() REPRESENTATION_CONTEXT('2D SPACE',''
  ) );
#1127 = ORIENTED_EDGE('',*,*,#1128,.T.);
#1128 = EDGE_CURVE('',#1106,#1129,#1131,.T.);
#1129 = VERTEX_POINT('',#1130);
#1130 = CARTESIAN_POINT('',(55.2,44.8,30.6));
#1131 = SURFACE_CURVE('',#1132,(#1137,#1144),.PCURVE_S1.);
#1132 = CIRCLE('',#1133,4.);
#1133 = AXIS2_PLACEMENT_3D('',#1134,#1135,#1136);
#1134 = CARTESIAN_POINT('',(55.2,40.8,30.6));
#1135 = DIRECTION('',(0.,0.,1.));
#1136 = DIRECTION('',(0.,-1.,0.));
#1137 = PCURVE('',#156,#1138);
#1138 = DEFINITIONAL_REPRESENTATION('',(#1139),#1143);
#1139 = CIRCLE('',#1140,4.);
#1140 = AXIS2_PLACEMENT_2D('',#1141,#1142);
#1141 = CARTESIAN_POINT('',(114.4,85.6));
#1142 = DIRECTION('',(0.,-1.));
#1143 = ( GEOMETRIC_REPRESENTATION_CONTEXT(2) 
PARAMETRIC_REPRESENTATION_CONTEXT() REPRESENTATION_CONTEXT('2D SPACE',''
  ) );
#1144 = PCURVE('',#1145,#1150);
#1145 = CYLINDRICAL_SURFACE('',#1146,4.);
#1146 = AXIS2_PLACEMENT_3D('',#1147,#1148,#1149);
#1147 = CARTESIAN_POINT('',(55.2,40.8,22.));
#1148 = DIRECTION('',(0.,0.,1.));
#1149 = DIRECTION('',(1.,0.,-0.));
#1150 = DEFINITIONAL_REPRESENTATION('',(#1151),#1155);
#1151 = LINE('',#1152,#1153);
#1152 = CARTESIAN_POINT('',(-1.570796326795,8.6));
#1153 = VECTOR('',#1154,1.);
#1154 = DIRECTION('',(1.,0.));
#1155 = ( GEOMETRIC_REPRESENTATION_CONTEXT(2) 
PARAMETRIC_REPRESENTATION_CONTEXT() REPRESENTATION_CONTEXT('2D SPACE',''
  ) );
#1156 = ORIENTED_EDGE('',*,*,#1157,.F.);
#1157 = EDGE_CURVE('',#1158,#1129,#1160,.T.);
#1158 = VERTEX_POINT('',#1159);
#1159 = CARTESIAN_POINT('',(-55.2,44.8,30.6));
#1160 = SURFACE_CURVE('',#1161,(#1165,#1172),.PCURVE_S1.);
#1161 = LINE('',#1162,#1163);
#1162 = CARTESIAN_POINT('',(-59.2,44.8,30.6));
#1163 = VECTOR('',#1164,1.);
#1164 = DIRECTION('',(1.,0.,-0.));
#1165 = PCURVE('',#156,#1166);
#1166 = DEFINITIONAL_REPRESENTATION('',(#1167),#1171);
#1167 = LINE('',#1168,#1169);
#1168 = CARTESIAN_POINT('',(0.,89.6));
#1169 = VECTOR('',#1170,1.);
#1170 = DIRECTION('',(1.,0.));
#1171 = ( GEOMETRIC_REPRESENTATION_CONTEXT(2) 
PARAMETRIC_REPRESENTATION_CONTEXT() REPRESENTATION_CONTEXT('2D SPACE',''
  ) );
#1172 = PCURVE('',#1173,#1178);
#1173 = PLANE('',#1174);
#1174 = AXIS2_PLACEMENT_3D('',#1175,#1176,#1177);
#1175 = CARTESIAN_POINT('',(-59.2,44.8,22.));
#1176 = DIRECTION('',(-0.,1.,0.));
#1177 = DIRECTION('',(0.,0.,1.));
#1178 = DEFINITIONAL_REPRESENTATION('',(#1179),#1183);
#1179 = LINE('',#1180,#1181);
#1180 = CARTESIAN_POINT('',(8.6,0.));
#1181 = VECTOR('',#1182,1.);
#1182 = DIRECTION('',(0.,1.));
#1183 = ( GEOMETRIC_REPRESENTATION_CONTEXT(2) 
PARAMETRIC_REPRESENTATION_CONTEXT() REPRESENTATION_CONTEXT('2D SPACE',''
  ) );
#1184 = ORIENTED_EDGE('',*,*,#1185,.F.);
#1185 = EDGE_CURVE('',#113,#1158,#1186,.T.);
#1186 = SURFACE_CURVE('',#1187,(#1192,#1203),.PCURVE_S1.);
#1187 = CIRCLE('',#1188,4.);
#1188 = AXIS2_PLACEMENT_3D('',#1189,#1190,#1191);
#1189 = CARTESIAN_POINT('',(-55.2,40.8,30.6));
#1190 = DIRECTION('',(-0.,-0.,-1.));
#1191 = DIRECTION('',(0.,-1.,0.));
#1192 = PCURVE('',#156,#1193);
#1193 = DEFINITIONAL_REPRESENTATION('',(#1194),#1202);
#1194 = ( BOUNDED_CURVE() B_SPLINE_CURVE(2,(#1195,#1196,#1197,#1198,
#1199,#1200,#1201),.UNSPECIFIED.,.T.,.F.) B_SPLINE_CURVE_WITH_KNOTS((1,2
    ,2,2,2,1),(-2.094395102393,0.,2.094395102393,4.188790204786,
6.28318530718,8.377580409573),.UNSPECIFIED.) CURVE() 
GEOMETRIC_REPRESENTATION_ITEM() RATIONAL_B_SPLINE_CURVE((1.,0.5,1.,0.5,
1.,0.5,1.)) REPRESENTATION_ITEM('') );
#1195 = CARTESIAN_POINT('',(4.,81.6));
#1196 = CARTESIAN_POINT('',(-2.928203230276,81.6));
#1197 = CARTESIAN_POINT('',(0.535898384862,87.6));
#1198 = CARTESIAN_POINT('',(4.,93.6));
#1199 = CARTESIAN_POINT('',(7.464101615138,87.6));
#1200 = CARTESIAN_POINT('',(10.928203230276,81.6));
#1201 = CARTESIAN_POINT('',(4.,81.6));
#1202 = ( GEOMETRIC_REPRESENTATION_CONTEXT(2) 
PARAMETRIC_REPRESENTATION_CONTEXT() REPRESENTATION_CONTEXT('2D SPACE',''
  ) );
#1203 = PCURVE('',#128,#1204);
#1204 = DEFINITIONAL_REPRESENTATION('',(#1205),#1209);
#1205 = LINE('',#1206,#1207);
#1206 = CARTESIAN_POINT('',(1.570796326795,8.6));
#1207 = VECTOR('',#1208,1.);
#1208 = DIRECTION('',(-1.,0.));
#1209 = ( GEOMETRIC_REPRESENTATION_CONTEXT(2) 
PARAMETRIC_REPRESENTATION_CONTEXT() REPRESENTATION_CONTEXT('2D SPACE',''
  ) );
#1210 = ORIENTED_EDGE('',*,*,#140,.F.);
#1211 = ORIENTED_EDGE('',*,*,#1054,.F.);
#1212 = ORIENTED_EDGE('',*,*,#1213,.T.);
#1213 = EDGE_CURVE('',#1032,#1214,#1216,.T.);
#1214 = VERTEX_POINT('',#1215);
#1215 = CARTESIAN_POINT('',(-50.6,31.4,30.6));
#1216 = SURFACE_CURVE('',#1217,(#1221,#1227),.PCURVE_S1.);
#1217 = LINE('',#1218,#1219);
#1218 = CARTESIAN_POINT('',(-50.6,-37.8,30.6));
#1219 = VECTOR('',#1220,1.);
#1220 = DIRECTION('',(-0.,1.,0.));
#1221 = PCURVE('',#156,#1222);
#1222 = DEFINITIONAL_REPRESENTATION('',(#1223),#1226);
#1223 = B_SPLINE_CURVE_WITH_KNOTS('',1,(#1224,#1225),.UNSPECIFIED.,.F.,
  .F.,(2,2),(9.4,69.2),.PIECEWISE_BEZIER_KNOTS.);
#1224 = CARTESIAN_POINT('',(8.6,16.4));
#1225 = CARTESIAN_POINT('',(8.6,76.2));
#1226 = ( GEOMETRIC_REPRESENTATION_CONTEXT(2) 
PARAMETRIC_REPRESENTATION_CONTEXT() REPRESENTATION_CONTEXT('2D SPACE',''
  ) );
#1227 = PCURVE('',#994,#1228);
#1228 = DEFINITIONAL_REPRESENTATION('',(#1229),#1232);
#1229 = B_SPLINE_CURVE_WITH_KNOTS('',1,(#1230,#1231),.UNSPECIFIED.,.F.,
  .F.,(2,2),(9.4,69.2),.PIECEWISE_BEZIER_KNOTS.);
#1230 = CARTESIAN_POINT('',(7.,-2.4));
#1231 = CARTESIAN_POINT('',(7.,-62.2));
#1232 = ( GEOMETRIC_REPRESENTATION_CONTEXT(2) 
PARAMETRIC_REPRESENTATION_CONTEXT() REPRESENTATION_CONTEXT('2D SPACE',''
  ) );
#1233 = ORIENTED_EDGE('',*,*,#1234,.F.);
#1234 = EDGE_CURVE('',#1235,#1214,#1237,.T.);
#1235 = VERTEX_POINT('',#1236);
#1236 = CARTESIAN_POINT('',(-48.2,33.8,30.6));
#1237 = SURFACE_CURVE('',#1238,(#1243,#1250),.PCURVE_S1.);
#1238 = CIRCLE('',#1239,2.4);
#1239 = AXIS2_PLACEMENT_3D('',#1240,#1241,#1242);
#1240 = CARTESIAN_POINT('',(-48.2,31.4,30.6));
#1241 = DIRECTION('',(0.,0.,1.));
#1242 = DIRECTION('',(-1.,-0.,0.));
#1243 = PCURVE('',#156,#1244);
#1244 = DEFINITIONAL_REPRESENTATION('',(#1245),#1249);
#1245 = CIRCLE('',#1246,2.4);
#1246 = AXIS2_PLACEMENT_2D('',#1247,#1248);
#1247 = CARTESIAN_POINT('',(11.,76.2));
#1248 = DIRECTION('',(-1.,0.));
#1249 = ( GEOMETRIC_REPRESENTATION_CONTEXT(2) 
PARAMETRIC_REPRESENTATION_CONTEXT() REPRESENTATION_CONTEXT('2D SPACE',''
  ) );
#1250 = PCURVE('',#966,#1251);
#1251 = DEFINITIONAL_REPRESENTATION('',(#1252),#1256);
#1252 = LINE('',#1253,#1254);
#1253 = CARTESIAN_POINT('',(-6.28318530718,7.));
#1254 = VECTOR('',#1255,1.);
#1255 = DIRECTION('',(1.,-0.));
#1256 = ( GEOMETRIC_REPRESENTATION_CONTEXT(2) 
PARAMETRIC_REPRESENTATION_CONTEXT() REPRESENTATION_CONTEXT('2D SPACE',''
  ) );
#1257 = ORIENTED_EDGE('',*,*,#1258,.F.);
#1258 = EDGE_CURVE('',#1259,#1235,#1261,.T.);
#1259 = VERTEX_POINT('',#1260);
#1260 = CARTESIAN_POINT('',(48.2,33.8,30.6));
#1261 = SURFACE_CURVE('',#1262,(#1266,#1272),.PCURVE_S1.);
#1262 = LINE('',#1263,#1264);
#1263 = CARTESIAN_POINT('',(-54.9,33.8,30.6));
#1264 = VECTOR('',#1265,1.);
#1265 = DIRECTION('',(-1.,-0.,0.));
#1266 = PCURVE('',#156,#1267);
#1267 = DEFINITIONAL_REPRESENTATION('',(#1268),#1271);
#1268 = B_SPLINE_CURVE_WITH_KNOTS('',1,(#1269,#1270),.UNSPECIFIED.,.F.,
  .F.,(2,2),(-103.1,-6.7),.PIECEWISE_BEZIER_KNOTS.);
#1269 = CARTESIAN_POINT('',(107.4,78.6));
#1270 = CARTESIAN_POINT('',(11.,78.6));
#1271 = ( GEOMETRIC_REPRESENTATION_CONTEXT(2) 
PARAMETRIC_REPRESENTATION_CONTEXT() REPRESENTATION_CONTEXT('2D SPACE',''
  ) );
#1272 = PCURVE('',#933,#1273);
#1273 = DEFINITIONAL_REPRESENTATION('',(#1274),#1277);
#1274 = B_SPLINE_CURVE_WITH_KNOTS('',1,(#1275,#1276),.UNSPECIFIED.,.F.,
  .F.,(2,2),(-103.1,-6.7),.PIECEWISE_BEZIER_KNOTS.);
#1275 = CARTESIAN_POINT('',(7.,98.8));
#1276 = CARTESIAN_POINT('',(7.,2.4));
#1277 = ( GEOMETRIC_REPRESENTATION_CONTEXT(2) 
PARAMETRIC_REPRESENTATION_CONTEXT() REPRESENTATION_CONTEXT('2D SPACE',''
  ) );
#1278 = ORIENTED_EDGE('',*,*,#1279,.F.);
#1279 = EDGE_CURVE('',#1280,#1259,#1282,.T.);
#1280 = VERTEX_POINT('',#1281);
#1281 = CARTESIAN_POINT('',(50.6,31.4,30.6));
#1282 = SURFACE_CURVE('',#1283,(#1288,#1295),.PCURVE_S1.);
#1283 = CIRCLE('',#1284,2.4);
#1284 = AXIS2_PLACEMENT_3D('',#1285,#1286,#1287);
#1285 = CARTESIAN_POINT('',(48.2,31.4,30.6));
#1286 = DIRECTION('',(0.,0.,1.));
#1287 = DIRECTION('',(1.,0.,-0.));
#1288 = PCURVE('',#156,#1289);
#1289 = DEFINITIONAL_REPRESENTATION('',(#1290),#1294);
#1290 = CIRCLE('',#1291,2.4);
#1291 = AXIS2_PLACEMENT_2D('',#1292,#1293);
#1292 = CARTESIAN_POINT('',(107.4,76.2));
#1293 = DIRECTION('',(1.,0.));
#1294 = ( GEOMETRIC_REPRESENTATION_CONTEXT(2) 
PARAMETRIC_REPRESENTATION_CONTEXT() REPRESENTATION_CONTEXT('2D SPACE',''
  ) );
#1295 = PCURVE('',#905,#1296);
#1296 = DEFINITIONAL_REPRESENTATION('',(#1297),#1301);
#1297 = LINE('',#1298,#1299);
#1298 = CARTESIAN_POINT('',(0.,7.));
#1299 = VECTOR('',#1300,1.);
#1300 = DIRECTION('',(1.,0.));
#1301 = ( GEOMETRIC_REPRESENTATION_CONTEXT(2) 
PARAMETRIC_REPRESENTATION_CONTEXT() REPRESENTATION_CONTEXT('2D SPACE',''
  ) );
#1302 = ORIENTED_EDGE('',*,*,#1303,.F.);
#1303 = EDGE_CURVE('',#1082,#1280,#1304,.T.);
#1304 = SURFACE_CURVE('',#1305,(#1309,#1315),.PCURVE_S1.);
#1305 = LINE('',#1306,#1307);
#1306 = CARTESIAN_POINT('',(50.6,-37.8,30.6));
#1307 = VECTOR('',#1308,1.);
#1308 = DIRECTION('',(-0.,1.,0.));
#1309 = PCURVE('',#156,#1310);
#1310 = DEFINITIONAL_REPRESENTATION('',(#1311),#1314);
#1311 = B_SPLINE_CURVE_WITH_KNOTS('',1,(#1312,#1313),.UNSPECIFIED.,.F.,
  .F.,(2,2),(9.4,69.2),.PIECEWISE_BEZIER_KNOTS.);
#1312 = CARTESIAN_POINT('',(109.8,16.4));
#1313 = CARTESIAN_POINT('',(109.8,76.2));
#1314 = ( GEOMETRIC_REPRESENTATION_CONTEXT(2) 
PARAMETRIC_REPRESENTATION_CONTEXT() REPRESENTATION_CONTEXT('2D SPACE',''
  ) );
#1315 = PCURVE('',#876,#1316);
#1316 = DEFINITIONAL_REPRESENTATION('',(#1317),#1320);
#1317 = B_SPLINE_CURVE_WITH_KNOTS('',1,(#1318,#1319),.UNSPECIFIED.,.F.,
  .F.,(2,2),(9.4,69.2),.PIECEWISE_BEZIER_KNOTS.);
#1318 = CARTESIAN_POINT('',(7.,-2.4));
#1319 = CARTESIAN_POINT('',(7.,-62.2));
#1320 = ( GEOMETRIC_REPRESENTATION_CONTEXT(2) 
PARAMETRIC_REPRESENTATION_CONTEXT() REPRESENTATION_CONTEXT('2D SPACE',''
  ) );
#1321 = FACE_BOUND('',#1322,.T.);
#1322 = EDGE_LOOP('',(#1323));
#1323 = ORIENTED_EDGE('',*,*,#1324,.F.);
#1324 = EDGE_CURVE('',#1325,#1325,#1327,.T.);
#1325 = VERTEX_POINT('',#1326);
#1326 = CARTESIAN_POINT('',(-50.6,39.3,30.6));
#1327 = SURFACE_CURVE('',#1328,(#1333,#1340),.PCURVE_S1.);
#1328 = CIRCLE('',#1329,3.1);
#1329 = AXIS2_PLACEMENT_3D('',#1330,#1331,#1332);
#1330 = CARTESIAN_POINT('',(-53.7,39.3,30.6));
#1331 = DIRECTION('',(0.,0.,1.));
#1332 = DIRECTION('',(1.,0.,-0.));
#1333 = PCURVE('',#156,#1334);
#1334 = DEFINITIONAL_REPRESENTATION('',(#1335),#1339);
#1335 = CIRCLE('',#1336,3.1);
#1336 = AXIS2_PLACEMENT_2D('',#1337,#1338);
#1337 = CARTESIAN_POINT('',(5.5,84.1));
#1338 = DIRECTION('',(1.,0.));
#1339 = ( GEOMETRIC_REPRESENTATION_CONTEXT(2) 
PARAMETRIC_REPRESENTATION_CONTEXT() REPRESENTATION_CONTEXT('2D SPACE',''
  ) );
#1340 = PCURVE('',#1341,#1346);
#1341 = CYLINDRICAL_SURFACE('',#1342,3.1);
#1342 = AXIS2_PLACEMENT_3D('',#1343,#1344,#1345);
#1343 = CARTESIAN_POINT('',(-53.7,39.3,28.1));
#1344 = DIRECTION('',(0.,0.,1.));
#1345 = DIRECTION('',(1.,0.,-0.));
#1346 = DEFINITIONAL_REPRESENTATION('',(#1347),#1351);
#1347 = LINE('',#1348,#1349);
#1348 = CARTESIAN_POINT('',(0.,2.5));
#1349 = VECTOR('',#1350,1.);
#1350 = DIRECTION('',(1.,0.));
#1351 = ( GEOMETRIC_REPRESENTATION_CONTEXT(2) 
PARAMETRIC_REPRESENTATION_CONTEXT() REPRESENTATION_CONTEXT('2D SPACE',''
  ) );
#1352 = FACE_BOUND('',#1353,.T.);
#1353 = EDGE_LOOP('',(#1354));
#1354 = ORIENTED_EDGE('',*,*,#1355,.F.);
#1355 = EDGE_CURVE('',#1356,#1356,#1358,.T.);
#1356 = VERTEX_POINT('',#1357);
#1357 = CARTESIAN_POINT('',(56.8,39.3,30.6));
#1358 = SURFACE_CURVE('',#1359,(#1364,#1371),.PCURVE_S1.);
#1359 = CIRCLE('',#1360,3.1);
#1360 = AXIS2_PLACEMENT_3D('',#1361,#1362,#1363);
#1361 = CARTESIAN_POINT('',(53.7,39.3,30.6));
#1362 = DIRECTION('',(0.,0.,1.));
#1363 = DIRECTION('',(1.,0.,-0.));
#1364 = PCURVE('',#156,#1365);
#1365 = DEFINITIONAL_REPRESENTATION('',(#1366),#1370);
#1366 = CIRCLE('',#1367,3.1);
#1367 = AXIS2_PLACEMENT_2D('',#1368,#1369);
#1368 = CARTESIAN_POINT('',(112.9,84.1));
#1369 = DIRECTION('',(1.,0.));
#1370 = ( GEOMETRIC_REPRESENTATION_CONTEXT(2) 
PARAMETRIC_REPRESENTATION_CONTEXT() REPRESENTATION_CONTEXT('2D SPACE',''
  ) );
#1371 = PCURVE('',#1372,#1377);
#1372 = CYLINDRICAL_SURFACE('',#1373,3.1);
#1373 = AXIS2_PLACEMENT_3D('',#1374,#1375,#1376);
#1374 = CARTESIAN_POINT('',(53.7,39.3,28.1));
#1375 = DIRECTION('',(0.,0.,1.));
#1376 = DIRECTION('',(1.,0.,-0.));
#1377 = DEFINITIONAL_REPRESENTATION('',(#1378),#1382);
#1378 = LINE('',#1379,#1380);
#1379 = CARTESIAN_POINT('',(0.,2.5));
#1380 = VECTOR('',#1381,1.);
#1381 = DIRECTION('',(1.,0.));
#1382 = ( GEOMETRIC_REPRESENTATION_CONTEXT(2) 
PARAMETRIC_REPRESENTATION_CONTEXT() REPRESENTATION_CONTEXT('2D SPACE',''
  ) );
#1383 = ADVANCED_FACE('',(#1384),#128,.T.);
#1384 = FACE_BOUND('',#1385,.F.);
#1385 = EDGE_LOOP('',(#1386,#1414,#1435,#1436));
#1386 = ORIENTED_EDGE('',*,*,#1387,.T.);
#1387 = EDGE_CURVE('',#85,#1388,#1390,.T.);
#1388 = VERTEX_POINT('',#1389);
#1389 = CARTESIAN_POINT('',(-55.2,44.8,22.));
#1390 = SURFACE_CURVE('',#1391,(#1396,#1403),.PCURVE_S1.);
#1391 = CIRCLE('',#1392,4.);
#1392 = AXIS2_PLACEMENT_3D('',#1393,#1394,#1395);
#1393 = CARTESIAN_POINT('',(-55.2,40.8,22.));
#1394 = DIRECTION('',(-0.,-0.,-1.));
#1395 = DIRECTION('',(0.,-1.,0.));
#1396 = PCURVE('',#128,#1397);
#1397 = DEFINITIONAL_REPRESENTATION('',(#1398),#1402);
#1398 = LINE('',#1399,#1400);
#1399 = CARTESIAN_POINT('',(1.570796326795,-0.));
#1400 = VECTOR('',#1401,1.);
#1401 = DIRECTION('',(-1.,0.));
#1402 = ( GEOMETRIC_REPRESENTATION_CONTEXT(2) 
PARAMETRIC_REPRESENTATION_CONTEXT() REPRESENTATION_CONTEXT('2D SPACE',''
  ) );
#1403 = PCURVE('',#100,#1404);
#1404 = DEFINITIONAL_REPRESENTATION('',(#1405),#1413);
#1405 = ( BOUNDED_CURVE() B_SPLINE_CURVE(2,(#1406,#1407,#1408,#1409,
#1410,#1411,#1412),.UNSPECIFIED.,.T.,.F.) B_SPLINE_CURVE_WITH_KNOTS((1,2
    ,2,2,2,1),(-2.094395102393,0.,2.094395102393,4.188790204786,
6.28318530718,8.377580409573),.UNSPECIFIED.) CURVE() 
GEOMETRIC_REPRESENTATION_ITEM() RATIONAL_B_SPLINE_CURVE((1.,0.5,1.,0.5,
1.,0.5,1.)) REPRESENTATION_ITEM('') );
#1406 = CARTESIAN_POINT('',(4.,81.6));
#1407 = CARTESIAN_POINT('',(-2.928203230276,81.6));
#1408 = CARTESIAN_POINT('',(0.535898384862,87.6));
#1409 = CARTESIAN_POINT('',(4.,93.6));
#1410 = CARTESIAN_POINT('',(7.464101615138,87.6));
#1411 = CARTESIAN_POINT('',(10.928203230276,81.6));
#1412 = CARTESIAN_POINT('',(4.,81.6));
#1413 = ( GEOMETRIC_REPRESENTATION_CONTEXT(2) 
PARAMETRIC_REPRESENTATION_CONTEXT() REPRESENTATION_CONTEXT('2D SPACE',''
  ) );
#1414 = ORIENTED_EDGE('',*,*,#1415,.T.);
#1415 = EDGE_CURVE('',#1388,#1158,#1416,.T.);
#1416 = SURFACE_CURVE('',#1417,(#1421,#1428),.PCURVE_S1.);
#1417 = LINE('',#1418,#1419);
#1418 = CARTESIAN_POINT('',(-55.2,44.8,22.));
#1419 = VECTOR('',#1420,1.);
#1420 = DIRECTION('',(0.,0.,1.));
#1421 = PCURVE('',#128,#1422);
#1422 = DEFINITIONAL_REPRESENTATION('',(#1423),#1427);
#1423 = LINE('',#1424,#1425);
#1424 = CARTESIAN_POINT('',(-1.570796326795,0.));
#1425 = VECTOR('',#1426,1.);
#1426 = DIRECTION('',(-0.,1.));
#1427 = ( GEOMETRIC_REPRESENTATION_CONTEXT(2) 
PARAMETRIC_REPRESENTATION_CONTEXT() REPRESENTATION_CONTEXT('2D SPACE',''
  ) );
#1428 = PCURVE('',#1173,#1429);
#1429 = DEFINITIONAL_REPRESENTATION('',(#1430),#1434);
#1430 = LINE('',#1431,#1432);
#1431 = CARTESIAN_POINT('',(0.,4.));
#1432 = VECTOR('',#1433,1.);
#1433 = DIRECTION('',(1.,0.));
#1434 = ( GEOMETRIC_REPRESENTATION_CONTEXT(2) 
PARAMETRIC_REPRESENTATION_CONTEXT() REPRESENTATION_CONTEXT('2D SPACE',''
  ) );
#1435 = ORIENTED_EDGE('',*,*,#1185,.F.);
#1436 = ORIENTED_EDGE('',*,*,#112,.F.);
#1437 = ADVANCED_FACE('',(#1438,#1585,#1616,#1647,#1678),#100,.F.);
#1438 = FACE_BOUND('',#1439,.F.);
#1439 = EDGE_LOOP('',(#1440,#1441,#1465,#1488,#1516,#1539,#1563,#1584));
#1440 = ORIENTED_EDGE('',*,*,#84,.F.);
#1441 = ORIENTED_EDGE('',*,*,#1442,.T.);
#1442 = EDGE_CURVE('',#57,#1443,#1445,.T.);
#1443 = VERTEX_POINT('',#1444);
#1444 = CARTESIAN_POINT('',(-55.2,-44.8,22.));
#1445 = SURFACE_CURVE('',#1446,(#1451,#1458),.PCURVE_S1.);
#1446 = CIRCLE('',#1447,4.);
#1447 = AXIS2_PLACEMENT_3D('',#1448,#1449,#1450);
#1448 = CARTESIAN_POINT('',(-55.2,-40.8,22.));
#1449 = DIRECTION('',(0.,0.,1.));
#1450 = DIRECTION('',(0.,-1.,0.));
#1451 = PCURVE('',#100,#1452);
#1452 = DEFINITIONAL_REPRESENTATION('',(#1453),#1457);
#1453 = CIRCLE('',#1454,4.);
#1454 = AXIS2_PLACEMENT_2D('',#1455,#1456);
#1455 = CARTESIAN_POINT('',(4.,4.));
#1456 = DIRECTION('',(0.,-1.));
#1457 = ( GEOMETRIC_REPRESENTATION_CONTEXT(2) 
PARAMETRIC_REPRESENTATION_CONTEXT() REPRESENTATION_CONTEXT('2D SPACE',''
  ) );
#1458 = PCURVE('',#72,#1459);
#1459 = DEFINITIONAL_REPRESENTATION('',(#1460),#1464);
#1460 = LINE('',#1461,#1462);
#1461 = CARTESIAN_POINT('',(-4.712388980385,0.));
#1462 = VECTOR('',#1463,1.);
#1463 = DIRECTION('',(1.,0.));
#1464 = ( GEOMETRIC_REPRESENTATION_CONTEXT(2) 
PARAMETRIC_REPRESENTATION_CONTEXT() REPRESENTATION_CONTEXT('2D SPACE',''
  ) );
#1465 = ORIENTED_EDGE('',*,*,#1466,.T.);
#1466 = EDGE_CURVE('',#1443,#1467,#1469,.T.);
#1467 = VERTEX_POINT('',#1468);
#1468 = CARTESIAN_POINT('',(55.2,-44.8,22.));
#1469 = SURFACE_CURVE('',#1470,(#1474,#1481),.PCURVE_S1.);
#1470 = LINE('',#1471,#1472);
#1471 = CARTESIAN_POINT('',(-59.2,-44.8,22.));
#1472 = VECTOR('',#1473,1.);
#1473 = DIRECTION('',(1.,0.,-0.));
#1474 = PCURVE('',#100,#1475);
#1475 = DEFINITIONAL_REPRESENTATION('',(#1476),#1480);
#1476 = LINE('',#1477,#1478);
#1477 = CARTESIAN_POINT('',(0.,0.));
#1478 = VECTOR('',#1479,1.);
#1479 = DIRECTION('',(1.,0.));
#1480 = ( GEOMETRIC_REPRESENTATION_CONTEXT(2) 
PARAMETRIC_REPRESENTATION_CONTEXT() REPRESENTATION_CONTEXT('2D SPACE',''
  ) );
#1481 = PCURVE('',#289,#1482);
#1482 = DEFINITIONAL_REPRESENTATION('',(#1483),#1487);
#1483 = LINE('',#1484,#1485);
#1484 = CARTESIAN_POINT('',(0.,0.));
#1485 = VECTOR('',#1486,1.);
#1486 = DIRECTION('',(0.,1.));
#1487 = ( GEOMETRIC_REPRESENTATION_CONTEXT(2) 
PARAMETRIC_REPRESENTATION_CONTEXT() REPRESENTATION_CONTEXT('2D SPACE',''
  ) );
#1488 = ORIENTED_EDGE('',*,*,#1489,.F.);
#1489 = EDGE_CURVE('',#1490,#1467,#1492,.T.);
#1490 = VERTEX_POINT('',#1491);
#1491 = CARTESIAN_POINT('',(59.2,-40.8,22.));
#1492 = SURFACE_CURVE('',#1493,(#1498,#1509),.PCURVE_S1.);
#1493 = CIRCLE('',#1494,4.);
#1494 = AXIS2_PLACEMENT_3D('',#1495,#1496,#1497);
#1495 = CARTESIAN_POINT('',(55.2,-40.8,22.));
#1496 = DIRECTION('',(-0.,-0.,-1.));
#1497 = DIRECTION('',(0.,-1.,0.));
#1498 = PCURVE('',#100,#1499);
#1499 = DEFINITIONAL_REPRESENTATION('',(#1500),#1508);
#1500 = ( BOUNDED_CURVE() B_SPLINE_CURVE(2,(#1501,#1502,#1503,#1504,
#1505,#1506,#1507),.UNSPECIFIED.,.T.,.F.) B_SPLINE_CURVE_WITH_KNOTS((1,2
    ,2,2,2,1),(-2.094395102393,0.,2.094395102393,4.188790204786,
6.28318530718,8.377580409573),.UNSPECIFIED.) CURVE() 
GEOMETRIC_REPRESENTATION_ITEM() RATIONAL_B_SPLINE_CURVE((1.,0.5,1.,0.5,
1.,0.5,1.)) REPRESENTATION_ITEM('') );
#1501 = CARTESIAN_POINT('',(114.4,0.));
#1502 = CARTESIAN_POINT('',(107.47179676972,0.));
#1503 = CARTESIAN_POINT('',(110.93589838486,6.));
#1504 = CARTESIAN_POINT('',(114.4,12.));
#1505 = CARTESIAN_POINT('',(117.86410161513,6.));
#1506 = CARTESIAN_POINT('',(121.32820323027,6.217248937901E-15));
#1507 = CARTESIAN_POINT('',(114.4,0.));
#1508 = ( GEOMETRIC_REPRESENTATION_CONTEXT(2) 
PARAMETRIC_REPRESENTATION_CONTEXT() REPRESENTATION_CONTEXT('2D SPACE',''
  ) );
#1509 = PCURVE('',#322,#1510);
#1510 = DEFINITIONAL_REPRESENTATION('',(#1511),#1515);
#1511 = LINE('',#1512,#1513);
#1512 = CARTESIAN_POINT('',(4.712388980385,-0.));
#1513 = VECTOR('',#1514,1.);
#1514 = DIRECTION('',(-1.,0.));
#1515 = ( GEOMETRIC_REPRESENTATION_CONTEXT(2) 
PARAMETRIC_REPRESENTATION_CONTEXT() REPRESENTATION_CONTEXT('2D SPACE',''
  ) );
#1516 = ORIENTED_EDGE('',*,*,#1517,.T.);
#1517 = EDGE_CURVE('',#1490,#1518,#1520,.T.);
#1518 = VERTEX_POINT('',#1519);
#1519 = CARTESIAN_POINT('',(59.2,40.8,22.));
#1520 = SURFACE_CURVE('',#1521,(#1525,#1532),.PCURVE_S1.);
#1521 = LINE('',#1522,#1523);
#1522 = CARTESIAN_POINT('',(59.2,-44.8,22.));
#1523 = VECTOR('',#1524,1.);
#1524 = DIRECTION('',(-0.,1.,0.));
#1525 = PCURVE('',#100,#1526);
#1526 = DEFINITIONAL_REPRESENTATION('',(#1527),#1531);
#1527 = LINE('',#1528,#1529);
#1528 = CARTESIAN_POINT('',(118.4,0.));
#1529 = VECTOR('',#1530,1.);
#1530 = DIRECTION('',(0.,1.));
#1531 = ( GEOMETRIC_REPRESENTATION_CONTEXT(2) 
PARAMETRIC_REPRESENTATION_CONTEXT() REPRESENTATION_CONTEXT('2D SPACE',''
  ) );
#1532 = PCURVE('',#350,#1533);
#1533 = DEFINITIONAL_REPRESENTATION('',(#1534),#1538);
#1534 = LINE('',#1535,#1536);
#1535 = CARTESIAN_POINT('',(0.,0.));
#1536 = VECTOR('',#1537,1.);
#1537 = DIRECTION('',(0.,-1.));
#1538 = ( GEOMETRIC_REPRESENTATION_CONTEXT(2) 
PARAMETRIC_REPRESENTATION_CONTEXT() REPRESENTATION_CONTEXT('2D SPACE',''
  ) );
#1539 = ORIENTED_EDGE('',*,*,#1540,.T.);
#1540 = EDGE_CURVE('',#1518,#1541,#1543,.T.);
#1541 = VERTEX_POINT('',#1542);
#1542 = CARTESIAN_POINT('',(55.2,44.8,22.));
#1543 = SURFACE_CURVE('',#1544,(#1549,#1556),.PCURVE_S1.);
#1544 = CIRCLE('',#1545,4.);
#1545 = AXIS2_PLACEMENT_3D('',#1546,#1547,#1548);
#1546 = CARTESIAN_POINT('',(55.2,40.8,22.));
#1547 = DIRECTION('',(0.,0.,1.));
#1548 = DIRECTION('',(0.,-1.,0.));
#1549 = PCURVE('',#100,#1550);
#1550 = DEFINITIONAL_REPRESENTATION('',(#1551),#1555);
#1551 = CIRCLE('',#1552,4.);
#1552 = AXIS2_PLACEMENT_2D('',#1553,#1554);
#1553 = CARTESIAN_POINT('',(114.4,85.6));
#1554 = DIRECTION('',(0.,-1.));
#1555 = ( GEOMETRIC_REPRESENTATION_CONTEXT(2) 
PARAMETRIC_REPRESENTATION_CONTEXT() REPRESENTATION_CONTEXT('2D SPACE',''
  ) );
#1556 = PCURVE('',#1145,#1557);
#1557 = DEFINITIONAL_REPRESENTATION('',(#1558),#1562);
#1558 = LINE('',#1559,#1560);
#1559 = CARTESIAN_POINT('',(-1.570796326795,0.));
#1560 = VECTOR('',#1561,1.);
#1561 = DIRECTION('',(1.,0.));
#1562 = ( GEOMETRIC_REPRESENTATION_CONTEXT(2) 
PARAMETRIC_REPRESENTATION_CONTEXT() REPRESENTATION_CONTEXT('2D SPACE',''
  ) );
#1563 = ORIENTED_EDGE('',*,*,#1564,.F.);
#1564 = EDGE_CURVE('',#1388,#1541,#1565,.T.);
#1565 = SURFACE_CURVE('',#1566,(#1570,#1577),.PCURVE_S1.);
#1566 = LINE('',#1567,#1568);
#1567 = CARTESIAN_POINT('',(-59.2,44.8,22.));
#1568 = VECTOR('',#1569,1.);
#1569 = DIRECTION('',(1.,0.,-0.));
#1570 = PCURVE('',#100,#1571);
#1571 = DEFINITIONAL_REPRESENTATION('',(#1572),#1576);
#1572 = LINE('',#1573,#1574);
#1573 = CARTESIAN_POINT('',(0.,89.6));
#1574 = VECTOR('',#1575,1.);
#1575 = DIRECTION('',(1.,0.));
#1576 = ( GEOMETRIC_REPRESENTATION_CONTEXT(2) 
PARAMETRIC_REPRESENTATION_CONTEXT() REPRESENTATION_CONTEXT('2D SPACE',''
  ) );
#1577 = PCURVE('',#1173,#1578);
#1578 = DEFINITIONAL_REPRESENTATION('',(#1579),#1583);
#1579 = LINE('',#1580,#1581);
#1580 = CARTESIAN_POINT('',(0.,0.));
#1581 = VECTOR('',#1582,1.);
#1582 = DIRECTION('',(0.,1.));
#1583 = ( GEOMETRIC_REPRESENTATION_CONTEXT(2) 
PARAMETRIC_REPRESENTATION_CONTEXT() REPRESENTATION_CONTEXT('2D SPACE',''
  ) );
#1584 = ORIENTED_EDGE('',*,*,#1387,.F.);
#1585 = FACE_BOUND('',#1586,.F.);
#1586 = EDGE_LOOP('',(#1587));
#1587 = ORIENTED_EDGE('',*,*,#1588,.F.);
#1588 = EDGE_CURVE('',#1589,#1589,#1591,.T.);
#1589 = VERTEX_POINT('',#1590);
#1590 = CARTESIAN_POINT('',(-52.,-39.3,22.));
#1591 = SURFACE_CURVE('',#1592,(#1597,#1604),.PCURVE_S1.);
#1592 = CIRCLE('',#1593,1.7);
#1593 = AXIS2_PLACEMENT_3D('',#1594,#1595,#1596);
#1594 = CARTESIAN_POINT('',(-53.7,-39.3,22.));
#1595 = DIRECTION('',(0.,0.,1.));
#1596 = DIRECTION('',(1.,0.,-0.));
#1597 = PCURVE('',#100,#1598);
#1598 = DEFINITIONAL_REPRESENTATION('',(#1599),#1603);
#1599 = CIRCLE('',#1600,1.7);
#1600 = AXIS2_PLACEMENT_2D('',#1601,#1602);
#1601 = CARTESIAN_POINT('',(5.5,5.5));
#1602 = DIRECTION('',(1.,0.));
#1603 = ( GEOMETRIC_REPRESENTATION_CONTEXT(2) 
PARAMETRIC_REPRESENTATION_CONTEXT() REPRESENTATION_CONTEXT('2D SPACE',''
  ) );
#1604 = PCURVE('',#1605,#1610);
#1605 = CYLINDRICAL_SURFACE('',#1606,1.7);
#1606 = AXIS2_PLACEMENT_3D('',#1607,#1608,#1609);
#1607 = CARTESIAN_POINT('',(-53.7,-39.3,21.9));
#1608 = DIRECTION('',(0.,0.,1.));
#1609 = DIRECTION('',(1.,0.,-0.));
#1610 = DEFINITIONAL_REPRESENTATION('',(#1611),#1615);
#1611 = LINE('',#1612,#1613);
#1612 = CARTESIAN_POINT('',(0.,0.1));
#1613 = VECTOR('',#1614,1.);
#1614 = DIRECTION('',(1.,0.));
#1615 = ( GEOMETRIC_REPRESENTATION_CONTEXT(2) 
PARAMETRIC_REPRESENTATION_CONTEXT() REPRESENTATION_CONTEXT('2D SPACE',''
  ) );
#1616 = FACE_BOUND('',#1617,.F.);
#1617 = EDGE_LOOP('',(#1618));
#1618 = ORIENTED_EDGE('',*,*,#1619,.F.);
#1619 = EDGE_CURVE('',#1620,#1620,#1622,.T.);
#1620 = VERTEX_POINT('',#1621);
#1621 = CARTESIAN_POINT('',(55.4,-39.3,22.));
#1622 = SURFACE_CURVE('',#1623,(#1628,#1635),.PCURVE_S1.);
#1623 = CIRCLE('',#1624,1.7);
#1624 = AXIS2_PLACEMENT_3D('',#1625,#1626,#1627);
#1625 = CARTESIAN_POINT('',(53.7,-39.3,22.));
#1626 = DIRECTION('',(0.,0.,1.));
#1627 = DIRECTION('',(1.,0.,-0.));
#1628 = PCURVE('',#100,#1629);
#1629 = DEFINITIONAL_REPRESENTATION('',(#1630),#1634);
#1630 = CIRCLE('',#1631,1.7);
#1631 = AXIS2_PLACEMENT_2D('',#1632,#1633);
#1632 = CARTESIAN_POINT('',(112.9,5.5));
#1633 = DIRECTION('',(1.,0.));
#1634 = ( GEOMETRIC_REPRESENTATION_CONTEXT(2) 
PARAMETRIC_REPRESENTATION_CONTEXT() REPRESENTATION_CONTEXT('2D SPACE',''
  ) );
#1635 = PCURVE('',#1636,#1641);
#1636 = CYLINDRICAL_SURFACE('',#1637,1.7);
#1637 = AXIS2_PLACEMENT_3D('',#1638,#1639,#1640);
#1638 = CARTESIAN_POINT('',(53.7,-39.3,21.9));
#1639 = DIRECTION('',(0.,0.,1.));
#1640 = DIRECTION('',(1.,0.,-0.));
#1641 = DEFINITIONAL_REPRESENTATION('',(#1642),#1646);
#1642 = LINE('',#1643,#1644);
#1643 = CARTESIAN_POINT('',(0.,0.1));
#1644 = VECTOR('',#1645,1.);
#1645 = DIRECTION('',(1.,0.));
#1646 = ( GEOMETRIC_REPRESENTATION_CONTEXT(2) 
PARAMETRIC_REPRESENTATION_CONTEXT() REPRESENTATION_CONTEXT('2D SPACE',''
  ) );
#1647 = FACE_BOUND('',#1648,.F.);
#1648 = EDGE_LOOP('',(#1649));
#1649 = ORIENTED_EDGE('',*,*,#1650,.F.);
#1650 = EDGE_CURVE('',#1651,#1651,#1653,.T.);
#1651 = VERTEX_POINT('',#1652);
#1652 = CARTESIAN_POINT('',(-52.,39.3,22.));
#1653 = SURFACE_CURVE('',#1654,(#1659,#1666),.PCURVE_S1.);
#1654 = CIRCLE('',#1655,1.7);
#1655 = AXIS2_PLACEMENT_3D('',#1656,#1657,#1658);
#1656 = CARTESIAN_POINT('',(-53.7,39.3,22.));
#1657 = DIRECTION('',(0.,0.,1.));
#1658 = DIRECTION('',(1.,0.,-0.));
#1659 = PCURVE('',#100,#1660);
#1660 = DEFINITIONAL_REPRESENTATION('',(#1661),#1665);
#1661 = CIRCLE('',#1662,1.7);
#1662 = AXIS2_PLACEMENT_2D('',#1663,#1664);
#1663 = CARTESIAN_POINT('',(5.5,84.1));
#1664 = DIRECTION('',(1.,0.));
#1665 = ( GEOMETRIC_REPRESENTATION_CONTEXT(2) 
PARAMETRIC_REPRESENTATION_CONTEXT() REPRESENTATION_CONTEXT('2D SPACE',''
  ) );
#1666 = PCURVE('',#1667,#1672);
#1667 = CYLINDRICAL_SURFACE('',#1668,1.7);
#1668 = AXIS2_PLACEMENT_3D('',#1669,#1670,#1671);
#1669 = CARTESIAN_POINT('',(-53.7,39.3,21.9));
#1670 = DIRECTION('',(0.,0.,1.));
#1671 = DIRECTION('',(1.,0.,-0.));
#1672 = DEFINITIONAL_REPRESENTATION('',(#1673),#1677);
#1673 = LINE('',#1674,#1675);
#1674 = CARTESIAN_POINT('',(0.,0.1));
#1675 = VECTOR('',#1676,1.);
#1676 = DIRECTION('',(1.,0.));
#1677 = ( GEOMETRIC_REPRESENTATION_CONTEXT(2) 
PARAMETRIC_REPRESENTATION_CONTEXT() REPRESENTATION_CONTEXT('2D SPACE',''
  ) );
#1678 = FACE_BOUND('',#1679,.F.);
#1679 = EDGE_LOOP('',(#1680));
#1680 = ORIENTED_EDGE('',*,*,#1681,.F.);
#1681 = EDGE_CURVE('',#1682,#1682,#1684,.T.);
#1682 = VERTEX_POINT('',#1683);
#1683 = CARTESIAN_POINT('',(55.4,39.3,22.));
#1684 = SURFACE_CURVE('',#1685,(#1690,#1697),.PCURVE_S1.);
#1685 = CIRCLE('',#1686,1.7);
#1686 = AXIS2_PLACEMENT_3D('',#1687,#1688,#1689);
#1687 = CARTESIAN_POINT('',(53.7,39.3,22.));
#1688 = DIRECTION('',(0.,0.,1.));
#1689 = DIRECTION('',(1.,0.,-0.));
#1690 = PCURVE('',#100,#1691);
#1691 = DEFINITIONAL_REPRESENTATION('',(#1692),#1696);
#1692 = CIRCLE('',#1693,1.7);
#1693 = AXIS2_PLACEMENT_2D('',#1694,#1695);
#1694 = CARTESIAN_POINT('',(112.9,84.1));
#1695 = DIRECTION('',(1.,0.));
#1696 = ( GEOMETRIC_REPRESENTATION_CONTEXT(2) 
PARAMETRIC_REPRESENTATION_CONTEXT() REPRESENTATION_CONTEXT('2D SPACE',''
  ) );
#1697 = PCURVE('',#1698,#1703);
#1698 = CYLINDRICAL_SURFACE('',#1699,1.7);
#1699 = AXIS2_PLACEMENT_3D('',#1700,#1701,#1702);
#1700 = CARTESIAN_POINT('',(53.7,39.3,21.9));
#1701 = DIRECTION('',(0.,0.,1.));
#1702 = DIRECTION('',(1.,0.,-0.));
#1703 = DEFINITIONAL_REPRESENTATION('',(#1704),#1708);
#1704 = LINE('',#1705,#1706);
#1705 = CARTESIAN_POINT('',(0.,0.1));
#1706 = VECTOR('',#1707,1.);
#1707 = DIRECTION('',(1.,0.));
#1708 = ( GEOMETRIC_REPRESENTATION_CONTEXT(2) 
PARAMETRIC_REPRESENTATION_CONTEXT() REPRESENTATION_CONTEXT('2D SPACE',''
  ) );
#1709 = ADVANCED_FACE('',(#1710),#72,.T.);
#1710 = FACE_BOUND('',#1711,.T.);
#1711 = EDGE_LOOP('',(#1712,#1713,#1734,#1735));
#1712 = ORIENTED_EDGE('',*,*,#1442,.T.);
#1713 = ORIENTED_EDGE('',*,*,#1714,.T.);
#1714 = EDGE_CURVE('',#1443,#250,#1715,.T.);
#1715 = SURFACE_CURVE('',#1716,(#1720,#1727),.PCURVE_S1.);
#1716 = LINE('',#1717,#1718);
#1717 = CARTESIAN_POINT('',(-55.2,-44.8,22.));
#1718 = VECTOR('',#1719,1.);
#1719 = DIRECTION('',(0.,0.,1.));
#1720 = PCURVE('',#72,#1721);
#1721 = DEFINITIONAL_REPRESENTATION('',(#1722),#1726);
#1722 = LINE('',#1723,#1724);
#1723 = CARTESIAN_POINT('',(1.570796326795,0.));
#1724 = VECTOR('',#1725,1.);
#1725 = DIRECTION('',(0.,1.));
#1726 = ( GEOMETRIC_REPRESENTATION_CONTEXT(2) 
PARAMETRIC_REPRESENTATION_CONTEXT() REPRESENTATION_CONTEXT('2D SPACE',''
  ) );
#1727 = PCURVE('',#289,#1728);
#1728 = DEFINITIONAL_REPRESENTATION('',(#1729),#1733);
#1729 = LINE('',#1730,#1731);
#1730 = CARTESIAN_POINT('',(0.,4.));
#1731 = VECTOR('',#1732,1.);
#1732 = DIRECTION('',(1.,0.));
#1733 = ( GEOMETRIC_REPRESENTATION_CONTEXT(2) 
PARAMETRIC_REPRESENTATION_CONTEXT() REPRESENTATION_CONTEXT('2D SPACE',''
  ) );
#1734 = ORIENTED_EDGE('',*,*,#249,.F.);
#1735 = ORIENTED_EDGE('',*,*,#56,.F.);
#1736 = ADVANCED_FACE('',(#1737),#289,.F.);
#1737 = FACE_BOUND('',#1738,.F.);
#1738 = EDGE_LOOP('',(#1739,#1740,#1741,#1742));
#1739 = ORIENTED_EDGE('',*,*,#1466,.F.);
#1740 = ORIENTED_EDGE('',*,*,#1714,.T.);
#1741 = ORIENTED_EDGE('',*,*,#273,.T.);
#1742 = ORIENTED_EDGE('',*,*,#1743,.F.);
#1743 = EDGE_CURVE('',#1467,#274,#1744,.T.);
#1744 = SURFACE_CURVE('',#1745,(#1749,#1756),.PCURVE_S1.);
#1745 = LINE('',#1746,#1747);
#1746 = CARTESIAN_POINT('',(55.2,-44.8,22.));
#1747 = VECTOR('',#1748,1.);
#1748 = DIRECTION('',(0.,0.,1.));
#1749 = PCURVE('',#289,#1750);
#1750 = DEFINITIONAL_REPRESENTATION('',(#1751),#1755);
#1751 = LINE('',#1752,#1753);
#1752 = CARTESIAN_POINT('',(0.,114.4));
#1753 = VECTOR('',#1754,1.);
#1754 = DIRECTION('',(1.,0.));
#1755 = ( GEOMETRIC_REPRESENTATION_CONTEXT(2) 
PARAMETRIC_REPRESENTATION_CONTEXT() REPRESENTATION_CONTEXT('2D SPACE',''
  ) );
#1756 = PCURVE('',#322,#1757);
#1757 = DEFINITIONAL_REPRESENTATION('',(#1758),#1762);
#1758 = LINE('',#1759,#1760);
#1759 = CARTESIAN_POINT('',(-1.570796326795,0.));
#1760 = VECTOR('',#1761,1.);
#1761 = DIRECTION('',(-0.,1.));
#1762 = ( GEOMETRIC_REPRESENTATION_CONTEXT(2) 
PARAMETRIC_REPRESENTATION_CONTEXT() REPRESENTATION_CONTEXT('2D SPACE',''
  ) );
#1763 = ADVANCED_FACE('',(#1764),#516,.T.);
#1764 = FACE_BOUND('',#1765,.T.);
#1765 = EDGE_LOOP('',(#1766,#1767,#1788,#1789));
#1766 = ORIENTED_EDGE('',*,*,#501,.F.);
#1767 = ORIENTED_EDGE('',*,*,#1768,.F.);
#1768 = EDGE_CURVE('',#665,#473,#1769,.T.);
#1769 = SURFACE_CURVE('',#1770,(#1774,#1781),.PCURVE_S1.);
#1770 = LINE('',#1771,#1772);
#1771 = CARTESIAN_POINT('',(-50.6,-28.4,23.6));
#1772 = VECTOR('',#1773,1.);
#1773 = DIRECTION('',(0.,0.,1.));
#1774 = PCURVE('',#516,#1775);
#1775 = DEFINITIONAL_REPRESENTATION('',(#1776),#1780);
#1776 = LINE('',#1777,#1778);
#1777 = CARTESIAN_POINT('',(0.,-2.4));
#1778 = VECTOR('',#1779,1.);
#1779 = DIRECTION('',(1.,0.));
#1780 = ( GEOMETRIC_REPRESENTATION_CONTEXT(2) 
PARAMETRIC_REPRESENTATION_CONTEXT() REPRESENTATION_CONTEXT('2D SPACE',''
  ) );
#1781 = PCURVE('',#489,#1782);
#1782 = DEFINITIONAL_REPRESENTATION('',(#1783),#1787);
#1783 = LINE('',#1784,#1785);
#1784 = CARTESIAN_POINT('',(0.,0.));
#1785 = VECTOR('',#1786,1.);
#1786 = DIRECTION('',(0.,1.));
#1787 = ( GEOMETRIC_REPRESENTATION_CONTEXT(2) 
PARAMETRIC_REPRESENTATION_CONTEXT() REPRESENTATION_CONTEXT('2D SPACE',''
  ) );
#1788 = ORIENTED_EDGE('',*,*,#664,.T.);
#1789 = ORIENTED_EDGE('',*,*,#638,.T.);
#1790 = ADVANCED_FACE('',(#1791),#322,.T.);
#1791 = FACE_BOUND('',#1792,.F.);
#1792 = EDGE_LOOP('',(#1793,#1794,#1795,#1796));
#1793 = ORIENTED_EDGE('',*,*,#1489,.T.);
#1794 = ORIENTED_EDGE('',*,*,#1743,.T.);
#1795 = ORIENTED_EDGE('',*,*,#301,.F.);
#1796 = ORIENTED_EDGE('',*,*,#1797,.F.);
#1797 = EDGE_CURVE('',#1490,#302,#1798,.T.);
#1798 = SURFACE_CURVE('',#1799,(#1803,#1810),.PCURVE_S1.);
#1799 = LINE('',#1800,#1801);
#1800 = CARTESIAN_POINT('',(59.2,-40.8,22.));
#1801 = VECTOR('',#1802,1.);
#1802 = DIRECTION('',(0.,0.,1.));
#1803 = PCURVE('',#322,#1804);
#1804 = DEFINITIONAL_REPRESENTATION('',(#1805),#1809);
#1805 = LINE('',#1806,#1807);
#1806 = CARTESIAN_POINT('',(-0.,0.));
#1807 = VECTOR('',#1808,1.);
#1808 = DIRECTION('',(-0.,1.));
#1809 = ( GEOMETRIC_REPRESENTATION_CONTEXT(2) 
PARAMETRIC_REPRESENTATION_CONTEXT() REPRESENTATION_CONTEXT('2D SPACE',''
  ) );
#1810 = PCURVE('',#350,#1811);
#1811 = DEFINITIONAL_REPRESENTATION('',(#1812),#1816);
#1812 = LINE('',#1813,#1814);
#1813 = CARTESIAN_POINT('',(0.,-4.));
#1814 = VECTOR('',#1815,1.);
#1815 = DIRECTION('',(1.,0.));
#1816 = ( GEOMETRIC_REPRESENTATION_CONTEXT(2) 
PARAMETRIC_REPRESENTATION_CONTEXT() REPRESENTATION_CONTEXT('2D SPACE',''
  ) );
#1817 = ADVANCED_FACE('',(#1818),#489,.F.);
#1818 = FACE_BOUND('',#1819,.F.);
#1819 = EDGE_LOOP('',(#1820,#1821,#1822,#1843));
#1820 = ORIENTED_EDGE('',*,*,#1768,.F.);
#1821 = ORIENTED_EDGE('',*,*,#687,.T.);
#1822 = ORIENTED_EDGE('',*,*,#1823,.T.);
#1823 = EDGE_CURVE('',#688,#447,#1824,.T.);
#1824 = SURFACE_CURVE('',#1825,(#1829,#1836),.PCURVE_S1.);
#1825 = LINE('',#1826,#1827);
#1826 = CARTESIAN_POINT('',(-48.2,-30.8,23.6));
#1827 = VECTOR('',#1828,1.);
#1828 = DIRECTION('',(0.,0.,1.));
#1829 = PCURVE('',#489,#1830);
#1830 = DEFINITIONAL_REPRESENTATION('',(#1831),#1835);
#1831 = LINE('',#1832,#1833);
#1832 = CARTESIAN_POINT('',(1.570796326795,0.));
#1833 = VECTOR('',#1834,1.);
#1834 = DIRECTION('',(0.,1.));
#1835 = ( GEOMETRIC_REPRESENTATION_CONTEXT(2) 
PARAMETRIC_REPRESENTATION_CONTEXT() REPRESENTATION_CONTEXT('2D SPACE',''
  ) );
#1836 = PCURVE('',#461,#1837);
#1837 = DEFINITIONAL_REPRESENTATION('',(#1838),#1842);
#1838 = LINE('',#1839,#1840);
#1839 = CARTESIAN_POINT('',(0.,2.4));
#1840 = VECTOR('',#1841,1.);
#1841 = DIRECTION('',(1.,0.));
#1842 = ( GEOMETRIC_REPRESENTATION_CONTEXT(2) 
PARAMETRIC_REPRESENTATION_CONTEXT() REPRESENTATION_CONTEXT('2D SPACE',''
  ) );
#1843 = ORIENTED_EDGE('',*,*,#472,.F.);
#1844 = ADVANCED_FACE('',(#1845),#350,.T.);
#1845 = FACE_BOUND('',#1846,.T.);
#1846 = EDGE_LOOP('',(#1847,#1848,#1849,#1850,#1871,#1872,#1891,#1892));
#1847 = ORIENTED_EDGE('',*,*,#334,.F.);
#1848 = ORIENTED_EDGE('',*,*,#1797,.F.);
#1849 = ORIENTED_EDGE('',*,*,#1517,.T.);
#1850 = ORIENTED_EDGE('',*,*,#1851,.T.);
#1851 = EDGE_CURVE('',#1518,#1106,#1852,.T.);
#1852 = SURFACE_CURVE('',#1853,(#1857,#1864),.PCURVE_S1.);
#1853 = LINE('',#1854,#1855);
#1854 = CARTESIAN_POINT('',(59.2,40.8,22.));
#1855 = VECTOR('',#1856,1.);
#1856 = DIRECTION('',(0.,0.,1.));
#1857 = PCURVE('',#350,#1858);
#1858 = DEFINITIONAL_REPRESENTATION('',(#1859),#1863);
#1859 = LINE('',#1860,#1861);
#1860 = CARTESIAN_POINT('',(0.,-85.6));
#1861 = VECTOR('',#1862,1.);
#1862 = DIRECTION('',(1.,0.));
#1863 = ( GEOMETRIC_REPRESENTATION_CONTEXT(2) 
PARAMETRIC_REPRESENTATION_CONTEXT() REPRESENTATION_CONTEXT('2D SPACE',''
  ) );
#1864 = PCURVE('',#1145,#1865);
#1865 = DEFINITIONAL_REPRESENTATION('',(#1866),#1870);
#1866 = LINE('',#1867,#1868);
#1867 = CARTESIAN_POINT('',(0.,0.));
#1868 = VECTOR('',#1869,1.);
#1869 = DIRECTION('',(0.,1.));
#1870 = ( GEOMETRIC_REPRESENTATION_CONTEXT(2) 
PARAMETRIC_REPRESENTATION_CONTEXT() REPRESENTATION_CONTEXT('2D SPACE',''
  ) );
#1871 = ORIENTED_EDGE('',*,*,#1105,.F.);
#1872 = ORIENTED_EDGE('',*,*,#1873,.F.);
#1873 = EDGE_CURVE('',#810,#1080,#1874,.T.);
#1874 = SURFACE_CURVE('',#1875,(#1879,#1885),.PCURVE_S1.);
#1875 = LINE('',#1876,#1877);
#1876 = CARTESIAN_POINT('',(59.2,12.18831137271,23.6));
#1877 = VECTOR('',#1878,1.);
#1878 = DIRECTION('',(0.,0.,1.));
#1879 = PCURVE('',#350,#1880);
#1880 = DEFINITIONAL_REPRESENTATION('',(#1881),#1884);
#1881 = B_SPLINE_CURVE_WITH_KNOTS('',1,(#1882,#1883),.UNSPECIFIED.,.F.,
  .F.,(2,2),(-5.999999999062E-07,7.86),.PIECEWISE_BEZIER_KNOTS.);
#1882 = CARTESIAN_POINT('',(1.5999994,-56.98831137271));
#1883 = CARTESIAN_POINT('',(9.46,-56.98831137271));
#1884 = ( GEOMETRIC_REPRESENTATION_CONTEXT(2) 
PARAMETRIC_REPRESENTATION_CONTEXT() REPRESENTATION_CONTEXT('2D SPACE',''
  ) );
#1885 = PCURVE('',#848,#1886);
#1886 = DEFINITIONAL_REPRESENTATION('',(#1887),#1890);
#1887 = B_SPLINE_CURVE_WITH_KNOTS('',1,(#1888,#1889),.UNSPECIFIED.,.F.,
  .F.,(2,2),(-5.999999999062E-07,7.86),.PIECEWISE_BEZIER_KNOTS.);
#1888 = CARTESIAN_POINT('',(1.332174595481,-5.999999999062E-07));
#1889 = CARTESIAN_POINT('',(1.332174595481,7.86));
#1890 = ( GEOMETRIC_REPRESENTATION_CONTEXT(2) 
PARAMETRIC_REPRESENTATION_CONTEXT() REPRESENTATION_CONTEXT('2D SPACE',''
  ) );
#1891 = ORIENTED_EDGE('',*,*,#809,.T.);
#1892 = ORIENTED_EDGE('',*,*,#1893,.T.);
#1893 = EDGE_CURVE('',#786,#335,#1894,.T.);
#1894 = SURFACE_CURVE('',#1895,(#1899,#1905),.PCURVE_S1.);
#1895 = LINE('',#1896,#1897);
#1896 = CARTESIAN_POINT('',(59.2,-9.18831137271,23.6));
#1897 = VECTOR('',#1898,1.);
#1898 = DIRECTION('',(0.,0.,1.));
#1899 = PCURVE('',#350,#1900);
#1900 = DEFINITIONAL_REPRESENTATION('',(#1901),#1904);
#1901 = B_SPLINE_CURVE_WITH_KNOTS('',1,(#1902,#1903),.UNSPECIFIED.,.F.,
  .F.,(2,2),(-5.999999999062E-07,7.86),.PIECEWISE_BEZIER_KNOTS.);
#1902 = CARTESIAN_POINT('',(1.5999994,-35.61168862729));
#1903 = CARTESIAN_POINT('',(9.46,-35.61168862729));
#1904 = ( GEOMETRIC_REPRESENTATION_CONTEXT(2) 
PARAMETRIC_REPRESENTATION_CONTEXT() REPRESENTATION_CONTEXT('2D SPACE',''
  ) );
#1905 = PCURVE('',#379,#1906);
#1906 = DEFINITIONAL_REPRESENTATION('',(#1907),#1910);
#1907 = B_SPLINE_CURVE_WITH_KNOTS('',1,(#1908,#1909),.UNSPECIFIED.,.F.,
  .F.,(2,2),(-5.999999999062E-07,7.86),.PIECEWISE_BEZIER_KNOTS.);
#1908 = CARTESIAN_POINT('',(4.951010711698,-5.999999999062E-07));
#1909 = CARTESIAN_POINT('',(4.951010711698,7.86));
#1910 = ( GEOMETRIC_REPRESENTATION_CONTEXT(2) 
PARAMETRIC_REPRESENTATION_CONTEXT() REPRESENTATION_CONTEXT('2D SPACE',''
  ) );
#1911 = ADVANCED_FACE('',(#1912),#461,.T.);
#1912 = FACE_BOUND('',#1913,.T.);
#1913 = EDGE_LOOP('',(#1914,#1915,#1916,#1917));
#1914 = ORIENTED_EDGE('',*,*,#711,.F.);
#1915 = ORIENTED_EDGE('',*,*,#1823,.T.);
#1916 = ORIENTED_EDGE('',*,*,#446,.F.);
#1917 = ORIENTED_EDGE('',*,*,#1918,.F.);
#1918 = EDGE_CURVE('',#712,#418,#1919,.T.);
#1919 = SURFACE_CURVE('',#1920,(#1924,#1931),.PCURVE_S1.);
#1920 = LINE('',#1921,#1922);
#1921 = CARTESIAN_POINT('',(48.2,-30.8,23.6));
#1922 = VECTOR('',#1923,1.);
#1923 = DIRECTION('',(0.,0.,1.));
#1924 = PCURVE('',#461,#1925);
#1925 = DEFINITIONAL_REPRESENTATION('',(#1926),#1930);
#1926 = LINE('',#1927,#1928);
#1927 = CARTESIAN_POINT('',(0.,98.8));
#1928 = VECTOR('',#1929,1.);
#1929 = DIRECTION('',(1.,0.));
#1930 = ( GEOMETRIC_REPRESENTATION_CONTEXT(2) 
PARAMETRIC_REPRESENTATION_CONTEXT() REPRESENTATION_CONTEXT('2D SPACE',''
  ) );
#1931 = PCURVE('',#434,#1932);
#1932 = DEFINITIONAL_REPRESENTATION('',(#1933),#1937);
#1933 = LINE('',#1934,#1935);
#1934 = CARTESIAN_POINT('',(-1.570796326795,0.));
#1935 = VECTOR('',#1936,1.);
#1936 = DIRECTION('',(-0.,1.));
#1937 = ( GEOMETRIC_REPRESENTATION_CONTEXT(2) 
PARAMETRIC_REPRESENTATION_CONTEXT() REPRESENTATION_CONTEXT('2D SPACE',''
  ) );
#1938 = ADVANCED_FACE('',(#1939),#379,.F.);
#1939 = FACE_BOUND('',#1940,.F.);
#1940 = EDGE_LOOP('',(#1941,#1942,#1943,#1944));
#1941 = ORIENTED_EDGE('',*,*,#785,.T.);
#1942 = ORIENTED_EDGE('',*,*,#1893,.T.);
#1943 = ORIENTED_EDGE('',*,*,#362,.F.);
#1944 = ORIENTED_EDGE('',*,*,#1945,.F.);
#1945 = EDGE_CURVE('',#763,#363,#1946,.T.);
#1946 = SURFACE_CURVE('',#1947,(#1951,#1957),.PCURVE_S1.);
#1947 = LINE('',#1948,#1949);
#1948 = CARTESIAN_POINT('',(50.6,-7.719544457293,23.6));
#1949 = VECTOR('',#1950,1.);
#1950 = DIRECTION('',(0.,0.,1.));
#1951 = PCURVE('',#379,#1952);
#1952 = DEFINITIONAL_REPRESENTATION('',(#1953),#1956);
#1953 = B_SPLINE_CURVE_WITH_KNOTS('',1,(#1954,#1955),.UNSPECIFIED.,.F.,
  .F.,(2,2),(-5.999999999062E-07,7.7),.PIECEWISE_BEZIER_KNOTS.);
#1954 = CARTESIAN_POINT('',(4.135457635148,-5.999999999062E-07));
#1955 = CARTESIAN_POINT('',(4.135457635148,7.7));
#1956 = ( GEOMETRIC_REPRESENTATION_CONTEXT(2) 
PARAMETRIC_REPRESENTATION_CONTEXT() REPRESENTATION_CONTEXT('2D SPACE',''
  ) );
#1957 = PCURVE('',#406,#1958);
#1958 = DEFINITIONAL_REPRESENTATION('',(#1959),#1962);
#1959 = B_SPLINE_CURVE_WITH_KNOTS('',1,(#1960,#1961),.UNSPECIFIED.,.F.,
  .F.,(2,2),(-5.999999999062E-07,7.7),.PIECEWISE_BEZIER_KNOTS.);
#1960 = CARTESIAN_POINT('',(-5.999999999062E-07,-23.0804555427));
#1961 = CARTESIAN_POINT('',(7.7,-23.0804555427));
#1962 = ( GEOMETRIC_REPRESENTATION_CONTEXT(2) 
PARAMETRIC_REPRESENTATION_CONTEXT() REPRESENTATION_CONTEXT('2D SPACE',''
  ) );
#1963 = ADVANCED_FACE('',(#1964),#434,.F.);
#1964 = FACE_BOUND('',#1965,.T.);
#1965 = EDGE_LOOP('',(#1966,#1987,#1988,#1989));
#1966 = ORIENTED_EDGE('',*,*,#1967,.F.);
#1967 = EDGE_CURVE('',#735,#392,#1968,.T.);
#1968 = SURFACE_CURVE('',#1969,(#1973,#1980),.PCURVE_S1.);
#1969 = LINE('',#1970,#1971);
#1970 = CARTESIAN_POINT('',(50.6,-28.4,23.6));
#1971 = VECTOR('',#1972,1.);
#1972 = DIRECTION('',(0.,0.,1.));
#1973 = PCURVE('',#434,#1974);
#1974 = DEFINITIONAL_REPRESENTATION('',(#1975),#1979);
#1975 = LINE('',#1976,#1977);
#1976 = CARTESIAN_POINT('',(-0.,0.));
#1977 = VECTOR('',#1978,1.);
#1978 = DIRECTION('',(-0.,1.));
#1979 = ( GEOMETRIC_REPRESENTATION_CONTEXT(2) 
PARAMETRIC_REPRESENTATION_CONTEXT() REPRESENTATION_CONTEXT('2D SPACE',''
  ) );
#1980 = PCURVE('',#406,#1981);
#1981 = DEFINITIONAL_REPRESENTATION('',(#1982),#1986);
#1982 = LINE('',#1983,#1984);
#1983 = CARTESIAN_POINT('',(0.,-2.4));
#1984 = VECTOR('',#1985,1.);
#1985 = DIRECTION('',(1.,0.));
#1986 = ( GEOMETRIC_REPRESENTATION_CONTEXT(2) 
PARAMETRIC_REPRESENTATION_CONTEXT() REPRESENTATION_CONTEXT('2D SPACE',''
  ) );
#1987 = ORIENTED_EDGE('',*,*,#734,.T.);
#1988 = ORIENTED_EDGE('',*,*,#1918,.T.);
#1989 = ORIENTED_EDGE('',*,*,#417,.T.);
#1990 = ADVANCED_FACE('',(#1991),#406,.F.);
#1991 = FACE_BOUND('',#1992,.F.);
#1992 = EDGE_LOOP('',(#1993,#1994,#1995,#1996));
#1993 = ORIENTED_EDGE('',*,*,#391,.F.);
#1994 = ORIENTED_EDGE('',*,*,#1967,.F.);
#1995 = ORIENTED_EDGE('',*,*,#762,.T.);
#1996 = ORIENTED_EDGE('',*,*,#1945,.T.);
#1997 = ADVANCED_FACE('',(#1998),#568,.F.);
#1998 = FACE_BOUND('',#1999,.F.);
#1999 = EDGE_LOOP('',(#2000,#2001,#2024,#2051));
#2000 = ORIENTED_EDGE('',*,*,#551,.F.);
#2001 = ORIENTED_EDGE('',*,*,#2002,.F.);
#2002 = EDGE_CURVE('',#2003,#552,#2005,.T.);
#2003 = VERTEX_POINT('',#2004);
#2004 = CARTESIAN_POINT('',(-50.6,-39.3,28.1));
#2005 = SEAM_CURVE('',#2006,(#2010,#2017),.PCURVE_S1.);
#2006 = LINE('',#2007,#2008);
#2007 = CARTESIAN_POINT('',(-50.6,-39.3,28.1));
#2008 = VECTOR('',#2009,1.);
#2009 = DIRECTION('',(0.,0.,1.));
#2010 = PCURVE('',#568,#2011);
#2011 = DEFINITIONAL_REPRESENTATION('',(#2012),#2016);
#2012 = LINE('',#2013,#2014);
#2013 = CARTESIAN_POINT('',(6.28318530718,-0.));
#2014 = VECTOR('',#2015,1.);
#2015 = DIRECTION('',(0.,1.));
#2016 = ( GEOMETRIC_REPRESENTATION_CONTEXT(2) 
PARAMETRIC_REPRESENTATION_CONTEXT() REPRESENTATION_CONTEXT('2D SPACE',''
  ) );
#2017 = PCURVE('',#568,#2018);
#2018 = DEFINITIONAL_REPRESENTATION('',(#2019),#2023);
#2019 = LINE('',#2020,#2021);
#2020 = CARTESIAN_POINT('',(0.,-0.));
#2021 = VECTOR('',#2022,1.);
#2022 = DIRECTION('',(0.,1.));
#2023 = ( GEOMETRIC_REPRESENTATION_CONTEXT(2) 
PARAMETRIC_REPRESENTATION_CONTEXT() REPRESENTATION_CONTEXT('2D SPACE',''
  ) );
#2024 = ORIENTED_EDGE('',*,*,#2025,.T.);
#2025 = EDGE_CURVE('',#2003,#2003,#2026,.T.);
#2026 = SURFACE_CURVE('',#2027,(#2032,#2039),.PCURVE_S1.);
#2027 = CIRCLE('',#2028,3.1);
#2028 = AXIS2_PLACEMENT_3D('',#2029,#2030,#2031);
#2029 = CARTESIAN_POINT('',(-53.7,-39.3,28.1));
#2030 = DIRECTION('',(0.,0.,1.));
#2031 = DIRECTION('',(1.,0.,-0.));
#2032 = PCURVE('',#568,#2033);
#2033 = DEFINITIONAL_REPRESENTATION('',(#2034),#2038);
#2034 = LINE('',#2035,#2036);
#2035 = CARTESIAN_POINT('',(0.,0.));
#2036 = VECTOR('',#2037,1.);
#2037 = DIRECTION('',(1.,0.));
#2038 = ( GEOMETRIC_REPRESENTATION_CONTEXT(2) 
PARAMETRIC_REPRESENTATION_CONTEXT() REPRESENTATION_CONTEXT('2D SPACE',''
  ) );
#2039 = PCURVE('',#2040,#2045);
#2040 = PLANE('',#2041);
#2041 = AXIS2_PLACEMENT_3D('',#2042,#2043,#2044);
#2042 = CARTESIAN_POINT('',(-53.7,-39.3,28.1));
#2043 = DIRECTION('',(0.,0.,1.));
#2044 = DIRECTION('',(1.,0.,-0.));
#2045 = DEFINITIONAL_REPRESENTATION('',(#2046),#2050);
#2046 = CIRCLE('',#2047,3.1);
#2047 = AXIS2_PLACEMENT_2D('',#2048,#2049);
#2048 = CARTESIAN_POINT('',(0.,0.));
#2049 = DIRECTION('',(1.,0.));
#2050 = ( GEOMETRIC_REPRESENTATION_CONTEXT(2) 
PARAMETRIC_REPRESENTATION_CONTEXT() REPRESENTATION_CONTEXT('2D SPACE',''
  ) );
#2051 = ORIENTED_EDGE('',*,*,#2002,.T.);
#2052 = ADVANCED_FACE('',(#2053),#599,.F.);
#2053 = FACE_BOUND('',#2054,.F.);
#2054 = EDGE_LOOP('',(#2055,#2056,#2079,#2106));
#2055 = ORIENTED_EDGE('',*,*,#582,.F.);
#2056 = ORIENTED_EDGE('',*,*,#2057,.F.);
#2057 = EDGE_CURVE('',#2058,#583,#2060,.T.);
#2058 = VERTEX_POINT('',#2059);
#2059 = CARTESIAN_POINT('',(56.8,-39.3,28.1));
#2060 = SEAM_CURVE('',#2061,(#2065,#2072),.PCURVE_S1.);
#2061 = LINE('',#2062,#2063);
#2062 = CARTESIAN_POINT('',(56.8,-39.3,28.1));
#2063 = VECTOR('',#2064,1.);
#2064 = DIRECTION('',(0.,0.,1.));
#2065 = PCURVE('',#599,#2066);
#2066 = DEFINITIONAL_REPRESENTATION('',(#2067),#2071);
#2067 = LINE('',#2068,#2069);
#2068 = CARTESIAN_POINT('',(6.28318530718,-0.));
#2069 = VECTOR('',#2070,1.);
#2070 = DIRECTION('',(0.,1.));
#2071 = ( GEOMETRIC_REPRESENTATION_CONTEXT(2) 
PARAMETRIC_REPRESENTATION_CONTEXT() REPRESENTATION_CONTEXT('2D SPACE',''
  ) );
#2072 = PCURVE('',#599,#2073);
#2073 = DEFINITIONAL_REPRESENTATION('',(#2074),#2078);
#2074 = LINE('',#2075,#2076);
#2075 = CARTESIAN_POINT('',(0.,-0.));
#2076 = VECTOR('',#2077,1.);
#2077 = DIRECTION('',(0.,1.));
#2078 = ( GEOMETRIC_REPRESENTATION_CONTEXT(2) 
PARAMETRIC_REPRESENTATION_CONTEXT() REPRESENTATION_CONTEXT('2D SPACE',''
  ) );
#2079 = ORIENTED_EDGE('',*,*,#2080,.T.);
#2080 = EDGE_CURVE('',#2058,#2058,#2081,.T.);
#2081 = SURFACE_CURVE('',#2082,(#2087,#2094),.PCURVE_S1.);
#2082 = CIRCLE('',#2083,3.1);
#2083 = AXIS2_PLACEMENT_3D('',#2084,#2085,#2086);
#2084 = CARTESIAN_POINT('',(53.7,-39.3,28.1));
#2085 = DIRECTION('',(0.,0.,1.));
#2086 = DIRECTION('',(1.,0.,-0.));
#2087 = PCURVE('',#599,#2088);
#2088 = DEFINITIONAL_REPRESENTATION('',(#2089),#2093);
#2089 = LINE('',#2090,#2091);
#2090 = CARTESIAN_POINT('',(0.,0.));
#2091 = VECTOR('',#2092,1.);
#2092 = DIRECTION('',(1.,0.));
#2093 = ( GEOMETRIC_REPRESENTATION_CONTEXT(2) 
PARAMETRIC_REPRESENTATION_CONTEXT() REPRESENTATION_CONTEXT('2D SPACE',''
  ) );
#2094 = PCURVE('',#2095,#2100);
#2095 = PLANE('',#2096);
#2096 = AXIS2_PLACEMENT_3D('',#2097,#2098,#2099);
#2097 = CARTESIAN_POINT('',(53.7,-39.3,28.1));
#2098 = DIRECTION('',(0.,0.,1.));
#2099 = DIRECTION('',(1.,0.,-0.));
#2100 = DEFINITIONAL_REPRESENTATION('',(#2101),#2105);
#2101 = CIRCLE('',#2102,3.1);
#2102 = AXIS2_PLACEMENT_2D('',#2103,#2104);
#2103 = CARTESIAN_POINT('',(0.,0.));
#2104 = DIRECTION('',(1.,0.));
#2105 = ( GEOMETRIC_REPRESENTATION_CONTEXT(2) 
PARAMETRIC_REPRESENTATION_CONTEXT() REPRESENTATION_CONTEXT('2D SPACE',''
  ) );
#2106 = ORIENTED_EDGE('',*,*,#2057,.T.);
#2107 = ADVANCED_FACE('',(#2108),#848,.F.);
#2108 = FACE_BOUND('',#2109,.F.);
#2109 = EDGE_LOOP('',(#2110,#2111,#2112,#2131));
#2110 = ORIENTED_EDGE('',*,*,#1873,.F.);
#2111 = ORIENTED_EDGE('',*,*,#831,.T.);
#2112 = ORIENTED_EDGE('',*,*,#2113,.T.);
#2113 = EDGE_CURVE('',#832,#1082,#2114,.T.);
#2114 = SURFACE_CURVE('',#2115,(#2119,#2125),.PCURVE_S1.);
#2115 = LINE('',#2116,#2117);
#2116 = CARTESIAN_POINT('',(50.6,10.719544457293,23.6));
#2117 = VECTOR('',#2118,1.);
#2118 = DIRECTION('',(0.,0.,1.));
#2119 = PCURVE('',#848,#2120);
#2120 = DEFINITIONAL_REPRESENTATION('',(#2121),#2124);
#2121 = B_SPLINE_CURVE_WITH_KNOTS('',1,(#2122,#2123),.UNSPECIFIED.,.F.,
  .F.,(2,2),(-5.999999999062E-07,7.7),.PIECEWISE_BEZIER_KNOTS.);
#2122 = CARTESIAN_POINT('',(2.147727672031,-5.999999999062E-07));
#2123 = CARTESIAN_POINT('',(2.147727672031,7.7));
#2124 = ( GEOMETRIC_REPRESENTATION_CONTEXT(2) 
PARAMETRIC_REPRESENTATION_CONTEXT() REPRESENTATION_CONTEXT('2D SPACE',''
  ) );
#2125 = PCURVE('',#876,#2126);
#2126 = DEFINITIONAL_REPRESENTATION('',(#2127),#2130);
#2127 = B_SPLINE_CURVE_WITH_KNOTS('',1,(#2128,#2129),.UNSPECIFIED.,.F.,
  .F.,(2,2),(-5.999999999062E-07,7.7),.PIECEWISE_BEZIER_KNOTS.);
#2128 = CARTESIAN_POINT('',(-5.999999999062E-07,-41.51954445729));
#2129 = CARTESIAN_POINT('',(7.7,-41.51954445729));
#2130 = ( GEOMETRIC_REPRESENTATION_CONTEXT(2) 
PARAMETRIC_REPRESENTATION_CONTEXT() REPRESENTATION_CONTEXT('2D SPACE',''
  ) );
#2131 = ORIENTED_EDGE('',*,*,#1079,.F.);
#2132 = ADVANCED_FACE('',(#2133),#876,.F.);
#2133 = FACE_BOUND('',#2134,.F.);
#2134 = EDGE_LOOP('',(#2135,#2136,#2137,#2138));
#2135 = ORIENTED_EDGE('',*,*,#1303,.F.);
#2136 = ORIENTED_EDGE('',*,*,#2113,.F.);
#2137 = ORIENTED_EDGE('',*,*,#860,.T.);
#2138 = ORIENTED_EDGE('',*,*,#2139,.T.);
#2139 = EDGE_CURVE('',#861,#1280,#2140,.T.);
#2140 = SURFACE_CURVE('',#2141,(#2145,#2152),.PCURVE_S1.);
#2141 = LINE('',#2142,#2143);
#2142 = CARTESIAN_POINT('',(50.6,31.4,23.6));
#2143 = VECTOR('',#2144,1.);
#2144 = DIRECTION('',(0.,0.,1.));
#2145 = PCURVE('',#876,#2146);
#2146 = DEFINITIONAL_REPRESENTATION('',(#2147),#2151);
#2147 = LINE('',#2148,#2149);
#2148 = CARTESIAN_POINT('',(0.,-62.2));
#2149 = VECTOR('',#2150,1.);
#2150 = DIRECTION('',(1.,0.));
#2151 = ( GEOMETRIC_REPRESENTATION_CONTEXT(2) 
PARAMETRIC_REPRESENTATION_CONTEXT() REPRESENTATION_CONTEXT('2D SPACE',''
  ) );
#2152 = PCURVE('',#905,#2153);
#2153 = DEFINITIONAL_REPRESENTATION('',(#2154),#2158);
#2154 = LINE('',#2155,#2156);
#2155 = CARTESIAN_POINT('',(0.,0.));
#2156 = VECTOR('',#2157,1.);
#2157 = DIRECTION('',(0.,1.));
#2158 = ( GEOMETRIC_REPRESENTATION_CONTEXT(2) 
PARAMETRIC_REPRESENTATION_CONTEXT() REPRESENTATION_CONTEXT('2D SPACE',''
  ) );
#2159 = ADVANCED_FACE('',(#2160),#905,.F.);
#2160 = FACE_BOUND('',#2161,.F.);
#2161 = EDGE_LOOP('',(#2162,#2163,#2164,#2185));
#2162 = ORIENTED_EDGE('',*,*,#2139,.F.);
#2163 = ORIENTED_EDGE('',*,*,#888,.T.);
#2164 = ORIENTED_EDGE('',*,*,#2165,.T.);
#2165 = EDGE_CURVE('',#889,#1259,#2166,.T.);
#2166 = SURFACE_CURVE('',#2167,(#2171,#2178),.PCURVE_S1.);
#2167 = LINE('',#2168,#2169);
#2168 = CARTESIAN_POINT('',(48.2,33.8,23.6));
#2169 = VECTOR('',#2170,1.);
#2170 = DIRECTION('',(0.,0.,1.));
#2171 = PCURVE('',#905,#2172);
#2172 = DEFINITIONAL_REPRESENTATION('',(#2173),#2177);
#2173 = LINE('',#2174,#2175);
#2174 = CARTESIAN_POINT('',(1.570796326795,0.));
#2175 = VECTOR('',#2176,1.);
#2176 = DIRECTION('',(0.,1.));
#2177 = ( GEOMETRIC_REPRESENTATION_CONTEXT(2) 
PARAMETRIC_REPRESENTATION_CONTEXT() REPRESENTATION_CONTEXT('2D SPACE',''
  ) );
#2178 = PCURVE('',#933,#2179);
#2179 = DEFINITIONAL_REPRESENTATION('',(#2180),#2184);
#2180 = LINE('',#2181,#2182);
#2181 = CARTESIAN_POINT('',(0.,98.8));
#2182 = VECTOR('',#2183,1.);
#2183 = DIRECTION('',(1.,0.));
#2184 = ( GEOMETRIC_REPRESENTATION_CONTEXT(2) 
PARAMETRIC_REPRESENTATION_CONTEXT() REPRESENTATION_CONTEXT('2D SPACE',''
  ) );
#2185 = ORIENTED_EDGE('',*,*,#1279,.F.);
#2186 = ADVANCED_FACE('',(#2187),#933,.F.);
#2187 = FACE_BOUND('',#2188,.F.);
#2188 = EDGE_LOOP('',(#2189,#2190,#2211,#2212));
#2189 = ORIENTED_EDGE('',*,*,#917,.F.);
#2190 = ORIENTED_EDGE('',*,*,#2191,.T.);
#2191 = EDGE_CURVE('',#918,#1235,#2192,.T.);
#2192 = SURFACE_CURVE('',#2193,(#2197,#2204),.PCURVE_S1.);
#2193 = LINE('',#2194,#2195);
#2194 = CARTESIAN_POINT('',(-48.2,33.8,23.6));
#2195 = VECTOR('',#2196,1.);
#2196 = DIRECTION('',(0.,0.,1.));
#2197 = PCURVE('',#933,#2198);
#2198 = DEFINITIONAL_REPRESENTATION('',(#2199),#2203);
#2199 = LINE('',#2200,#2201);
#2200 = CARTESIAN_POINT('',(0.,2.4));
#2201 = VECTOR('',#2202,1.);
#2202 = DIRECTION('',(1.,0.));
#2203 = ( GEOMETRIC_REPRESENTATION_CONTEXT(2) 
PARAMETRIC_REPRESENTATION_CONTEXT() REPRESENTATION_CONTEXT('2D SPACE',''
  ) );
#2204 = PCURVE('',#966,#2205);
#2205 = DEFINITIONAL_REPRESENTATION('',(#2206),#2210);
#2206 = LINE('',#2207,#2208);
#2207 = CARTESIAN_POINT('',(-1.570796326795,0.));
#2208 = VECTOR('',#2209,1.);
#2209 = DIRECTION('',(-0.,1.));
#2210 = ( GEOMETRIC_REPRESENTATION_CONTEXT(2) 
PARAMETRIC_REPRESENTATION_CONTEXT() REPRESENTATION_CONTEXT('2D SPACE',''
  ) );
#2211 = ORIENTED_EDGE('',*,*,#1258,.F.);
#2212 = ORIENTED_EDGE('',*,*,#2165,.F.);
#2213 = ADVANCED_FACE('',(#2214),#966,.F.);
#2214 = FACE_BOUND('',#2215,.T.);
#2215 = EDGE_LOOP('',(#2216,#2237,#2238,#2239));
#2216 = ORIENTED_EDGE('',*,*,#2217,.F.);
#2217 = EDGE_CURVE('',#946,#1214,#2218,.T.);
#2218 = SURFACE_CURVE('',#2219,(#2223,#2230),.PCURVE_S1.);
#2219 = LINE('',#2220,#2221);
#2220 = CARTESIAN_POINT('',(-50.6,31.4,23.6));
#2221 = VECTOR('',#2222,1.);
#2222 = DIRECTION('',(0.,0.,1.));
#2223 = PCURVE('',#966,#2224);
#2224 = DEFINITIONAL_REPRESENTATION('',(#2225),#2229);
#2225 = LINE('',#2226,#2227);
#2226 = CARTESIAN_POINT('',(-0.,0.));
#2227 = VECTOR('',#2228,1.);
#2228 = DIRECTION('',(-0.,1.));
#2229 = ( GEOMETRIC_REPRESENTATION_CONTEXT(2) 
PARAMETRIC_REPRESENTATION_CONTEXT() REPRESENTATION_CONTEXT('2D SPACE',''
  ) );
#2230 = PCURVE('',#994,#2231);
#2231 = DEFINITIONAL_REPRESENTATION('',(#2232),#2236);
#2232 = LINE('',#2233,#2234);
#2233 = CARTESIAN_POINT('',(0.,-62.2));
#2234 = VECTOR('',#2235,1.);
#2235 = DIRECTION('',(1.,0.));
#2236 = ( GEOMETRIC_REPRESENTATION_CONTEXT(2) 
PARAMETRIC_REPRESENTATION_CONTEXT() REPRESENTATION_CONTEXT('2D SPACE',''
  ) );
#2237 = ORIENTED_EDGE('',*,*,#945,.T.);
#2238 = ORIENTED_EDGE('',*,*,#2191,.T.);
#2239 = ORIENTED_EDGE('',*,*,#1234,.T.);
#2240 = ADVANCED_FACE('',(#2241),#994,.T.);
#2241 = FACE_BOUND('',#2242,.T.);
#2242 = EDGE_LOOP('',(#2243,#2244,#2245,#2246));
#2243 = ORIENTED_EDGE('',*,*,#1213,.F.);
#2244 = ORIENTED_EDGE('',*,*,#1031,.F.);
#2245 = ORIENTED_EDGE('',*,*,#978,.T.);
#2246 = ORIENTED_EDGE('',*,*,#2217,.T.);
#2247 = ADVANCED_FACE('',(#2248),#1145,.T.);
#2248 = FACE_BOUND('',#2249,.T.);
#2249 = EDGE_LOOP('',(#2250,#2251,#2272,#2273));
#2250 = ORIENTED_EDGE('',*,*,#1540,.T.);
#2251 = ORIENTED_EDGE('',*,*,#2252,.T.);
#2252 = EDGE_CURVE('',#1541,#1129,#2253,.T.);
#2253 = SURFACE_CURVE('',#2254,(#2258,#2265),.PCURVE_S1.);
#2254 = LINE('',#2255,#2256);
#2255 = CARTESIAN_POINT('',(55.2,44.8,22.));
#2256 = VECTOR('',#2257,1.);
#2257 = DIRECTION('',(0.,0.,1.));
#2258 = PCURVE('',#1145,#2259);
#2259 = DEFINITIONAL_REPRESENTATION('',(#2260),#2264);
#2260 = LINE('',#2261,#2262);
#2261 = CARTESIAN_POINT('',(1.570796326795,0.));
#2262 = VECTOR('',#2263,1.);
#2263 = DIRECTION('',(0.,1.));
#2264 = ( GEOMETRIC_REPRESENTATION_CONTEXT(2) 
PARAMETRIC_REPRESENTATION_CONTEXT() REPRESENTATION_CONTEXT('2D SPACE',''
  ) );
#2265 = PCURVE('',#1173,#2266);
#2266 = DEFINITIONAL_REPRESENTATION('',(#2267),#2271);
#2267 = LINE('',#2268,#2269);
#2268 = CARTESIAN_POINT('',(0.,114.4));
#2269 = VECTOR('',#2270,1.);
#2270 = DIRECTION('',(1.,0.));
#2271 = ( GEOMETRIC_REPRESENTATION_CONTEXT(2) 
PARAMETRIC_REPRESENTATION_CONTEXT() REPRESENTATION_CONTEXT('2D SPACE',''
  ) );
#2272 = ORIENTED_EDGE('',*,*,#1128,.F.);
#2273 = ORIENTED_EDGE('',*,*,#1851,.F.);
#2274 = ADVANCED_FACE('',(#2275),#1173,.T.);
#2275 = FACE_BOUND('',#2276,.T.);
#2276 = EDGE_LOOP('',(#2277,#2278,#2279,#2280));
#2277 = ORIENTED_EDGE('',*,*,#1564,.F.);
#2278 = ORIENTED_EDGE('',*,*,#1415,.T.);
#2279 = ORIENTED_EDGE('',*,*,#1157,.T.);
#2280 = ORIENTED_EDGE('',*,*,#2252,.F.);
#2281 = ADVANCED_FACE('',(#2282),#1341,.F.);
#2282 = FACE_BOUND('',#2283,.F.);
#2283 = EDGE_LOOP('',(#2284,#2285,#2308,#2335));
#2284 = ORIENTED_EDGE('',*,*,#1324,.F.);
#2285 = ORIENTED_EDGE('',*,*,#2286,.F.);
#2286 = EDGE_CURVE('',#2287,#1325,#2289,.T.);
#2287 = VERTEX_POINT('',#2288);
#2288 = CARTESIAN_POINT('',(-50.6,39.3,28.1));
#2289 = SEAM_CURVE('',#2290,(#2294,#2301),.PCURVE_S1.);
#2290 = LINE('',#2291,#2292);
#2291 = CARTESIAN_POINT('',(-50.6,39.3,28.1));
#2292 = VECTOR('',#2293,1.);
#2293 = DIRECTION('',(0.,0.,1.));
#2294 = PCURVE('',#1341,#2295);
#2295 = DEFINITIONAL_REPRESENTATION('',(#2296),#2300);
#2296 = LINE('',#2297,#2298);
#2297 = CARTESIAN_POINT('',(6.28318530718,-0.));
#2298 = VECTOR('',#2299,1.);
#2299 = DIRECTION('',(0.,1.));
#2300 = ( GEOMETRIC_REPRESENTATION_CONTEXT(2) 
PARAMETRIC_REPRESENTATION_CONTEXT() REPRESENTATION_CONTEXT('2D SPACE',''
  ) );
#2301 = PCURVE('',#1341,#2302);
#2302 = DEFINITIONAL_REPRESENTATION('',(#2303),#2307);
#2303 = LINE('',#2304,#2305);
#2304 = CARTESIAN_POINT('',(0.,-0.));
#2305 = VECTOR('',#2306,1.);
#2306 = DIRECTION('',(0.,1.));
#2307 = ( GEOMETRIC_REPRESENTATION_CONTEXT(2) 
PARAMETRIC_REPRESENTATION_CONTEXT() REPRESENTATION_CONTEXT('2D SPACE',''
  ) );
#2308 = ORIENTED_EDGE('',*,*,#2309,.T.);
#2309 = EDGE_CURVE('',#2287,#2287,#2310,.T.);
#2310 = SURFACE_CURVE('',#2311,(#2316,#2323),.PCURVE_S1.);
#2311 = CIRCLE('',#2312,3.1);
#2312 = AXIS2_PLACEMENT_3D('',#2313,#2314,#2315);
#2313 = CARTESIAN_POINT('',(-53.7,39.3,28.1));
#2314 = DIRECTION('',(0.,0.,1.));
#2315 = DIRECTION('',(1.,0.,-0.));
#2316 = PCURVE('',#1341,#2317);
#2317 = DEFINITIONAL_REPRESENTATION('',(#2318),#2322);
#2318 = LINE('',#2319,#2320);
#2319 = CARTESIAN_POINT('',(0.,0.));
#2320 = VECTOR('',#2321,1.);
#2321 = DIRECTION('',(1.,0.));
#2322 = ( GEOMETRIC_REPRESENTATION_CONTEXT(2) 
PARAMETRIC_REPRESENTATION_CONTEXT() REPRESENTATION_CONTEXT('2D SPACE',''
  ) );
#2323 = PCURVE('',#2324,#2329);
#2324 = PLANE('',#2325);
#2325 = AXIS2_PLACEMENT_3D('',#2326,#2327,#2328);
#2326 = CARTESIAN_POINT('',(-53.7,39.3,28.1));
#2327 = DIRECTION('',(0.,0.,1.));
#2328 = DIRECTION('',(1.,0.,-0.));
#2329 = DEFINITIONAL_REPRESENTATION('',(#2330),#2334);
#2330 = CIRCLE('',#2331,3.1);
#2331 = AXIS2_PLACEMENT_2D('',#2332,#2333);
#2332 = CARTESIAN_POINT('',(0.,0.));
#2333 = DIRECTION('',(1.,0.));
#2334 = ( GEOMETRIC_REPRESENTATION_CONTEXT(2) 
PARAMETRIC_REPRESENTATION_CONTEXT() REPRESENTATION_CONTEXT('2D SPACE',''
  ) );
#2335 = ORIENTED_EDGE('',*,*,#2286,.T.);
#2336 = ADVANCED_FACE('',(#2337),#1372,.F.);
#2337 = FACE_BOUND('',#2338,.F.);
#2338 = EDGE_LOOP('',(#2339,#2340,#2363,#2390));
#2339 = ORIENTED_EDGE('',*,*,#1355,.F.);
#2340 = ORIENTED_EDGE('',*,*,#2341,.F.);
#2341 = EDGE_CURVE('',#2342,#1356,#2344,.T.);
#2342 = VERTEX_POINT('',#2343);
#2343 = CARTESIAN_POINT('',(56.8,39.3,28.1));
#2344 = SEAM_CURVE('',#2345,(#2349,#2356),.PCURVE_S1.);
#2345 = LINE('',#2346,#2347);
#2346 = CARTESIAN_POINT('',(56.8,39.3,28.1));
#2347 = VECTOR('',#2348,1.);
#2348 = DIRECTION('',(0.,0.,1.));
#2349 = PCURVE('',#1372,#2350);
#2350 = DEFINITIONAL_REPRESENTATION('',(#2351),#2355);
#2351 = LINE('',#2352,#2353);
#2352 = CARTESIAN_POINT('',(6.28318530718,-0.));
#2353 = VECTOR('',#2354,1.);
#2354 = DIRECTION('',(0.,1.));
#2355 = ( GEOMETRIC_REPRESENTATION_CONTEXT(2) 
PARAMETRIC_REPRESENTATION_CONTEXT() REPRESENTATION_CONTEXT('2D SPACE',''
  ) );
#2356 = PCURVE('',#1372,#2357);
#2357 = DEFINITIONAL_REPRESENTATION('',(#2358),#2362);
#2358 = LINE('',#2359,#2360);
#2359 = CARTESIAN_POINT('',(0.,-0.));
#2360 = VECTOR('',#2361,1.);
#2361 = DIRECTION('',(0.,1.));
#2362 = ( GEOMETRIC_REPRESENTATION_CONTEXT(2) 
PARAMETRIC_REPRESENTATION_CONTEXT() REPRESENTATION_CONTEXT('2D SPACE',''
  ) );
#2363 = ORIENTED_EDGE('',*,*,#2364,.T.);
#2364 = EDGE_CURVE('',#2342,#2342,#2365,.T.);
#2365 = SURFACE_CURVE('',#2366,(#2371,#2378),.PCURVE_S1.);
#2366 = CIRCLE('',#2367,3.1);
#2367 = AXIS2_PLACEMENT_3D('',#2368,#2369,#2370);
#2368 = CARTESIAN_POINT('',(53.7,39.3,28.1));
#2369 = DIRECTION('',(0.,0.,1.));
#2370 = DIRECTION('',(1.,0.,-0.));
#2371 = PCURVE('',#1372,#2372);
#2372 = DEFINITIONAL_REPRESENTATION('',(#2373),#2377);
#2373 = LINE('',#2374,#2375);
#2374 = CARTESIAN_POINT('',(0.,0.));
#2375 = VECTOR('',#2376,1.);
#2376 = DIRECTION('',(1.,0.));
#2377 = ( GEOMETRIC_REPRESENTATION_CONTEXT(2) 
PARAMETRIC_REPRESENTATION_CONTEXT() REPRESENTATION_CONTEXT('2D SPACE',''
  ) );
#2378 = PCURVE('',#2379,#2384);
#2379 = PLANE('',#2380);
#2380 = AXIS2_PLACEMENT_3D('',#2381,#2382,#2383);
#2381 = CARTESIAN_POINT('',(53.7,39.3,28.1));
#2382 = DIRECTION('',(0.,0.,1.));
#2383 = DIRECTION('',(1.,0.,-0.));
#2384 = DEFINITIONAL_REPRESENTATION('',(#2385),#2389);
#2385 = CIRCLE('',#2386,3.1);
#2386 = AXIS2_PLACEMENT_2D('',#2387,#2388);
#2387 = CARTESIAN_POINT('',(0.,0.));
#2388 = DIRECTION('',(1.,0.));
#2389 = ( GEOMETRIC_REPRESENTATION_CONTEXT(2) 
PARAMETRIC_REPRESENTATION_CONTEXT() REPRESENTATION_CONTEXT('2D SPACE',''
  ) );
#2390 = ORIENTED_EDGE('',*,*,#2341,.T.);
#2391 = ADVANCED_FACE('',(#2392),#1605,.F.);
#2392 = FACE_BOUND('',#2393,.F.);
#2393 = EDGE_LOOP('',(#2394,#2418,#2439,#2440));
#2394 = ORIENTED_EDGE('',*,*,#2395,.F.);
#2395 = EDGE_CURVE('',#2396,#2396,#2398,.T.);
#2396 = VERTEX_POINT('',#2397);
#2397 = CARTESIAN_POINT('',(-52.,-39.3,28.1));
#2398 = SURFACE_CURVE('',#2399,(#2404,#2411),.PCURVE_S1.);
#2399 = CIRCLE('',#2400,1.7);
#2400 = AXIS2_PLACEMENT_3D('',#2401,#2402,#2403);
#2401 = CARTESIAN_POINT('',(-53.7,-39.3,28.1));
#2402 = DIRECTION('',(0.,0.,1.));
#2403 = DIRECTION('',(1.,0.,-0.));
#2404 = PCURVE('',#1605,#2405);
#2405 = DEFINITIONAL_REPRESENTATION('',(#2406),#2410);
#2406 = LINE('',#2407,#2408);
#2407 = CARTESIAN_POINT('',(0.,6.2));
#2408 = VECTOR('',#2409,1.);
#2409 = DIRECTION('',(1.,0.));
#2410 = ( GEOMETRIC_REPRESENTATION_CONTEXT(2) 
PARAMETRIC_REPRESENTATION_CONTEXT() REPRESENTATION_CONTEXT('2D SPACE',''
  ) );
#2411 = PCURVE('',#2040,#2412);
#2412 = DEFINITIONAL_REPRESENTATION('',(#2413),#2417);
#2413 = CIRCLE('',#2414,1.7);
#2414 = AXIS2_PLACEMENT_2D('',#2415,#2416);
#2415 = CARTESIAN_POINT('',(0.,0.));
#2416 = DIRECTION('',(1.,0.));
#2417 = ( GEOMETRIC_REPRESENTATION_CONTEXT(2) 
PARAMETRIC_REPRESENTATION_CONTEXT() REPRESENTATION_CONTEXT('2D SPACE',''
  ) );
#2418 = ORIENTED_EDGE('',*,*,#2419,.F.);
#2419 = EDGE_CURVE('',#1589,#2396,#2420,.T.);
#2420 = SEAM_CURVE('',#2421,(#2425,#2432),.PCURVE_S1.);
#2421 = LINE('',#2422,#2423);
#2422 = CARTESIAN_POINT('',(-52.,-39.3,21.9));
#2423 = VECTOR('',#2424,1.);
#2424 = DIRECTION('',(0.,0.,1.));
#2425 = PCURVE('',#1605,#2426);
#2426 = DEFINITIONAL_REPRESENTATION('',(#2427),#2431);
#2427 = LINE('',#2428,#2429);
#2428 = CARTESIAN_POINT('',(6.28318530718,-0.));
#2429 = VECTOR('',#2430,1.);
#2430 = DIRECTION('',(0.,1.));
#2431 = ( GEOMETRIC_REPRESENTATION_CONTEXT(2) 
PARAMETRIC_REPRESENTATION_CONTEXT() REPRESENTATION_CONTEXT('2D SPACE',''
  ) );
#2432 = PCURVE('',#1605,#2433);
#2433 = DEFINITIONAL_REPRESENTATION('',(#2434),#2438);
#2434 = LINE('',#2435,#2436);
#2435 = CARTESIAN_POINT('',(0.,-0.));
#2436 = VECTOR('',#2437,1.);
#2437 = DIRECTION('',(0.,1.));
#2438 = ( GEOMETRIC_REPRESENTATION_CONTEXT(2) 
PARAMETRIC_REPRESENTATION_CONTEXT() REPRESENTATION_CONTEXT('2D SPACE',''
  ) );
#2439 = ORIENTED_EDGE('',*,*,#1588,.T.);
#2440 = ORIENTED_EDGE('',*,*,#2419,.T.);
#2441 = ADVANCED_FACE('',(#2442),#1636,.F.);
#2442 = FACE_BOUND('',#2443,.F.);
#2443 = EDGE_LOOP('',(#2444,#2468,#2489,#2490));
#2444 = ORIENTED_EDGE('',*,*,#2445,.F.);
#2445 = EDGE_CURVE('',#2446,#2446,#2448,.T.);
#2446 = VERTEX_POINT('',#2447);
#2447 = CARTESIAN_POINT('',(55.4,-39.3,28.1));
#2448 = SURFACE_CURVE('',#2449,(#2454,#2461),.PCURVE_S1.);
#2449 = CIRCLE('',#2450,1.7);
#2450 = AXIS2_PLACEMENT_3D('',#2451,#2452,#2453);
#2451 = CARTESIAN_POINT('',(53.7,-39.3,28.1));
#2452 = DIRECTION('',(0.,0.,1.));
#2453 = DIRECTION('',(1.,0.,-0.));
#2454 = PCURVE('',#1636,#2455);
#2455 = DEFINITIONAL_REPRESENTATION('',(#2456),#2460);
#2456 = LINE('',#2457,#2458);
#2457 = CARTESIAN_POINT('',(0.,6.2));
#2458 = VECTOR('',#2459,1.);
#2459 = DIRECTION('',(1.,0.));
#2460 = ( GEOMETRIC_REPRESENTATION_CONTEXT(2) 
PARAMETRIC_REPRESENTATION_CONTEXT() REPRESENTATION_CONTEXT('2D SPACE',''
  ) );
#2461 = PCURVE('',#2095,#2462);
#2462 = DEFINITIONAL_REPRESENTATION('',(#2463),#2467);
#2463 = CIRCLE('',#2464,1.7);
#2464 = AXIS2_PLACEMENT_2D('',#2465,#2466);
#2465 = CARTESIAN_POINT('',(0.,0.));
#2466 = DIRECTION('',(1.,0.));
#2467 = ( GEOMETRIC_REPRESENTATION_CONTEXT(2) 
PARAMETRIC_REPRESENTATION_CONTEXT() REPRESENTATION_CONTEXT('2D SPACE',''
  ) );
#2468 = ORIENTED_EDGE('',*,*,#2469,.F.);
#2469 = EDGE_CURVE('',#1620,#2446,#2470,.T.);
#2470 = SEAM_CURVE('',#2471,(#2475,#2482),.PCURVE_S1.);
#2471 = LINE('',#2472,#2473);
#2472 = CARTESIAN_POINT('',(55.4,-39.3,21.9));
#2473 = VECTOR('',#2474,1.);
#2474 = DIRECTION('',(0.,0.,1.));
#2475 = PCURVE('',#1636,#2476);
#2476 = DEFINITIONAL_REPRESENTATION('',(#2477),#2481);
#2477 = LINE('',#2478,#2479);
#2478 = CARTESIAN_POINT('',(6.28318530718,-0.));
#2479 = VECTOR('',#2480,1.);
#2480 = DIRECTION('',(0.,1.));
#2481 = ( GEOMETRIC_REPRESENTATION_CONTEXT(2) 
PARAMETRIC_REPRESENTATION_CONTEXT() REPRESENTATION_CONTEXT('2D SPACE',''
  ) );
#2482 = PCURVE('',#1636,#2483);
#2483 = DEFINITIONAL_REPRESENTATION('',(#2484),#2488);
#2484 = LINE('',#2485,#2486);
#2485 = CARTESIAN_POINT('',(0.,-0.));
#2486 = VECTOR('',#2487,1.);
#2487 = DIRECTION('',(0.,1.));
#2488 = ( GEOMETRIC_REPRESENTATION_CONTEXT(2) 
PARAMETRIC_REPRESENTATION_CONTEXT() REPRESENTATION_CONTEXT('2D SPACE',''
  ) );
#2489 = ORIENTED_EDGE('',*,*,#1619,.T.);
#2490 = ORIENTED_EDGE('',*,*,#2469,.T.);
#2491 = ADVANCED_FACE('',(#2492),#1667,.F.);
#2492 = FACE_BOUND('',#2493,.F.);
#2493 = EDGE_LOOP('',(#2494,#2518,#2539,#2540));
#2494 = ORIENTED_EDGE('',*,*,#2495,.F.);
#2495 = EDGE_CURVE('',#2496,#2496,#2498,.T.);
#2496 = VERTEX_POINT('',#2497);
#2497 = CARTESIAN_POINT('',(-52.,39.3,28.1));
#2498 = SURFACE_CURVE('',#2499,(#2504,#2511),.PCURVE_S1.);
#2499 = CIRCLE('',#2500,1.7);
#2500 = AXIS2_PLACEMENT_3D('',#2501,#2502,#2503);
#2501 = CARTESIAN_POINT('',(-53.7,39.3,28.1));
#2502 = DIRECTION('',(0.,0.,1.));
#2503 = DIRECTION('',(1.,0.,-0.));
#2504 = PCURVE('',#1667,#2505);
#2505 = DEFINITIONAL_REPRESENTATION('',(#2506),#2510);
#2506 = LINE('',#2507,#2508);
#2507 = CARTESIAN_POINT('',(0.,6.2));
#2508 = VECTOR('',#2509,1.);
#2509 = DIRECTION('',(1.,0.));
#2510 = ( GEOMETRIC_REPRESENTATION_CONTEXT(2) 
PARAMETRIC_REPRESENTATION_CONTEXT() REPRESENTATION_CONTEXT('2D SPACE',''
  ) );
#2511 = PCURVE('',#2324,#2512);
#2512 = DEFINITIONAL_REPRESENTATION('',(#2513),#2517);
#2513 = CIRCLE('',#2514,1.7);
#2514 = AXIS2_PLACEMENT_2D('',#2515,#2516);
#2515 = CARTESIAN_POINT('',(0.,0.));
#2516 = DIRECTION('',(1.,0.));
#2517 = ( GEOMETRIC_REPRESENTATION_CONTEXT(2) 
PARAMETRIC_REPRESENTATION_CONTEXT() REPRESENTATION_CONTEXT('2D SPACE',''
  ) );
#2518 = ORIENTED_EDGE('',*,*,#2519,.F.);
#2519 = EDGE_CURVE('',#1651,#2496,#2520,.T.);
#2520 = SEAM_CURVE('',#2521,(#2525,#2532),.PCURVE_S1.);
#2521 = LINE('',#2522,#2523);
#2522 = CARTESIAN_POINT('',(-52.,39.3,21.9));
#2523 = VECTOR('',#2524,1.);
#2524 = DIRECTION('',(0.,0.,1.));
#2525 = PCURVE('',#1667,#2526);
#2526 = DEFINITIONAL_REPRESENTATION('',(#2527),#2531);
#2527 = LINE('',#2528,#2529);
#2528 = CARTESIAN_POINT('',(6.28318530718,-0.));
#2529 = VECTOR('',#2530,1.);
#2530 = DIRECTION('',(0.,1.));
#2531 = ( GEOMETRIC_REPRESENTATION_CONTEXT(2) 
PARAMETRIC_REPRESENTATION_CONTEXT() REPRESENTATION_CONTEXT('2D SPACE',''
  ) );
#2532 = PCURVE('',#1667,#2533);
#2533 = DEFINITIONAL_REPRESENTATION('',(#2534),#2538);
#2534 = LINE('',#2535,#2536);
#2535 = CARTESIAN_POINT('',(0.,-0.));
#2536 = VECTOR('',#2537,1.);
#2537 = DIRECTION('',(0.,1.));
#2538 = ( GEOMETRIC_REPRESENTATION_CONTEXT(2) 
PARAMETRIC_REPRESENTATION_CONTEXT() REPRESENTATION_CONTEXT('2D SPACE',''
  ) );
#2539 = ORIENTED_EDGE('',*,*,#1650,.T.);
#2540 = ORIENTED_EDGE('',*,*,#2519,.T.);
#2541 = ADVANCED_FACE('',(#2542),#1698,.F.);
#2542 = FACE_BOUND('',#2543,.F.);
#2543 = EDGE_LOOP('',(#2544,#2568,#2589,#2590));
#2544 = ORIENTED_EDGE('',*,*,#2545,.F.);
#2545 = EDGE_CURVE('',#2546,#2546,#2548,.T.);
#2546 = VERTEX_POINT('',#2547);
#2547 = CARTESIAN_POINT('',(55.4,39.3,28.1));
#2548 = SURFACE_CURVE('',#2549,(#2554,#2561),.PCURVE_S1.);
#2549 = CIRCLE('',#2550,1.7);
#2550 = AXIS2_PLACEMENT_3D('',#2551,#2552,#2553);
#2551 = CARTESIAN_POINT('',(53.7,39.3,28.1));
#2552 = DIRECTION('',(0.,0.,1.));
#2553 = DIRECTION('',(1.,0.,-0.));
#2554 = PCURVE('',#1698,#2555);
#2555 = DEFINITIONAL_REPRESENTATION('',(#2556),#2560);
#2556 = LINE('',#2557,#2558);
#2557 = CARTESIAN_POINT('',(0.,6.2));
#2558 = VECTOR('',#2559,1.);
#2559 = DIRECTION('',(1.,0.));
#2560 = ( GEOMETRIC_REPRESENTATION_CONTEXT(2) 
PARAMETRIC_REPRESENTATION_CONTEXT() REPRESENTATION_CONTEXT('2D SPACE',''
  ) );
#2561 = PCURVE('',#2379,#2562);
#2562 = DEFINITIONAL_REPRESENTATION('',(#2563),#2567);
#2563 = CIRCLE('',#2564,1.7);
#2564 = AXIS2_PLACEMENT_2D('',#2565,#2566);
#2565 = CARTESIAN_POINT('',(0.,0.));
#2566 = DIRECTION('',(1.,0.));
#2567 = ( GEOMETRIC_REPRESENTATION_CONTEXT(2) 
PARAMETRIC_REPRESENTATION_CONTEXT() REPRESENTATION_CONTEXT('2D SPACE',''
  ) );
#2568 = ORIENTED_EDGE('',*,*,#2569,.F.);
#2569 = EDGE_CURVE('',#1682,#2546,#2570,.T.);
#2570 = SEAM_CURVE('',#2571,(#2575,#2582),.PCURVE_S1.);
#2571 = LINE('',#2572,#2573);
#2572 = CARTESIAN_POINT('',(55.4,39.3,21.9));
#2573 = VECTOR('',#2574,1.);
#2574 = DIRECTION('',(0.,0.,1.));
#2575 = PCURVE('',#1698,#2576);
#2576 = DEFINITIONAL_REPRESENTATION('',(#2577),#2581);
#2577 = LINE('',#2578,#2579);
#2578 = CARTESIAN_POINT('',(6.28318530718,-0.));
#2579 = VECTOR('',#2580,1.);
#2580 = DIRECTION('',(0.,1.));
#2581 = ( GEOMETRIC_REPRESENTATION_CONTEXT(2) 
PARAMETRIC_REPRESENTATION_CONTEXT() REPRESENTATION_CONTEXT('2D SPACE',''
  ) );
#2582 = PCURVE('',#1698,#2583);
#2583 = DEFINITIONAL_REPRESENTATION('',(#2584),#2588);
#2584 = LINE('',#2585,#2586);
#2585 = CARTESIAN_POINT('',(0.,-0.));
#2586 = VECTOR('',#2587,1.);
#2587 = DIRECTION('',(0.,1.));
#2588 = ( GEOMETRIC_REPRESENTATION_CONTEXT(2) 
PARAMETRIC_REPRESENTATION_CONTEXT() REPRESENTATION_CONTEXT('2D SPACE',''
  ) );
#2589 = ORIENTED_EDGE('',*,*,#1681,.T.);
#2590 = ORIENTED_EDGE('',*,*,#2569,.T.);
#2591 = ADVANCED_FACE('',(#2592,#2595),#2040,.T.);
#2592 = FACE_BOUND('',#2593,.T.);
#2593 = EDGE_LOOP('',(#2594));
#2594 = ORIENTED_EDGE('',*,*,#2025,.T.);
#2595 = FACE_BOUND('',#2596,.T.);
#2596 = EDGE_LOOP('',(#2597));
#2597 = ORIENTED_EDGE('',*,*,#2395,.F.);
#2598 = ADVANCED_FACE('',(#2599,#2602),#2095,.T.);
#2599 = FACE_BOUND('',#2600,.T.);
#2600 = EDGE_LOOP('',(#2601));
#2601 = ORIENTED_EDGE('',*,*,#2080,.T.);
#2602 = FACE_BOUND('',#2603,.T.);
#2603 = EDGE_LOOP('',(#2604));
#2604 = ORIENTED_EDGE('',*,*,#2445,.F.);
#2605 = ADVANCED_FACE('',(#2606,#2609),#2324,.T.);
#2606 = FACE_BOUND('',#2607,.T.);
#2607 = EDGE_LOOP('',(#2608));
#2608 = ORIENTED_EDGE('',*,*,#2309,.T.);
#2609 = FACE_BOUND('',#2610,.T.);
#2610 = EDGE_LOOP('',(#2611));
#2611 = ORIENTED_EDGE('',*,*,#2495,.F.);
#2612 = ADVANCED_FACE('',(#2613,#2616),#2379,.T.);
#2613 = FACE_BOUND('',#2614,.T.);
#2614 = EDGE_LOOP('',(#2615));
#2615 = ORIENTED_EDGE('',*,*,#2364,.T.);
#2616 = FACE_BOUND('',#2617,.T.);
#2617 = EDGE_LOOP('',(#2618));
#2618 = ORIENTED_EDGE('',*,*,#2545,.F.);
#2619 = ( GEOMETRIC_REPRESENTATION_CONTEXT(3) 
GLOBAL_UNCERTAINTY_ASSIGNED_CONTEXT((#2623)) 
GLOBAL_UNIT_ASSIGNED_CONTEXT((#2620,#2621,#2622)) REPRESENTATION_CONTEXT
('Context #1','3D Context with UNIT and UNCERTAINTY') );
#2620 = ( LENGTH_UNIT() NAMED_UNIT(*) SI_UNIT(.MILLI.,.METRE.) );
#2621 = ( NAMED_UNIT(*) PLANE_ANGLE_UNIT() SI_UNIT($,.RADIAN.) );
#2622 = ( NAMED_UNIT(*) SI_UNIT($,.STERADIAN.) SOLID_ANGLE_UNIT() );
#2623 = UNCERTAINTY_MEASURE_WITH_UNIT(LENGTH_MEASURE(1.E-07),#2620,
  'distance_accuracy_value','confusion accuracy');
#2624 = PRODUCT_RELATED_PRODUCT_CATEGORY('part',$,(#7));
ENDSEC;
END-ISO-10303-21;
