ISO-10303-21;
HEADER;
FILE_DESCRIPTION(('Open CASCADE Model'),'2;1');
FILE_NAME('Open CASCADE Shape Model','2026-09-19T11:17:07',('Author'),(
    'Open CASCADE'),'Open CASCADE STEP processor 7.9','build123d',
  'Unknown');
FILE_SCHEMA(('AUTOMOTIVE_DESIGN { 1 0 10303 214 1 1 1 1 }'));
ENDSEC;
DATA;
#1 = APPLICATION_PROTOCOL_DEFINITION('international standard',
  'automotive_design',2000,#2);
#2 = APPLICATION_CONTEXT(
  'core data for automotive mechanical design processes');
#3 = SHAPE_DEFINITION_REPRESENTATION(#4,#10);
#4 = PRODUCT_DEFINITION_SHAPE('','',#5);
#5 = PRODUCT_DEFINITION('design','',#6,#9);
#6 = PRODUCT_DEFINITION_FORMATION('','',#7);
#7 = PRODUCT('COMPOUND','COMPOUND','',(#8));
#8 = PRODUCT_CONTEXT('',#2,'mechanical');
#9 = PRODUCT_DEFINITION_CONTEXT('part definition',#2,'design');
#10 = ADVANCED_BREP_SHAPE_REPRESENTATION('',(#11,#15),#16001);
#11 = AXIS2_PLACEMENT_3D('',#12,#13,#14);
#12 = CARTESIAN_POINT('',(0.,0.,0.));
#13 = DIRECTION('',(0.,0.,1.));
#14 = DIRECTION('',(1.,0.,-0.));
#15 = MANIFOLD_SOLID_BREP('',#16);
#16 = CLOSED_SHELL('',(#17,#105,#5533,#5537,#5613,#5662,#5711,#5760,
    #5809,#5858,#5907,#5956,#6005,#6054,#6103,#6152,#6201,#6250,#6299,
    #6348,#6397,#6446,#6495,#6544,#6593,#6642,#6691,#6740,#6789,#6816,
    #6892,#6941,#6990,#7039,#7088,#7137,#7186,#7235,#7284,#7333,#7382,
    #7431,#7480,#7529,#7578,#7627,#7676,#7725,#7774,#7823,#7872,#7921,
    #7970,#8019,#8068,#8095,#8171,#8220,#8269,#8318,#8367,#8416,#8465,
    #8514,#8563,#8612,#8661,#8710,#8759,#8808,#8857,#8906,#8955,#9004,
    #9053,#9102,#9151,#9200,#9249,#9298,#9347,#9374,#9450,#9499,#9548,
    #9597,#9646,#9695,#9744,#9793,#9842,#9891,#9940,#9989,#10038,#10087,
    #10136,#10185,#10234,#10283,#10332,#10381,#10430,#10479,#10528,
    #10577,#10626,#10653,#10729,#10778,#10827,#10876,#10925,#10974,
    #11023,#11072,#11121,#11170,#11219,#11268,#11317,#11366,#11415,
    #11464,#11513,#11562,#11611,#11660,#11709,#11758,#11807,#11856,
    #11905,#11932,#12008,#12057,#12106,#12155,#12204,#12253,#12302,
    #12351,#12400,#12449,#12498,#12547,#12596,#12645,#12694,#12743,
    #12792,#12841,#12890,#12939,#12988,#13037,#13086,#13135,#13184,
    #13211,#13287,#13336,#13385,#13434,#13483,#13532,#13581,#13630,
    #13679,#13728,#13777,#13826,#13875,#13924,#13973,#14022,#14071,
    #14120,#14169,#14218,#14267,#14316,#14365,#14414,#14463,#14490,
    #14566,#14615,#14664,#14713,#14762,#14811,#14860,#14909,#14958,
    #15007,#15056,#15105,#15154,#15203,#15252,#15301,#15350,#15399,
    #15448,#15497,#15546,#15595,#15644,#15693,#15742,#15769,#15798,
    #15827,#15856,#15885,#15914,#15943,#15972));
#17 = ADVANCED_FACE('',(#18),#31,.T.);
#18 = FACE_BOUND('',#19,.T.);
#19 = EDGE_LOOP('',(#20,#54,#77,#104));
#20 = ORIENTED_EDGE('',*,*,#21,.F.);
#21 = EDGE_CURVE('',#22,#22,#24,.T.);
#22 = VERTEX_POINT('',#23);
#23 = CARTESIAN_POINT('',(16.2,-3.967855629237E-15,1.2));
#24 = SURFACE_CURVE('',#25,(#30,#42),.PCURVE_S1.);
#25 = CIRCLE('',#26,16.2);
#26 = AXIS2_PLACEMENT_3D('',#27,#28,#29);
#27 = CARTESIAN_POINT('',(0.,0.,1.2));
#28 = DIRECTION('',(0.,0.,1.));
#29 = DIRECTION('',(1.,0.,-0.));
#30 = PCURVE('',#31,#36);
#31 = CYLINDRICAL_SURFACE('',#32,16.2);
#32 = AXIS2_PLACEMENT_3D('',#33,#34,#35);
#33 = CARTESIAN_POINT('',(0.,0.,0.));
#34 = DIRECTION('',(0.,0.,1.));
#35 = DIRECTION('',(1.,0.,-0.));
#36 = DEFINITIONAL_REPRESENTATION('',(#37),#41);
#37 = LINE('',#38,#39);
#38 = CARTESIAN_POINT('',(0.,1.2));
#39 = VECTOR('',#40,1.);
#40 = DIRECTION('',(1.,0.));
#41 = ( GEOMETRIC_REPRESENTATION_CONTEXT(2) 
PARAMETRIC_REPRESENTATION_CONTEXT() REPRESENTATION_CONTEXT('2D SPACE',''
  ) );
#42 = PCURVE('',#43,#48);
#43 = PLANE('',#44);
#44 = AXIS2_PLACEMENT_3D('',#45,#46,#47);
#45 = CARTESIAN_POINT('',(0.,0.,1.2));
#46 = DIRECTION('',(0.,0.,1.));
#47 = DIRECTION('',(1.,0.,-0.));
#48 = DEFINITIONAL_REPRESENTATION('',(#49),#53);
#49 = CIRCLE('',#50,16.2);
#50 = AXIS2_PLACEMENT_2D('',#51,#52);
#51 = CARTESIAN_POINT('',(0.,0.));
#52 = DIRECTION('',(1.,0.));
#53 = ( GEOMETRIC_REPRESENTATION_CONTEXT(2) 
PARAMETRIC_REPRESENTATION_CONTEXT() REPRESENTATION_CONTEXT('2D SPACE',''
  ) );
#54 = ORIENTED_EDGE('',*,*,#55,.F.);
#55 = EDGE_CURVE('',#56,#22,#58,.T.);
#56 = VERTEX_POINT('',#57);
#57 = CARTESIAN_POINT('',(16.2,-3.967855629237E-15,0.));
#58 = SEAM_CURVE('',#59,(#63,#70),.PCURVE_S1.);
#59 = LINE('',#60,#61);
#60 = CARTESIAN_POINT('',(16.2,-3.967855629237E-15,0.));
#61 = VECTOR('',#62,1.);
#62 = DIRECTION('',(0.,0.,1.));
#63 = PCURVE('',#31,#64);
#64 = DEFINITIONAL_REPRESENTATION('',(#65),#69);
#65 = LINE('',#66,#67);
#66 = CARTESIAN_POINT('',(6.28318530718,-0.));
#67 = VECTOR('',#68,1.);
#68 = DIRECTION('',(0.,1.));
#69 = ( GEOMETRIC_REPRESENTATION_CONTEXT(2) 
PARAMETRIC_REPRESENTATION_CONTEXT() REPRESENTATION_CONTEXT('2D SPACE',''
  ) );
#70 = PCURVE('',#31,#71);
#71 = DEFINITIONAL_REPRESENTATION('',(#72),#76);
#72 = LINE('',#73,#74);
#73 = CARTESIAN_POINT('',(0.,-0.));
#74 = VECTOR('',#75,1.);
#75 = DIRECTION('',(0.,1.));
#76 = ( GEOMETRIC_REPRESENTATION_CONTEXT(2) 
PARAMETRIC_REPRESENTATION_CONTEXT() REPRESENTATION_CONTEXT('2D SPACE',''
  ) );
#77 = ORIENTED_EDGE('',*,*,#78,.T.);
#78 = EDGE_CURVE('',#56,#56,#79,.T.);
#79 = SURFACE_CURVE('',#80,(#85,#92),.PCURVE_S1.);
#80 = CIRCLE('',#81,16.2);
#81 = AXIS2_PLACEMENT_3D('',#82,#83,#84);
#82 = CARTESIAN_POINT('',(0.,0.,0.));
#83 = DIRECTION('',(0.,0.,1.));
#84 = DIRECTION('',(1.,0.,-0.));
#85 = PCURVE('',#31,#86);
#86 = DEFINITIONAL_REPRESENTATION('',(#87),#91);
#87 = LINE('',#88,#89);
#88 = CARTESIAN_POINT('',(0.,0.));
#89 = VECTOR('',#90,1.);
#90 = DIRECTION('',(1.,0.));
#91 = ( GEOMETRIC_REPRESENTATION_CONTEXT(2) 
PARAMETRIC_REPRESENTATION_CONTEXT() REPRESENTATION_CONTEXT('2D SPACE',''
  ) );
#92 = PCURVE('',#93,#98);
#93 = PLANE('',#94);
#94 = AXIS2_PLACEMENT_3D('',#95,#96,#97);
#95 = CARTESIAN_POINT('',(0.,0.,0.));
#96 = DIRECTION('',(0.,0.,1.));
#97 = DIRECTION('',(1.,0.,-0.));
#98 = DEFINITIONAL_REPRESENTATION('',(#99),#103);
#99 = CIRCLE('',#100,16.2);
#100 = AXIS2_PLACEMENT_2D('',#101,#102);
#101 = CARTESIAN_POINT('',(0.,0.));
#102 = DIRECTION('',(1.,0.));
#103 = ( GEOMETRIC_REPRESENTATION_CONTEXT(2) 
PARAMETRIC_REPRESENTATION_CONTEXT() REPRESENTATION_CONTEXT('2D SPACE',''
  ) );
#104 = ORIENTED_EDGE('',*,*,#55,.T.);
#105 = ADVANCED_FACE('',(#106,#109,#787,#1465,#2143,#2821,#3499,#4177,
    #4855),#43,.T.);
#106 = FACE_BOUND('',#107,.T.);
#107 = EDGE_LOOP('',(#108));
#108 = ORIENTED_EDGE('',*,*,#21,.T.);
#109 = FACE_BOUND('',#110,.T.);
#110 = EDGE_LOOP('',(#111,#139,#165,#191,#217,#243,#269,#295,#321,#347,
    #373,#399,#425,#451,#477,#503,#529,#555,#581,#607,#633,#659,#685,
    #711,#737,#763));
#111 = ORIENTED_EDGE('',*,*,#112,.F.);
#112 = EDGE_CURVE('',#113,#115,#117,.T.);
#113 = VERTEX_POINT('',#114);
#114 = CARTESIAN_POINT('',(-2.998089307319,-6.87469712099,1.2));
#115 = VERTEX_POINT('',#116);
#116 = CARTESIAN_POINT('',(-3.312577571717,-7.492011252603,1.2));
#117 = SURFACE_CURVE('',#118,(#122,#128),.PCURVE_S1.);
#118 = LINE('',#119,#120);
#119 = CARTESIAN_POINT('',(-1.298892189517,-3.539315448728,1.2));
#120 = VECTOR('',#121,1.);
#121 = DIRECTION('',(-0.453934353859,-0.891035129715,0.));
#122 = PCURVE('',#43,#123);
#123 = DEFINITIONAL_REPRESENTATION('',(#124),#127);
#124 = B_SPLINE_CURVE_WITH_KNOTS('',1,(#125,#126),.UNSPECIFIED.,.F.,.F.,
  (2,2),(3.743266186741,4.436071791175),.PIECEWISE_BEZIER_KNOTS.);
#125 = CARTESIAN_POINT('',(-2.998089307319,-6.87469712099));
#126 = CARTESIAN_POINT('',(-3.312577571717,-7.492011252603));
#127 = ( GEOMETRIC_REPRESENTATION_CONTEXT(2) 
PARAMETRIC_REPRESENTATION_CONTEXT() REPRESENTATION_CONTEXT('2D SPACE',''
  ) );
#128 = PCURVE('',#129,#134);
#129 = PLANE('',#130);
#130 = AXIS2_PLACEMENT_3D('',#131,#132,#133);
#131 = CARTESIAN_POINT('',(-2.998089307319,-6.87469712099,0.9));
#132 = DIRECTION('',(-0.891035129715,0.453934353859,0.));
#133 = DIRECTION('',(-0.453934353859,-0.891035129715,0.));
#134 = DEFINITIONAL_REPRESENTATION('',(#135),#138);
#135 = B_SPLINE_CURVE_WITH_KNOTS('',1,(#136,#137),.UNSPECIFIED.,.F.,.F.,
  (2,2),(3.743266186741,4.436071791175),.PIECEWISE_BEZIER_KNOTS.);
#136 = CARTESIAN_POINT('',(0.,0.3));
#137 = CARTESIAN_POINT('',(0.692805604433,0.3));
#138 = ( GEOMETRIC_REPRESENTATION_CONTEXT(2) 
PARAMETRIC_REPRESENTATION_CONTEXT() REPRESENTATION_CONTEXT('2D SPACE',''
  ) );
#139 = ORIENTED_EDGE('',*,*,#140,.F.);
#140 = EDGE_CURVE('',#141,#113,#143,.T.);
#141 = VERTEX_POINT('',#142);
#142 = CARTESIAN_POINT('',(-2.741175673048,-6.981114232663,1.2));
#143 = SURFACE_CURVE('',#144,(#148,#154),.PCURVE_S1.);
#144 = LINE('',#145,#146);
#145 = CARTESIAN_POINT('',(-2.805404081615,-6.954509954745,1.2));
#146 = VECTOR('',#147,1.);
#147 = DIRECTION('',(-0.923879532511,0.382683432365,0.));
#148 = PCURVE('',#43,#149);
#149 = DEFINITIONAL_REPRESENTATION('',(#150),#153);
#150 = B_SPLINE_CURVE_WITH_KNOTS('',1,(#151,#152),.UNSPECIFIED.,.F.,.F.,
  (2,2),(-6.952032847095E-02,0.208560985413),.PIECEWISE_BEZIER_KNOTS.);
#151 = CARTESIAN_POINT('',(-2.741175673048,-6.981114232663));
#152 = CARTESIAN_POINT('',(-2.998089307319,-6.87469712099));
#153 = ( GEOMETRIC_REPRESENTATION_CONTEXT(2) 
PARAMETRIC_REPRESENTATION_CONTEXT() REPRESENTATION_CONTEXT('2D SPACE',''
  ) );
#154 = PCURVE('',#155,#160);
#155 = PLANE('',#156);
#156 = AXIS2_PLACEMENT_3D('',#157,#158,#159);
#157 = CARTESIAN_POINT('',(-2.741175673048,-6.981114232663,0.9));
#158 = DIRECTION('',(0.382683432365,0.923879532511,-0.));
#159 = DIRECTION('',(-0.923879532511,0.382683432365,0.));
#160 = DEFINITIONAL_REPRESENTATION('',(#161),#164);
#161 = B_SPLINE_CURVE_WITH_KNOTS('',1,(#162,#163),.UNSPECIFIED.,.F.,.F.,
  (2,2),(-6.952032847095E-02,0.208560985413),.PIECEWISE_BEZIER_KNOTS.);
#162 = CARTESIAN_POINT('',(0.,0.3));
#163 = CARTESIAN_POINT('',(0.278081313884,0.3));
#164 = ( GEOMETRIC_REPRESENTATION_CONTEXT(2) 
PARAMETRIC_REPRESENTATION_CONTEXT() REPRESENTATION_CONTEXT('2D SPACE',''
  ) );
#165 = ORIENTED_EDGE('',*,*,#166,.F.);
#166 = EDGE_CURVE('',#167,#141,#169,.T.);
#167 = VERTEX_POINT('',#168);
#168 = CARTESIAN_POINT('',(-2.955305897274,-7.639998025609,1.2));
#169 = SURFACE_CURVE('',#170,(#174,#180),.PCURVE_S1.);
#170 = LINE('',#171,#172);
#171 = CARTESIAN_POINT('',(-1.69128359143,-3.750571326265,1.2));
#172 = VECTOR('',#173,1.);
#173 = DIRECTION('',(0.30907692267,0.951037042324,-0.));
#174 = PCURVE('',#43,#175);
#175 = DEFINITIONAL_REPRESENTATION('',(#176),#179);
#176 = B_SPLINE_CURVE_WITH_KNOTS('',1,(#177,#178),.UNSPECIFIED.,.F.,.F.,
  (2,2),(-4.089668988958,-3.396863384525),.PIECEWISE_BEZIER_KNOTS.);
#177 = CARTESIAN_POINT('',(-2.955305897274,-7.639998025609));
#178 = CARTESIAN_POINT('',(-2.741175673048,-6.981114232663));
#179 = ( GEOMETRIC_REPRESENTATION_CONTEXT(2) 
PARAMETRIC_REPRESENTATION_CONTEXT() REPRESENTATION_CONTEXT('2D SPACE',''
  ) );
#180 = PCURVE('',#181,#186);
#181 = PLANE('',#182);
#182 = AXIS2_PLACEMENT_3D('',#183,#184,#185);
#183 = CARTESIAN_POINT('',(-2.955305897274,-7.639998025609,0.9));
#184 = DIRECTION('',(0.951037042324,-0.30907692267,0.));
#185 = DIRECTION('',(0.30907692267,0.951037042324,0.));
#186 = DEFINITIONAL_REPRESENTATION('',(#187),#190);
#187 = B_SPLINE_CURVE_WITH_KNOTS('',1,(#188,#189),.UNSPECIFIED.,.F.,.F.,
  (2,2),(-4.089668988958,-3.396863384525),.PIECEWISE_BEZIER_KNOTS.);
#188 = CARTESIAN_POINT('',(0.,0.3));
#189 = CARTESIAN_POINT('',(0.692805604433,0.3));
#190 = ( GEOMETRIC_REPRESENTATION_CONTEXT(2) 
PARAMETRIC_REPRESENTATION_CONTEXT() REPRESENTATION_CONTEXT('2D SPACE',''
  ) );
#191 = ORIENTED_EDGE('',*,*,#192,.F.);
#192 = EDGE_CURVE('',#193,#167,#195,.T.);
#193 = VERTEX_POINT('',#194);
#194 = CARTESIAN_POINT('',(-3.169372039844,-8.298716285316,1.2));
#195 = SURFACE_CURVE('',#196,(#200,#206),.PCURVE_S1.);
#196 = LINE('',#197,#198);
#197 = CARTESIAN_POINT('',(-1.798372571164,-4.079915622932,1.2));
#198 = VECTOR('',#199,1.);
#199 = DIRECTION('',(0.309063491782,0.951041407115,-0.));
#200 = PCURVE('',#43,#201);
#201 = DEFINITIONAL_REPRESENTATION('',(#202),#205);
#202 = B_SPLINE_CURVE_WITH_KNOTS('',1,(#203,#204),.UNSPECIFIED.,.F.,.F.,
  (2,2),(-4.435980001313,-3.743351631214),.PIECEWISE_BEZIER_KNOTS.);
#203 = CARTESIAN_POINT('',(-3.169372039844,-8.298716285316));
#204 = CARTESIAN_POINT('',(-2.955305897274,-7.639998025609));
#205 = ( GEOMETRIC_REPRESENTATION_CONTEXT(2) 
PARAMETRIC_REPRESENTATION_CONTEXT() REPRESENTATION_CONTEXT('2D SPACE',''
  ) );
#206 = PCURVE('',#207,#212);
#207 = PLANE('',#208);
#208 = AXIS2_PLACEMENT_3D('',#209,#210,#211);
#209 = CARTESIAN_POINT('',(-3.169372039844,-8.298716285316,0.9));
#210 = DIRECTION('',(0.951041407115,-0.309063491782,0.));
#211 = DIRECTION('',(0.309063491782,0.951041407115,0.));
#212 = DEFINITIONAL_REPRESENTATION('',(#213),#216);
#213 = B_SPLINE_CURVE_WITH_KNOTS('',1,(#214,#215),.UNSPECIFIED.,.F.,.F.,
  (2,2),(-4.435980001313,-3.743351631214),.PIECEWISE_BEZIER_KNOTS.);
#214 = CARTESIAN_POINT('',(0.,0.3));
#215 = CARTESIAN_POINT('',(0.692628370099,0.3));
#216 = ( GEOMETRIC_REPRESENTATION_CONTEXT(2) 
PARAMETRIC_REPRESENTATION_CONTEXT() REPRESENTATION_CONTEXT('2D SPACE',''
  ) );
#217 = ORIENTED_EDGE('',*,*,#218,.F.);
#218 = EDGE_CURVE('',#219,#193,#221,.T.);
#219 = VERTEX_POINT('',#220);
#220 = CARTESIAN_POINT('',(-3.383388550324,-8.957304668121,1.2));
#221 = SURFACE_CURVE('',#222,(#226,#232),.PCURVE_S1.);
#222 = LINE('',#223,#224);
#223 = CARTESIAN_POINT('',(-1.905424557754,-4.409198012577,1.2));
#224 = VECTOR('',#225,1.);
#225 = DIRECTION('',(0.309053793106,0.951044558875,-0.));
#226 = PCURVE('',#43,#227);
#227 = DEFINITIONAL_REPRESENTATION('',(#228),#231);
#228 = B_SPLINE_CURVE_WITH_KNOTS('',1,(#229,#230),.UNSPECIFIED.,.F.,.F.,
  (2,2),(-4.782222465918,-4.089732953562),.PIECEWISE_BEZIER_KNOTS.);
#229 = CARTESIAN_POINT('',(-3.383388550324,-8.957304668121));
#230 = CARTESIAN_POINT('',(-3.169372039844,-8.298716285316));
#231 = ( GEOMETRIC_REPRESENTATION_CONTEXT(2) 
PARAMETRIC_REPRESENTATION_CONTEXT() REPRESENTATION_CONTEXT('2D SPACE',''
  ) );
#232 = PCURVE('',#233,#238);
#233 = PLANE('',#234);
#234 = AXIS2_PLACEMENT_3D('',#235,#236,#237);
#235 = CARTESIAN_POINT('',(-3.383388550324,-8.957304668121,0.9));
#236 = DIRECTION('',(0.951044558875,-0.309053793106,0.));
#237 = DIRECTION('',(0.309053793106,0.951044558875,0.));
#238 = DEFINITIONAL_REPRESENTATION('',(#239),#242);
#239 = B_SPLINE_CURVE_WITH_KNOTS('',1,(#240,#241),.UNSPECIFIED.,.F.,.F.,
  (2,2),(-4.782222465918,-4.089732953562),.PIECEWISE_BEZIER_KNOTS.);
#240 = CARTESIAN_POINT('',(0.,0.3));
#241 = CARTESIAN_POINT('',(0.692489512356,0.3));
#242 = ( GEOMETRIC_REPRESENTATION_CONTEXT(2) 
PARAMETRIC_REPRESENTATION_CONTEXT() REPRESENTATION_CONTEXT('2D SPACE',''
  ) );
#243 = ORIENTED_EDGE('',*,*,#244,.F.);
#244 = EDGE_CURVE('',#245,#219,#247,.T.);
#245 = VERTEX_POINT('',#246);
#246 = CARTESIAN_POINT('',(-3.597365843647,-9.61578927761,1.2));
#247 = SURFACE_CURVE('',#248,(#252,#258),.PCURVE_S1.);
#248 = LINE('',#249,#250);
#249 = CARTESIAN_POINT('',(-2.01244805552,-4.738430775784,1.2));
#250 = VECTOR('',#251,1.);
#251 = DIRECTION('',(0.30904661509,0.951046891431,-0.));
#252 = PCURVE('',#43,#253);
#253 = DEFINITIONAL_REPRESENTATION('',(#254),#257);
#254 = B_SPLINE_CURVE_WITH_KNOTS('',1,(#255,#256),.UNSPECIFIED.,.F.,.F.,
  (2,2),(-5.128410119175,-4.436031420057),.PIECEWISE_BEZIER_KNOTS.);
#255 = CARTESIAN_POINT('',(-3.597365843647,-9.61578927761));
#256 = CARTESIAN_POINT('',(-3.383388550324,-8.957304668121));
#257 = ( GEOMETRIC_REPRESENTATION_CONTEXT(2) 
PARAMETRIC_REPRESENTATION_CONTEXT() REPRESENTATION_CONTEXT('2D SPACE',''
  ) );
#258 = PCURVE('',#259,#264);
#259 = PLANE('',#260);
#260 = AXIS2_PLACEMENT_3D('',#261,#262,#263);
#261 = CARTESIAN_POINT('',(-3.597365843647,-9.61578927761,0.9));
#262 = DIRECTION('',(0.951046891431,-0.30904661509,0.));
#263 = DIRECTION('',(0.30904661509,0.951046891431,0.));
#264 = DEFINITIONAL_REPRESENTATION('',(#265),#268);
#265 = B_SPLINE_CURVE_WITH_KNOTS('',1,(#266,#267),.UNSPECIFIED.,.F.,.F.,
  (2,2),(-5.128410119175,-4.436031420057),.PIECEWISE_BEZIER_KNOTS.);
#266 = CARTESIAN_POINT('',(0.,0.3));
#267 = CARTESIAN_POINT('',(0.692378699118,0.3));
#268 = ( GEOMETRIC_REPRESENTATION_CONTEXT(2) 
PARAMETRIC_REPRESENTATION_CONTEXT() REPRESENTATION_CONTEXT('2D SPACE',''
  ) );
#269 = ORIENTED_EDGE('',*,*,#270,.F.);
#270 = EDGE_CURVE('',#271,#245,#273,.T.);
#271 = VERTEX_POINT('',#272);
#272 = CARTESIAN_POINT('',(-3.81131161485,-10.2741896624,1.2));
#273 = SURFACE_CURVE('',#274,(#278,#284),.PCURVE_S1.);
#274 = LINE('',#275,#276);
#275 = CARTESIAN_POINT('',(-2.119449163848,-5.06762314562,1.2));
#276 = VECTOR('',#277,1.);
#277 = DIRECTION('',(0.309041189159,0.951048654593,-0.));
#278 = PCURVE('',#43,#279);
#279 = DEFINITIONAL_REPRESENTATION('',(#280),#283);
#280 = B_SPLINE_CURVE_WITH_KNOTS('',1,(#281,#282),.UNSPECIFIED.,.F.,.F.,
  (2,2),(-5.474553264584,-4.782264408898),.PIECEWISE_BEZIER_KNOTS.);
#281 = CARTESIAN_POINT('',(-3.81131161485,-10.2741896624));
#282 = CARTESIAN_POINT('',(-3.597365843647,-9.61578927761));
#283 = ( GEOMETRIC_REPRESENTATION_CONTEXT(2) 
PARAMETRIC_REPRESENTATION_CONTEXT() REPRESENTATION_CONTEXT('2D SPACE',''
  ) );
#284 = PCURVE('',#285,#290);
#285 = PLANE('',#286);
#286 = AXIS2_PLACEMENT_3D('',#287,#288,#289);
#287 = CARTESIAN_POINT('',(-3.81131161485,-10.2741896624,0.9));
#288 = DIRECTION('',(0.951048654593,-0.309041189159,0.));
#289 = DIRECTION('',(0.309041189159,0.951048654593,0.));
#290 = DEFINITIONAL_REPRESENTATION('',(#291),#294);
#291 = B_SPLINE_CURVE_WITH_KNOTS('',1,(#292,#293),.UNSPECIFIED.,.F.,.F.,
  (2,2),(-5.474553264584,-4.782264408898),.PIECEWISE_BEZIER_KNOTS.);
#292 = CARTESIAN_POINT('',(0.,0.3));
#293 = CARTESIAN_POINT('',(0.692288855685,0.3));
#294 = ( GEOMETRIC_REPRESENTATION_CONTEXT(2) 
PARAMETRIC_REPRESENTATION_CONTEXT() REPRESENTATION_CONTEXT('2D SPACE',''
  ) );
#295 = ORIENTED_EDGE('',*,*,#296,.F.);
#296 = EDGE_CURVE('',#297,#271,#299,.T.);
#297 = VERTEX_POINT('',#298);
#298 = CARTESIAN_POINT('',(-4.025231671634,-10.93252075185,1.2));
#299 = SURFACE_CURVE('',#300,(#304,#310),.PCURVE_S1.);
#300 = LINE('',#301,#302);
#301 = CARTESIAN_POINT('',(-2.226432367231,-5.396782198039,1.2));
#302 = VECTOR('',#303,1.);
#303 = DIRECTION('',(0.309037011681,0.951050012045,-0.));
#304 = PCURVE('',#43,#305);
#305 = DEFINITIONAL_REPRESENTATION('',(#306),#309);
#306 = B_SPLINE_CURVE_WITH_KNOTS('',1,(#307,#308),.UNSPECIFIED.,.F.,.F.,
  (2,2),(-5.82065977993,-5.128444774289),.PIECEWISE_BEZIER_KNOTS.);
#307 = CARTESIAN_POINT('',(-4.025231671634,-10.93252075185));
#308 = CARTESIAN_POINT('',(-3.81131161485,-10.2741896624));
#309 = ( GEOMETRIC_REPRESENTATION_CONTEXT(2) 
PARAMETRIC_REPRESENTATION_CONTEXT() REPRESENTATION_CONTEXT('2D SPACE',''
  ) );
#310 = PCURVE('',#311,#316);
#311 = PLANE('',#312);
#312 = AXIS2_PLACEMENT_3D('',#313,#314,#315);
#313 = CARTESIAN_POINT('',(-4.025231671634,-10.93252075185,0.9));
#314 = DIRECTION('',(0.951050012045,-0.309037011681,0.));
#315 = DIRECTION('',(0.309037011681,0.951050012045,0.));
#316 = DEFINITIONAL_REPRESENTATION('',(#317),#320);
#317 = B_SPLINE_CURVE_WITH_KNOTS('',1,(#318,#319),.UNSPECIFIED.,.F.,.F.,
  (2,2),(-5.82065977993,-5.128444774289),.PIECEWISE_BEZIER_KNOTS.);
#318 = CARTESIAN_POINT('',(0.,0.3));
#319 = CARTESIAN_POINT('',(0.692215005641,0.3));
#320 = ( GEOMETRIC_REPRESENTATION_CONTEXT(2) 
PARAMETRIC_REPRESENTATION_CONTEXT() REPRESENTATION_CONTEXT('2D SPACE',''
  ) );
#321 = ORIENTED_EDGE('',*,*,#322,.F.);
#322 = EDGE_CURVE('',#323,#297,#325,.T.);
#323 = VERTEX_POINT('',#324);
#324 = CARTESIAN_POINT('',(-4.239130479018,-11.59079414418,1.2));
#325 = SURFACE_CURVE('',#326,(#330,#336),.PCURVE_S1.);
#326 = LINE('',#327,#328);
#327 = CARTESIAN_POINT('',(-2.333401034177,-5.725913447224,1.2));
#328 = VECTOR('',#329,1.);
#329 = DIRECTION('',(0.309033743242,0.951051074095,-0.));
#330 = PCURVE('',#43,#331);
#331 = DEFINITIONAL_REPRESENTATION('',(#332),#335);
#332 = B_SPLINE_CURVE_WITH_KNOTS('',1,(#333,#334),.UNSPECIFIED.,.F.,.F.,
  (2,2),(-6.166735790235,-5.474582224284),.PIECEWISE_BEZIER_KNOTS.);
#333 = CARTESIAN_POINT('',(-4.239130479018,-11.59079414418));
#334 = CARTESIAN_POINT('',(-4.025231671634,-10.93252075185));
#335 = ( GEOMETRIC_REPRESENTATION_CONTEXT(2) 
PARAMETRIC_REPRESENTATION_CONTEXT() REPRESENTATION_CONTEXT('2D SPACE',''
  ) );
#336 = PCURVE('',#337,#342);
#337 = PLANE('',#338);
#338 = AXIS2_PLACEMENT_3D('',#339,#340,#341);
#339 = CARTESIAN_POINT('',(-4.239130479018,-11.59079414418,0.9));
#340 = DIRECTION('',(0.951051074095,-0.309033743242,0.));
#341 = DIRECTION('',(0.309033743242,0.951051074095,0.));
#342 = DEFINITIONAL_REPRESENTATION('',(#343),#346);
#343 = B_SPLINE_CURVE_WITH_KNOTS('',1,(#344,#345),.UNSPECIFIED.,.F.,.F.,
  (2,2),(-6.166735790235,-5.474582224284),.PIECEWISE_BEZIER_KNOTS.);
#344 = CARTESIAN_POINT('',(0.,0.3));
#345 = CARTESIAN_POINT('',(0.692153565952,0.3));
#346 = ( GEOMETRIC_REPRESENTATION_CONTEXT(2) 
PARAMETRIC_REPRESENTATION_CONTEXT() REPRESENTATION_CONTEXT('2D SPACE',''
  ) );
#347 = ORIENTED_EDGE('',*,*,#348,.F.);
#348 = EDGE_CURVE('',#349,#323,#351,.T.);
#349 = VERTEX_POINT('',#350);
#350 = CARTESIAN_POINT('',(-4.453011525819,-12.24901898638,1.2));
#351 = SURFACE_CURVE('',#352,(#356,#362),.PCURVE_S1.);
#352 = LINE('',#353,#354);
#353 = CARTESIAN_POINT('',(-2.440357742547,-6.055021254015,1.2));
#354 = VECTOR('',#355,1.);
#355 = DIRECTION('',(0.309031149413,0.951051916928,-0.));
#356 = PCURVE('',#43,#357);
#357 = DEFINITIONAL_REPRESENTATION('',(#358),#361);
#358 = B_SPLINE_CURVE_WITH_KNOTS('',1,(#359,#360),.UNSPECIFIED.,.F.,.F.,
  (2,2),(-6.512786128829,-5.820684225163),.PIECEWISE_BEZIER_KNOTS.);
#359 = CARTESIAN_POINT('',(-4.453011525819,-12.24901898638));
#360 = CARTESIAN_POINT('',(-4.239130479018,-11.59079414418));
#361 = ( GEOMETRIC_REPRESENTATION_CONTEXT(2) 
PARAMETRIC_REPRESENTATION_CONTEXT() REPRESENTATION_CONTEXT('2D SPACE',''
  ) );
#362 = PCURVE('',#363,#368);
#363 = PLANE('',#364);
#364 = AXIS2_PLACEMENT_3D('',#365,#366,#367);
#365 = CARTESIAN_POINT('',(-4.453011525819,-12.24901898638,0.9));
#366 = DIRECTION('',(0.951051916928,-0.309031149413,0.));
#367 = DIRECTION('',(0.309031149413,0.951051916928,0.));
#368 = DEFINITIONAL_REPRESENTATION('',(#369),#372);
#369 = B_SPLINE_CURVE_WITH_KNOTS('',1,(#370,#371),.UNSPECIFIED.,.F.,.F.,
  (2,2),(-6.512786128829,-5.820684225163),.PIECEWISE_BEZIER_KNOTS.);
#370 = CARTESIAN_POINT('',(0.,0.3));
#371 = CARTESIAN_POINT('',(0.692101903666,0.3));
#372 = ( GEOMETRIC_REPRESENTATION_CONTEXT(2) 
PARAMETRIC_REPRESENTATION_CONTEXT() REPRESENTATION_CONTEXT('2D SPACE',''
  ) );
#373 = ORIENTED_EDGE('',*,*,#374,.F.);
#374 = EDGE_CURVE('',#375,#349,#377,.T.);
#375 = VERTEX_POINT('',#376);
#376 = CARTESIAN_POINT('',(-4.666877577397,-12.90720258915,1.2));
#377 = SURFACE_CURVE('',#378,(#382,#388),.PCURVE_S1.);
#378 = LINE('',#379,#380);
#379 = CARTESIAN_POINT('',(-2.547304497728,-6.384109112512,1.2));
#380 = VECTOR('',#381,1.);
#381 = DIRECTION('',(0.309029064733,0.951052594313,-0.));
#382 = PCURVE('',#43,#383);
#383 = DEFINITIONAL_REPRESENTATION('',(#384),#387);
#384 = B_SPLINE_CURVE_WITH_KNOTS('',1,(#385,#386),.UNSPECIFIED.,.F.,.F.,
  (2,2),(-6.858814660357,-6.166756611503),.PIECEWISE_BEZIER_KNOTS.);
#385 = CARTESIAN_POINT('',(-4.666877577397,-12.90720258915));
#386 = CARTESIAN_POINT('',(-4.453011525819,-12.24901898638));
#387 = ( GEOMETRIC_REPRESENTATION_CONTEXT(2) 
PARAMETRIC_REPRESENTATION_CONTEXT() REPRESENTATION_CONTEXT('2D SPACE',''
  ) );
#388 = PCURVE('',#389,#394);
#389 = PLANE('',#390);
#390 = AXIS2_PLACEMENT_3D('',#391,#392,#393);
#391 = CARTESIAN_POINT('',(-4.666877577397,-12.90720258915,0.9));
#392 = DIRECTION('',(0.951052594313,-0.309029064733,0.));
#393 = DIRECTION('',(0.309029064733,0.951052594313,0.));
#394 = DEFINITIONAL_REPRESENTATION('',(#395),#398);
#395 = B_SPLINE_CURVE_WITH_KNOTS('',1,(#396,#397),.UNSPECIFIED.,.F.,.F.,
  (2,2),(-6.858814660357,-6.166756611503),.PIECEWISE_BEZIER_KNOTS.);
#396 = CARTESIAN_POINT('',(0.,0.3));
#397 = CARTESIAN_POINT('',(0.692058048855,0.3));
#398 = ( GEOMETRIC_REPRESENTATION_CONTEXT(2) 
PARAMETRIC_REPRESENTATION_CONTEXT() REPRESENTATION_CONTEXT('2D SPACE',''
  ) );
#399 = ORIENTED_EDGE('',*,*,#400,.F.);
#400 = EDGE_CURVE('',#401,#375,#403,.T.);
#401 = VERTEX_POINT('',#402);
#402 = CARTESIAN_POINT('',(-4.880730853802,-13.56535086573,1.2));
#403 = SURFACE_CURVE('',#404,(#408,#414),.PCURVE_S1.);
#404 = LINE('',#405,#406);
#405 = CARTESIAN_POINT('',(-2.654242882574,-6.713179855241,1.2));
#406 = VECTOR('',#407,1.);
#407 = DIRECTION('',(0.309027370152,0.951053144938,-0.));
#408 = PCURVE('',#43,#409);
#409 = DEFINITIONAL_REPRESENTATION('',(#410),#413);
#410 = B_SPLINE_CURVE_WITH_KNOTS('',1,(#411,#412),.UNSPECIFIED.,.F.,.F.,
  (2,2),(-7.20482451161,-6.512804007729),.PIECEWISE_BEZIER_KNOTS.);
#411 = CARTESIAN_POINT('',(-4.880730853802,-13.56535086573));
#412 = CARTESIAN_POINT('',(-4.666877577397,-12.90720258915));
#413 = ( GEOMETRIC_REPRESENTATION_CONTEXT(2) 
PARAMETRIC_REPRESENTATION_CONTEXT() REPRESENTATION_CONTEXT('2D SPACE',''
  ) );
#414 = PCURVE('',#415,#420);
#415 = PLANE('',#416);
#416 = AXIS2_PLACEMENT_3D('',#417,#418,#419);
#417 = CARTESIAN_POINT('',(-4.880730853802,-13.56535086573,0.9));
#418 = DIRECTION('',(0.951053144938,-0.309027370152,0.));
#419 = DIRECTION('',(0.309027370152,0.951053144938,0.));
#420 = DEFINITIONAL_REPRESENTATION('',(#421),#424);
#421 = B_SPLINE_CURVE_WITH_KNOTS('',1,(#422,#423),.UNSPECIFIED.,.F.,.F.,
  (2,2),(-7.20482451161,-6.512804007729),.PIECEWISE_BEZIER_KNOTS.);
#422 = CARTESIAN_POINT('',(0.,0.3));
#423 = CARTESIAN_POINT('',(0.69202050388,0.3));
#424 = ( GEOMETRIC_REPRESENTATION_CONTEXT(2) 
PARAMETRIC_REPRESENTATION_CONTEXT() REPRESENTATION_CONTEXT('2D SPACE',''
  ) );
#425 = ORIENTED_EDGE('',*,*,#426,.F.);
#426 = EDGE_CURVE('',#427,#401,#429,.T.);
#427 = VERTEX_POINT('',#428);
#428 = CARTESIAN_POINT('',(-5.094573157778,-14.22346865047,1.2));
#429 = SURFACE_CURVE('',#430,(#434,#440),.PCURVE_S1.);
#430 = LINE('',#431,#432);
#431 = CARTESIAN_POINT('',(-2.761174162707,-7.042235802671,1.2));
#432 = VECTOR('',#433,1.);
#433 = DIRECTION('',(0.309025978521,0.951053597122,-0.));
#434 = PCURVE('',#43,#435);
#435 = DEFINITIONAL_REPRESENTATION('',(#436),#439);
#436 = B_SPLINE_CURVE_WITH_KNOTS('',1,(#437,#438),.UNSPECIFIED.,.F.,.F.,
  (2,2),(-7.550818239411,-6.858830125666),.PIECEWISE_BEZIER_KNOTS.);
#437 = CARTESIAN_POINT('',(-5.094573157778,-14.22346865047));
#438 = CARTESIAN_POINT('',(-4.880730853802,-13.56535086573));
#439 = ( GEOMETRIC_REPRESENTATION_CONTEXT(2) 
PARAMETRIC_REPRESENTATION_CONTEXT() REPRESENTATION_CONTEXT('2D SPACE',''
  ) );
#440 = PCURVE('',#441,#446);
#441 = PLANE('',#442);
#442 = AXIS2_PLACEMENT_3D('',#443,#444,#445);
#443 = CARTESIAN_POINT('',(-5.094573157778,-14.22346865047,0.9));
#444 = DIRECTION('',(0.951053597122,-0.309025978521,0.));
#445 = DIRECTION('',(0.309025978521,0.951053597122,0.));
#446 = DEFINITIONAL_REPRESENTATION('',(#447),#450);
#447 = B_SPLINE_CURVE_WITH_KNOTS('',1,(#448,#449),.UNSPECIFIED.,.F.,.F.,
  (2,2),(-7.550818239411,-6.858830125666),.PIECEWISE_BEZIER_KNOTS.);
#448 = CARTESIAN_POINT('',(0.,0.3));
#449 = CARTESIAN_POINT('',(0.691988113745,0.3));
#450 = ( GEOMETRIC_REPRESENTATION_CONTEXT(2) 
PARAMETRIC_REPRESENTATION_CONTEXT() REPRESENTATION_CONTEXT('2D SPACE',''
  ) );
#451 = ORIENTED_EDGE('',*,*,#452,.F.);
#452 = EDGE_CURVE('',#453,#427,#455,.T.);
#453 = VERTEX_POINT('',#454);
#454 = CARTESIAN_POINT('',(-5.308405968349,-14.8815599342,1.2));
#455 = SURFACE_CURVE('',#456,(#460,#466),.PCURVE_S1.);
#456 = LINE('',#457,#458);
#457 = CARTESIAN_POINT('',(-2.86809936192,-7.37127887393,1.2));
#458 = VECTOR('',#459,1.);
#459 = DIRECTION('',(0.309024825052,0.951053971918,-0.));
#460 = PCURVE('',#43,#461);
#461 = DEFINITIONAL_REPRESENTATION('',(#462),#465);
#462 = B_SPLINE_CURVE_WITH_KNOTS('',1,(#463,#464),.UNSPECIFIED.,.F.,.F.,
  (2,2),(-7.896797954718,-7.204837978573),.PIECEWISE_BEZIER_KNOTS.);
#463 = CARTESIAN_POINT('',(-5.308405968349,-14.8815599342));
#464 = CARTESIAN_POINT('',(-5.094573157778,-14.22346865047));
#465 = ( GEOMETRIC_REPRESENTATION_CONTEXT(2) 
PARAMETRIC_REPRESENTATION_CONTEXT() REPRESENTATION_CONTEXT('2D SPACE',''
  ) );
#466 = PCURVE('',#467,#472);
#467 = PLANE('',#468);
#468 = AXIS2_PLACEMENT_3D('',#469,#470,#471);
#469 = CARTESIAN_POINT('',(-5.308405968349,-14.8815599342,0.9));
#470 = DIRECTION('',(0.951053971918,-0.309024825052,0.));
#471 = DIRECTION('',(0.309024825052,0.951053971918,0.));
#472 = DEFINITIONAL_REPRESENTATION('',(#473),#476);
#473 = B_SPLINE_CURVE_WITH_KNOTS('',1,(#474,#475),.UNSPECIFIED.,.F.,.F.,
  (2,2),(-7.896797954718,-7.204837978573),.PIECEWISE_BEZIER_KNOTS.);
#474 = CARTESIAN_POINT('',(0.,0.3));
#475 = CARTESIAN_POINT('',(0.691959976145,0.3));
#476 = ( GEOMETRIC_REPRESENTATION_CONTEXT(2) 
PARAMETRIC_REPRESENTATION_CONTEXT() REPRESENTATION_CONTEXT('2D SPACE',''
  ) );
#477 = ORIENTED_EDGE('',*,*,#478,.F.);
#478 = EDGE_CURVE('',#479,#453,#481,.T.);
#479 = VERTEX_POINT('',#480);
#480 = CARTESIAN_POINT('',(-6.769242086596,-14.27646180161,1.2));
#481 = SURFACE_CURVE('',#482,(#486,#492),.PCURVE_S1.);
#482 = LINE('',#483,#484);
#483 = CARTESIAN_POINT('',(-6.404033057034,-14.42773633476,1.2));
#484 = VECTOR('',#485,1.);
#485 = DIRECTION('',(0.923879532511,-0.382683432365,0.));
#486 = PCURVE('',#43,#487);
#487 = DEFINITIONAL_REPRESENTATION('',(#488),#491);
#488 = B_SPLINE_CURVE_WITH_KNOTS('',1,(#489,#490),.UNSPECIFIED.,.F.,.F.,
  (2,2),(-0.395299405074,1.185898215222),.PIECEWISE_BEZIER_KNOTS.);
#489 = CARTESIAN_POINT('',(-6.769242086596,-14.27646180161));
#490 = CARTESIAN_POINT('',(-5.308405968349,-14.8815599342));
#491 = ( GEOMETRIC_REPRESENTATION_CONTEXT(2) 
PARAMETRIC_REPRESENTATION_CONTEXT() REPRESENTATION_CONTEXT('2D SPACE',''
  ) );
#492 = PCURVE('',#493,#498);
#493 = PLANE('',#494);
#494 = AXIS2_PLACEMENT_3D('',#495,#496,#497);
#495 = CARTESIAN_POINT('',(-6.769242086596,-14.27646180161,0.9));
#496 = DIRECTION('',(-0.382683432365,-0.923879532511,0.));
#497 = DIRECTION('',(0.923879532511,-0.382683432365,0.));
#498 = DEFINITIONAL_REPRESENTATION('',(#499),#502);
#499 = B_SPLINE_CURVE_WITH_KNOTS('',1,(#500,#501),.UNSPECIFIED.,.F.,.F.,
  (2,2),(-0.395299405074,1.185898215222),.PIECEWISE_BEZIER_KNOTS.);
#500 = CARTESIAN_POINT('',(0.,0.3));
#501 = CARTESIAN_POINT('',(1.581197620296,0.3));
#502 = ( GEOMETRIC_REPRESENTATION_CONTEXT(2) 
PARAMETRIC_REPRESENTATION_CONTEXT() REPRESENTATION_CONTEXT('2D SPACE',''
  ) );
#503 = ORIENTED_EDGE('',*,*,#504,.F.);
#504 = EDGE_CURVE('',#505,#479,#507,.T.);
#505 = VERTEX_POINT('',#506);
#506 = CARTESIAN_POINT('',(-6.455103907632,-13.65991836186,1.2));
#507 = SURFACE_CURVE('',#508,(#512,#518),.PCURVE_S1.);
#508 = LINE('',#509,#510);
#509 = CARTESIAN_POINT('',(-3.027159680361,-6.932062065826,1.2));
#510 = VECTOR('',#511,1.);
#511 = DIRECTION('',(-0.453983163468,-0.891010262167,0.));
#512 = PCURVE('',#43,#513);
#513 = DEFINITIONAL_REPRESENTATION('',(#514),#517);
#514 = B_SPLINE_CURVE_WITH_KNOTS('',1,(#515,#516),.UNSPECIFIED.,.F.,.F.,
  (2,2),(7.550817966645,8.24277794279),.PIECEWISE_BEZIER_KNOTS.);
#515 = CARTESIAN_POINT('',(-6.455103907632,-13.65991836186));
#516 = CARTESIAN_POINT('',(-6.769242086596,-14.27646180161));
#517 = ( GEOMETRIC_REPRESENTATION_CONTEXT(2) 
PARAMETRIC_REPRESENTATION_CONTEXT() REPRESENTATION_CONTEXT('2D SPACE',''
  ) );
#518 = PCURVE('',#519,#524);
#519 = PLANE('',#520);
#520 = AXIS2_PLACEMENT_3D('',#521,#522,#523);
#521 = CARTESIAN_POINT('',(-6.455103907632,-13.65991836186,0.9));
#522 = DIRECTION('',(-0.891010262167,0.453983163468,0.));
#523 = DIRECTION('',(-0.453983163468,-0.891010262167,0.));
#524 = DEFINITIONAL_REPRESENTATION('',(#525),#528);
#525 = B_SPLINE_CURVE_WITH_KNOTS('',1,(#526,#527),.UNSPECIFIED.,.F.,.F.,
  (2,2),(7.550817966645,8.24277794279),.PIECEWISE_BEZIER_KNOTS.);
#526 = CARTESIAN_POINT('',(0.,0.3));
#527 = CARTESIAN_POINT('',(0.691959976145,0.3));
#528 = ( GEOMETRIC_REPRESENTATION_CONTEXT(2) 
PARAMETRIC_REPRESENTATION_CONTEXT() REPRESENTATION_CONTEXT('2D SPACE',''
  ) );
#529 = ORIENTED_EDGE('',*,*,#530,.F.);
#530 = EDGE_CURVE('',#531,#505,#533,.T.);
#531 = VERTEX_POINT('',#532);
#532 = CARTESIAN_POINT('',(-6.140953702466,-13.0433494702,1.2));
#533 = SURFACE_CURVE('',#534,(#538,#544),.PCURVE_S1.);
#534 = LINE('',#535,#536);
#535 = CARTESIAN_POINT('',(-2.870092613713,-6.623773219443,1.2));
#536 = VECTOR('',#537,1.);
#537 = DIRECTION('',(-0.453982082822,-0.891010812772,0.));
#538 = PCURVE('',#43,#539);
#539 = DEFINITIONAL_REPRESENTATION('',(#540),#543);
#540 = B_SPLINE_CURVE_WITH_KNOTS('',1,(#541,#542),.UNSPECIFIED.,.F.,.F.,
  (2,2),(7.204824182539,7.896812296284),.PIECEWISE_BEZIER_KNOTS.);
#541 = CARTESIAN_POINT('',(-6.140953702466,-13.0433494702));
#542 = CARTESIAN_POINT('',(-6.455103907632,-13.65991836186));
#543 = ( GEOMETRIC_REPRESENTATION_CONTEXT(2) 
PARAMETRIC_REPRESENTATION_CONTEXT() REPRESENTATION_CONTEXT('2D SPACE',''
  ) );
#544 = PCURVE('',#545,#550);
#545 = PLANE('',#546);
#546 = AXIS2_PLACEMENT_3D('',#547,#548,#549);
#547 = CARTESIAN_POINT('',(-6.140953702466,-13.0433494702,0.9));
#548 = DIRECTION('',(-0.891010812772,0.453982082822,0.));
#549 = DIRECTION('',(-0.453982082822,-0.891010812772,0.));
#550 = DEFINITIONAL_REPRESENTATION('',(#551),#554);
#551 = B_SPLINE_CURVE_WITH_KNOTS('',1,(#552,#553),.UNSPECIFIED.,.F.,.F.,
  (2,2),(7.204824182539,7.896812296284),.PIECEWISE_BEZIER_KNOTS.);
#552 = CARTESIAN_POINT('',(0.,0.3));
#553 = CARTESIAN_POINT('',(0.691988113745,0.3));
#554 = ( GEOMETRIC_REPRESENTATION_CONTEXT(2) 
PARAMETRIC_REPRESENTATION_CONTEXT() REPRESENTATION_CONTEXT('2D SPACE',''
  ) );
#555 = ORIENTED_EDGE('',*,*,#556,.F.);
#556 = EDGE_CURVE('',#557,#531,#559,.T.);
#557 = VERTEX_POINT('',#558);
#558 = CARTESIAN_POINT('',(-5.826789694998,-12.42675125888,1.2));
#559 = SURFACE_CURVE('',#560,(#564,#570),.PCURVE_S1.);
#560 = LINE('',#561,#562);
#561 = CARTESIAN_POINT('',(-2.713019854047,-6.315469034491,1.2));
#562 = VECTOR('',#563,1.);
#563 = DIRECTION('',(-0.453980779048,-0.891011477061,0.));
#564 = PCURVE('',#43,#565);
#565 = DEFINITIONAL_REPRESENTATION('',(#566),#569);
#566 = B_SPLINE_CURVE_WITH_KNOTS('',1,(#567,#568),.UNSPECIFIED.,.F.,.F.,
  (2,2),(6.858814259669,7.55083476355),.PIECEWISE_BEZIER_KNOTS.);
#567 = CARTESIAN_POINT('',(-5.826789694998,-12.42675125888));
#568 = CARTESIAN_POINT('',(-6.140953702466,-13.0433494702));
#569 = ( GEOMETRIC_REPRESENTATION_CONTEXT(2) 
PARAMETRIC_REPRESENTATION_CONTEXT() REPRESENTATION_CONTEXT('2D SPACE',''
  ) );
#570 = PCURVE('',#571,#576);
#571 = PLANE('',#572);
#572 = AXIS2_PLACEMENT_3D('',#573,#574,#575);
#573 = CARTESIAN_POINT('',(-5.826789694998,-12.42675125888,0.9));
#574 = DIRECTION('',(-0.891011477061,0.453980779048,0.));
#575 = DIRECTION('',(-0.453980779048,-0.891011477061,0.));
#576 = DEFINITIONAL_REPRESENTATION('',(#577),#580);
#577 = B_SPLINE_CURVE_WITH_KNOTS('',1,(#578,#579),.UNSPECIFIED.,.F.,.F.,
  (2,2),(6.858814259669,7.55083476355),.PIECEWISE_BEZIER_KNOTS.);
#578 = CARTESIAN_POINT('',(0.,0.3));
#579 = CARTESIAN_POINT('',(0.69202050388,0.3));
#580 = ( GEOMETRIC_REPRESENTATION_CONTEXT(2) 
PARAMETRIC_REPRESENTATION_CONTEXT() REPRESENTATION_CONTEXT('2D SPACE',''
  ) );
#581 = ORIENTED_EDGE('',*,*,#582,.F.);
#582 = EDGE_CURVE('',#583,#557,#585,.T.);
#583 = VERTEX_POINT('',#584);
#584 = CARTESIAN_POINT('',(-5.512609741544,-11.81011903476,1.2));
#585 = SURFACE_CURVE('',#586,(#590,#596),.PCURVE_S1.);
#586 = LINE('',#587,#588);
#587 = CARTESIAN_POINT('',(-2.555940584474,-6.007147017319,1.2));
#588 = VECTOR('',#589,1.);
#589 = DIRECTION('',(-0.453979191447,-0.891012285961,0.));
#590 = PCURVE('',#43,#591);
#591 = DEFINITIONAL_REPRESENTATION('',(#592),#595);
#592 = B_SPLINE_CURVE_WITH_KNOTS('',1,(#593,#594),.UNSPECIFIED.,.F.,.F.,
  (2,2),(6.51278563593,7.204843684785),.PIECEWISE_BEZIER_KNOTS.);
#593 = CARTESIAN_POINT('',(-5.512609741544,-11.81011903476));
#594 = CARTESIAN_POINT('',(-5.826789694998,-12.42675125888));
#595 = ( GEOMETRIC_REPRESENTATION_CONTEXT(2) 
PARAMETRIC_REPRESENTATION_CONTEXT() REPRESENTATION_CONTEXT('2D SPACE',''
  ) );
#596 = PCURVE('',#597,#602);
#597 = PLANE('',#598);
#598 = AXIS2_PLACEMENT_3D('',#599,#600,#601);
#599 = CARTESIAN_POINT('',(-5.512609741544,-11.81011903476,0.9));
#600 = DIRECTION('',(-0.891012285961,0.453979191447,0.));
#601 = DIRECTION('',(-0.453979191447,-0.891012285961,0.));
#602 = DEFINITIONAL_REPRESENTATION('',(#603),#606);
#603 = B_SPLINE_CURVE_WITH_KNOTS('',1,(#604,#605),.UNSPECIFIED.,.F.,.F.,
  (2,2),(6.51278563593,7.204843684785),.PIECEWISE_BEZIER_KNOTS.);
#604 = CARTESIAN_POINT('',(0.,0.3));
#605 = CARTESIAN_POINT('',(0.692058048855,0.3));
#606 = ( GEOMETRIC_REPRESENTATION_CONTEXT(2) 
PARAMETRIC_REPRESENTATION_CONTEXT() REPRESENTATION_CONTEXT('2D SPACE',''
  ) );
#607 = ORIENTED_EDGE('',*,*,#608,.F.);
#608 = EDGE_CURVE('',#609,#583,#611,.T.);
#609 = VERTEX_POINT('',#610);
#610 = CARTESIAN_POINT('',(-5.198411230645,-11.19344704674,1.2));
#611 = SURFACE_CURVE('',#612,(#616,#622),.PCURVE_S1.);
#612 = LINE('',#613,#614);
#613 = CARTESIAN_POINT('',(-2.398853825217,-5.698804103209,1.2));
#614 = VECTOR('',#615,1.);
#615 = DIRECTION('',(-0.453977238373,-0.891013281068,0.));
#616 = PCURVE('',#43,#617);
#617 = DEFINITIONAL_REPRESENTATION('',(#618),#621);
#618 = B_SPLINE_CURVE_WITH_KNOTS('',1,(#619,#620),.UNSPECIFIED.,.F.,.F.,
  (2,2),(6.166735176996,6.858837080662),.PIECEWISE_BEZIER_KNOTS.);
#619 = CARTESIAN_POINT('',(-5.198411230645,-11.19344704674));
#620 = CARTESIAN_POINT('',(-5.512609741544,-11.81011903476));
#621 = ( GEOMETRIC_REPRESENTATION_CONTEXT(2) 
PARAMETRIC_REPRESENTATION_CONTEXT() REPRESENTATION_CONTEXT('2D SPACE',''
  ) );
#622 = PCURVE('',#623,#628);
#623 = PLANE('',#624);
#624 = AXIS2_PLACEMENT_3D('',#625,#626,#627);
#625 = CARTESIAN_POINT('',(-5.198411230645,-11.19344704674,0.9));
#626 = DIRECTION('',(-0.891013281068,0.453977238373,0.));
#627 = DIRECTION('',(-0.453977238373,-0.891013281068,0.));
#628 = DEFINITIONAL_REPRESENTATION('',(#629),#632);
#629 = B_SPLINE_CURVE_WITH_KNOTS('',1,(#630,#631),.UNSPECIFIED.,.F.,.F.,
  (2,2),(6.166735176996,6.858837080662),.PIECEWISE_BEZIER_KNOTS.);
#630 = CARTESIAN_POINT('',(0.,0.3));
#631 = CARTESIAN_POINT('',(0.692101903666,0.3));
#632 = ( GEOMETRIC_REPRESENTATION_CONTEXT(2) 
PARAMETRIC_REPRESENTATION_CONTEXT() REPRESENTATION_CONTEXT('2D SPACE',''
  ) );
#633 = ORIENTED_EDGE('',*,*,#634,.F.);
#634 = EDGE_CURVE('',#635,#609,#637,.T.);
#635 = VERTEX_POINT('',#636);
#636 = CARTESIAN_POINT('',(-4.884190948238,-10.57672816995,1.2));
#637 = SURFACE_CURVE('',#638,(#642,#648),.PCURVE_S1.);
#638 = LINE('',#639,#640);
#639 = CARTESIAN_POINT('',(-2.241758391321,-5.390436483121,1.2));
#640 = VECTOR('',#641,1.);
#641 = DIRECTION('',(-0.453974808286,-0.891014519209,0.));
#642 = PCURVE('',#43,#643);
#643 = DEFINITIONAL_REPRESENTATION('',(#644),#647);
#644 = B_SPLINE_CURVE_WITH_KNOTS('',1,(#645,#646),.UNSPECIFIED.,.F.,.F.,
  (2,2),(5.82065900726,6.512812573211),.PIECEWISE_BEZIER_KNOTS.);
#645 = CARTESIAN_POINT('',(-4.884190948238,-10.57672816995));
#646 = CARTESIAN_POINT('',(-5.198411230645,-11.19344704674));
#647 = ( GEOMETRIC_REPRESENTATION_CONTEXT(2) 
PARAMETRIC_REPRESENTATION_CONTEXT() REPRESENTATION_CONTEXT('2D SPACE',''
  ) );
#648 = PCURVE('',#649,#654);
#649 = PLANE('',#650);
#650 = AXIS2_PLACEMENT_3D('',#651,#652,#653);
#651 = CARTESIAN_POINT('',(-4.884190948238,-10.57672816995,0.9));
#652 = DIRECTION('',(-0.891014519209,0.453974808286,0.));
#653 = DIRECTION('',(-0.453974808286,-0.891014519209,0.));
#654 = DEFINITIONAL_REPRESENTATION('',(#655),#658);
#655 = B_SPLINE_CURVE_WITH_KNOTS('',1,(#656,#657),.UNSPECIFIED.,.F.,.F.,
  (2,2),(5.82065900726,6.512812573211),.PIECEWISE_BEZIER_KNOTS.);
#656 = CARTESIAN_POINT('',(0.,0.3));
#657 = CARTESIAN_POINT('',(0.692153565952,0.3));
#658 = ( GEOMETRIC_REPRESENTATION_CONTEXT(2) 
PARAMETRIC_REPRESENTATION_CONTEXT() REPRESENTATION_CONTEXT('2D SPACE',''
  ) );
#659 = ORIENTED_EDGE('',*,*,#660,.F.);
#660 = EDGE_CURVE('',#661,#635,#663,.T.);
#661 = VERTEX_POINT('',#662);
#662 = CARTESIAN_POINT('',(-4.569944893404,-9.959953469555,1.2));
#663 = SURFACE_CURVE('',#664,(#668,#674),.PCURVE_S1.);
#664 = LINE('',#665,#666);
#665 = CARTESIAN_POINT('',(-2.084652836681,-5.082039363342,1.2));
#666 = VECTOR('',#667,1.);
#667 = DIRECTION('',(-0.453971746167,-0.891016079362,0.));
#668 = PCURVE('',#43,#669);
#669 = DEFINITIONAL_REPRESENTATION('',(#670),#673);
#670 = B_SPLINE_CURVE_WITH_KNOTS('',1,(#671,#672),.UNSPECIFIED.,.F.,.F.,
  (2,2),(5.474552277109,6.16676728275),.PIECEWISE_BEZIER_KNOTS.);
#671 = CARTESIAN_POINT('',(-4.569944893404,-9.959953469555));
#672 = CARTESIAN_POINT('',(-4.884190948238,-10.57672816995));
#673 = ( GEOMETRIC_REPRESENTATION_CONTEXT(2) 
PARAMETRIC_REPRESENTATION_CONTEXT() REPRESENTATION_CONTEXT('2D SPACE',''
  ) );
#674 = PCURVE('',#675,#680);
#675 = PLANE('',#676);
#676 = AXIS2_PLACEMENT_3D('',#677,#678,#679);
#677 = CARTESIAN_POINT('',(-4.569944893404,-9.959953469555,0.9));
#678 = DIRECTION('',(-0.891016079362,0.453971746167,0.));
#679 = DIRECTION('',(-0.453971746167,-0.891016079362,0.));
#680 = DEFINITIONAL_REPRESENTATION('',(#681),#684);
#681 = B_SPLINE_CURVE_WITH_KNOTS('',1,(#682,#683),.UNSPECIFIED.,.F.,.F.,
  (2,2),(5.474552277109,6.16676728275),.PIECEWISE_BEZIER_KNOTS.);
#682 = CARTESIAN_POINT('',(0.,0.3));
#683 = CARTESIAN_POINT('',(0.692215005641,0.3));
#684 = ( GEOMETRIC_REPRESENTATION_CONTEXT(2) 
PARAMETRIC_REPRESENTATION_CONTEXT() REPRESENTATION_CONTEXT('2D SPACE',''
  ) );
#685 = ORIENTED_EDGE('',*,*,#686,.F.);
#686 = EDGE_CURVE('',#687,#661,#689,.T.);
#687 = VERTEX_POINT('',#688);
#688 = CARTESIAN_POINT('',(-4.255668022207,-9.343111587111,1.2));
#689 = SURFACE_CURVE('',#690,(#694,#700),.PCURVE_S1.);
#690 = LINE('',#691,#692);
#691 = CARTESIAN_POINT('',(-1.92753537903,-4.773606625681,1.2));
#692 = VECTOR('',#693,1.);
#693 = DIRECTION('',(-0.453967832381,-0.891018073421,0.));
#694 = PCURVE('',#43,#695);
#695 = DEFINITIONAL_REPRESENTATION('',(#696),#699);
#696 = B_SPLINE_CURVE_WITH_KNOTS('',1,(#697,#698),.UNSPECIFIED.,.F.,.F.,
  (2,2),(5.128408836741,5.820697692426),.PIECEWISE_BEZIER_KNOTS.);
#697 = CARTESIAN_POINT('',(-4.255668022207,-9.343111587111));
#698 = CARTESIAN_POINT('',(-4.569944893404,-9.959953469555));
#699 = ( GEOMETRIC_REPRESENTATION_CONTEXT(2) 
PARAMETRIC_REPRESENTATION_CONTEXT() REPRESENTATION_CONTEXT('2D SPACE',''
  ) );
#700 = PCURVE('',#701,#706);
#701 = PLANE('',#702);
#702 = AXIS2_PLACEMENT_3D('',#703,#704,#705);
#703 = CARTESIAN_POINT('',(-4.255668022207,-9.343111587111,0.9));
#704 = DIRECTION('',(-0.891018073421,0.453967832381,0.));
#705 = DIRECTION('',(-0.453967832381,-0.891018073421,0.));
#706 = DEFINITIONAL_REPRESENTATION('',(#707),#710);
#707 = B_SPLINE_CURVE_WITH_KNOTS('',1,(#708,#709),.UNSPECIFIED.,.F.,.F.,
  (2,2),(5.128408836741,5.820697692426),.PIECEWISE_BEZIER_KNOTS.);
#708 = CARTESIAN_POINT('',(0.,0.3));
#709 = CARTESIAN_POINT('',(0.692288855685,0.3));
#710 = ( GEOMETRIC_REPRESENTATION_CONTEXT(2) 
PARAMETRIC_REPRESENTATION_CONTEXT() REPRESENTATION_CONTEXT('2D SPACE',''
  ) );
#711 = ORIENTED_EDGE('',*,*,#712,.F.);
#712 = EDGE_CURVE('',#713,#687,#715,.T.);
#713 = VERTEX_POINT('',#714);
#714 = CARTESIAN_POINT('',(-3.941353884659,-8.726187859305,1.2));
#715 = SURFACE_CURVE('',#716,(#720,#726),.PCURVE_S1.);
#716 = LINE('',#717,#718);
#717 = CARTESIAN_POINT('',(-1.770403798121,-4.465130336681,1.2));
#718 = VECTOR('',#719,1.);
#719 = DIRECTION('',(-0.453962748924,-0.891020663391,0.));
#720 = PCURVE('',#43,#721);
#721 = DEFINITIONAL_REPRESENTATION('',(#722),#725);
#722 = B_SPLINE_CURVE_WITH_KNOTS('',1,(#723,#724),.UNSPECIFIED.,.F.,.F.,
  (2,2),(4.782220769616,5.474599468735),.PIECEWISE_BEZIER_KNOTS.);
#723 = CARTESIAN_POINT('',(-3.941353884659,-8.726187859305));
#724 = CARTESIAN_POINT('',(-4.255668022207,-9.343111587111));
#725 = ( GEOMETRIC_REPRESENTATION_CONTEXT(2) 
PARAMETRIC_REPRESENTATION_CONTEXT() REPRESENTATION_CONTEXT('2D SPACE',''
  ) );
#726 = PCURVE('',#727,#732);
#727 = PLANE('',#728);
#728 = AXIS2_PLACEMENT_3D('',#729,#730,#731);
#729 = CARTESIAN_POINT('',(-3.941353884659,-8.726187859305,0.9));
#730 = DIRECTION('',(-0.891020663391,0.453962748924,0.));
#731 = DIRECTION('',(-0.453962748924,-0.891020663391,0.));
#732 = DEFINITIONAL_REPRESENTATION('',(#733),#736);
#733 = B_SPLINE_CURVE_WITH_KNOTS('',1,(#734,#735),.UNSPECIFIED.,.F.,.F.,
  (2,2),(4.782220769616,5.474599468735),.PIECEWISE_BEZIER_KNOTS.);
#734 = CARTESIAN_POINT('',(0.,0.3));
#735 = CARTESIAN_POINT('',(0.692378699118,0.3));
#736 = ( GEOMETRIC_REPRESENTATION_CONTEXT(2) 
PARAMETRIC_REPRESENTATION_CONTEXT() REPRESENTATION_CONTEXT('2D SPACE',''
  ) );
#737 = ORIENTED_EDGE('',*,*,#738,.F.);
#738 = EDGE_CURVE('',#739,#713,#741,.T.);
#739 = VERTEX_POINT('',#740);
#740 = CARTESIAN_POINT('',(-3.626994099014,-8.109163021967,1.2));
#741 = SURFACE_CURVE('',#742,(#746,#752),.PCURVE_S1.);
#742 = LINE('',#743,#744);
#743 = CARTESIAN_POINT('',(-1.613255295638,-4.156600021446,1.2));
#744 = VECTOR('',#745,1.);
#745 = DIRECTION('',(-0.453956023935,-0.891024089648,0.));
#746 = PCURVE('',#43,#747);
#747 = DEFINITIONAL_REPRESENTATION('',(#748),#751);
#748 = B_SPLINE_CURVE_WITH_KNOTS('',1,(#749,#750),.UNSPECIFIED.,.F.,.F.,
  (2,2),(4.43597770974,5.128467222096),.PIECEWISE_BEZIER_KNOTS.);
#749 = CARTESIAN_POINT('',(-3.626994099014,-8.109163021967));
#750 = CARTESIAN_POINT('',(-3.941353884659,-8.726187859305));
#751 = ( GEOMETRIC_REPRESENTATION_CONTEXT(2) 
PARAMETRIC_REPRESENTATION_CONTEXT() REPRESENTATION_CONTEXT('2D SPACE',''
  ) );
#752 = PCURVE('',#753,#758);
#753 = PLANE('',#754);
#754 = AXIS2_PLACEMENT_3D('',#755,#756,#757);
#755 = CARTESIAN_POINT('',(-3.626994099014,-8.109163021967,0.9));
#756 = DIRECTION('',(-0.891024089648,0.453956023935,0.));
#757 = DIRECTION('',(-0.453956023935,-0.891024089648,0.));
#758 = DEFINITIONAL_REPRESENTATION('',(#759),#762);
#759 = B_SPLINE_CURVE_WITH_KNOTS('',1,(#760,#761),.UNSPECIFIED.,.F.,.F.,
  (2,2),(4.43597770974,5.128467222096),.PIECEWISE_BEZIER_KNOTS.);
#760 = CARTESIAN_POINT('',(0.,0.3));
#761 = CARTESIAN_POINT('',(0.692489512356,0.3));
#762 = ( GEOMETRIC_REPRESENTATION_CONTEXT(2) 
PARAMETRIC_REPRESENTATION_CONTEXT() REPRESENTATION_CONTEXT('2D SPACE',''
  ) );
#763 = ORIENTED_EDGE('',*,*,#764,.F.);
#764 = EDGE_CURVE('',#115,#739,#765,.T.);
#765 = SURFACE_CURVE('',#766,(#770,#776),.PCURVE_S1.);
#766 = LINE('',#767,#768);
#767 = CARTESIAN_POINT('',(-1.456086299826,-3.848001559133,1.2));
#768 = VECTOR('',#769,1.);
#769 = DIRECTION('',(-0.453946937304,-0.891028719016,0.));
#770 = PCURVE('',#43,#771);
#771 = DEFINITIONAL_REPRESENTATION('',(#772),#775);
#772 = B_SPLINE_CURVE_WITH_KNOTS('',1,(#773,#774),.UNSPECIFIED.,.F.,.F.,
  (2,2),(4.089665816264,4.782294186362),.PIECEWISE_BEZIER_KNOTS.);
#773 = CARTESIAN_POINT('',(-3.312577571717,-7.492011252603));
#774 = CARTESIAN_POINT('',(-3.626994099014,-8.109163021967));
#775 = ( GEOMETRIC_REPRESENTATION_CONTEXT(2) 
PARAMETRIC_REPRESENTATION_CONTEXT() REPRESENTATION_CONTEXT('2D SPACE',''
  ) );
#776 = PCURVE('',#777,#782);
#777 = PLANE('',#778);
#778 = AXIS2_PLACEMENT_3D('',#779,#780,#781);
#779 = CARTESIAN_POINT('',(-3.312577571717,-7.492011252603,0.9));
#780 = DIRECTION('',(-0.891028719016,0.453946937304,0.));
#781 = DIRECTION('',(-0.453946937304,-0.891028719016,0.));
#782 = DEFINITIONAL_REPRESENTATION('',(#783),#786);
#783 = B_SPLINE_CURVE_WITH_KNOTS('',1,(#784,#785),.UNSPECIFIED.,.F.,.F.,
  (2,2),(4.089665816264,4.782294186362),.PIECEWISE_BEZIER_KNOTS.);
#784 = CARTESIAN_POINT('',(0.,0.3));
#785 = CARTESIAN_POINT('',(0.692628370099,0.3));
#786 = ( GEOMETRIC_REPRESENTATION_CONTEXT(2) 
PARAMETRIC_REPRESENTATION_CONTEXT() REPRESENTATION_CONTEXT('2D SPACE',''
  ) );
#787 = FACE_BOUND('',#788,.T.);
#788 = EDGE_LOOP('',(#789,#817,#843,#869,#895,#921,#947,#973,#999,#1025,
    #1051,#1077,#1103,#1129,#1155,#1181,#1207,#1233,#1259,#1285,#1311,
    #1337,#1363,#1389,#1415,#1441));
#789 = ORIENTED_EDGE('',*,*,#790,.F.);
#790 = EDGE_CURVE('',#791,#793,#795,.T.);
#791 = VERTEX_POINT('',#792);
#792 = CARTESIAN_POINT('',(-6.981114232663,-2.741175673048,1.2));
#793 = VERTEX_POINT('',#794);
#794 = CARTESIAN_POINT('',(-7.639998025609,-2.955305897274,1.2));
#795 = SURFACE_CURVE('',#796,(#800,#806),.PCURVE_S1.);
#796 = LINE('',#797,#798);
#797 = CARTESIAN_POINT('',(-3.421129429792,-1.584218479316,1.2));
#798 = VECTOR('',#799,1.);
#799 = DIRECTION('',(-0.951037042324,-0.30907692267,0.));
#800 = PCURVE('',#43,#801);
#801 = DEFINITIONAL_REPRESENTATION('',(#802),#805);
#802 = B_SPLINE_CURVE_WITH_KNOTS('',1,(#803,#804),.UNSPECIFIED.,.F.,.F.,
  (2,2),(3.743266186741,4.436071791175),.PIECEWISE_BEZIER_KNOTS.);
#803 = CARTESIAN_POINT('',(-6.981114232663,-2.741175673048));
#804 = CARTESIAN_POINT('',(-7.639998025609,-2.955305897274));
#805 = ( GEOMETRIC_REPRESENTATION_CONTEXT(2) 
PARAMETRIC_REPRESENTATION_CONTEXT() REPRESENTATION_CONTEXT('2D SPACE',''
  ) );
#806 = PCURVE('',#807,#812);
#807 = PLANE('',#808);
#808 = AXIS2_PLACEMENT_3D('',#809,#810,#811);
#809 = CARTESIAN_POINT('',(-6.981114232663,-2.741175673048,0.9));
#810 = DIRECTION('',(-0.30907692267,0.951037042324,0.));
#811 = DIRECTION('',(-0.951037042324,-0.30907692267,0.));
#812 = DEFINITIONAL_REPRESENTATION('',(#813),#816);
#813 = B_SPLINE_CURVE_WITH_KNOTS('',1,(#814,#815),.UNSPECIFIED.,.F.,.F.,
  (2,2),(3.743266186741,4.436071791175),.PIECEWISE_BEZIER_KNOTS.);
#814 = CARTESIAN_POINT('',(0.,0.3));
#815 = CARTESIAN_POINT('',(0.692805604433,0.3));
#816 = ( GEOMETRIC_REPRESENTATION_CONTEXT(2) 
PARAMETRIC_REPRESENTATION_CONTEXT() REPRESENTATION_CONTEXT('2D SPACE',''
  ) );
#817 = ORIENTED_EDGE('',*,*,#818,.F.);
#818 = EDGE_CURVE('',#819,#791,#821,.T.);
#819 = VERTEX_POINT('',#820);
#820 = CARTESIAN_POINT('',(-6.87469712099,-2.998089307319,1.2));
#821 = SURFACE_CURVE('',#822,(#826,#832),.PCURVE_S1.);
#822 = LINE('',#823,#824);
#823 = CARTESIAN_POINT('',(-6.901301398908,-2.933860898751,1.2));
#824 = VECTOR('',#825,1.);
#825 = DIRECTION('',(-0.382683432365,0.923879532511,0.));
#826 = PCURVE('',#43,#827);
#827 = DEFINITIONAL_REPRESENTATION('',(#828),#831);
#828 = B_SPLINE_CURVE_WITH_KNOTS('',1,(#829,#830),.UNSPECIFIED.,.F.,.F.,
  (2,2),(-6.952032847095E-02,0.208560985413),.PIECEWISE_BEZIER_KNOTS.);
#829 = CARTESIAN_POINT('',(-6.87469712099,-2.998089307319));
#830 = CARTESIAN_POINT('',(-6.981114232663,-2.741175673048));
#831 = ( GEOMETRIC_REPRESENTATION_CONTEXT(2) 
PARAMETRIC_REPRESENTATION_CONTEXT() REPRESENTATION_CONTEXT('2D SPACE',''
  ) );
#832 = PCURVE('',#833,#838);
#833 = PLANE('',#834);
#834 = AXIS2_PLACEMENT_3D('',#835,#836,#837);
#835 = CARTESIAN_POINT('',(-6.87469712099,-2.998089307319,0.9));
#836 = DIRECTION('',(0.923879532511,0.382683432365,-0.));
#837 = DIRECTION('',(-0.382683432365,0.923879532511,0.));
#838 = DEFINITIONAL_REPRESENTATION('',(#839),#842);
#839 = B_SPLINE_CURVE_WITH_KNOTS('',1,(#840,#841),.UNSPECIFIED.,.F.,.F.,
  (2,2),(-6.952032847095E-02,0.208560985413),.PIECEWISE_BEZIER_KNOTS.);
#840 = CARTESIAN_POINT('',(0.,0.3));
#841 = CARTESIAN_POINT('',(0.278081313884,0.3));
#842 = ( GEOMETRIC_REPRESENTATION_CONTEXT(2) 
PARAMETRIC_REPRESENTATION_CONTEXT() REPRESENTATION_CONTEXT('2D SPACE',''
  ) );
#843 = ORIENTED_EDGE('',*,*,#844,.F.);
#844 = EDGE_CURVE('',#845,#819,#847,.T.);
#845 = VERTEX_POINT('',#846);
#846 = CARTESIAN_POINT('',(-7.492011252603,-3.312577571717,1.2));
#847 = SURFACE_CURVE('',#848,(#852,#858),.PCURVE_S1.);
#848 = LINE('',#849,#850);
#849 = CARTESIAN_POINT('',(-3.847972514535,-1.456136321716,1.2));
#850 = VECTOR('',#851,1.);
#851 = DIRECTION('',(0.891035129715,0.453934353859,-0.));
#852 = PCURVE('',#43,#853);
#853 = DEFINITIONAL_REPRESENTATION('',(#854),#857);
#854 = B_SPLINE_CURVE_WITH_KNOTS('',1,(#855,#856),.UNSPECIFIED.,.F.,.F.,
  (2,2),(-4.089668988958,-3.396863384525),.PIECEWISE_BEZIER_KNOTS.);
#855 = CARTESIAN_POINT('',(-7.492011252603,-3.312577571717));
#856 = CARTESIAN_POINT('',(-6.87469712099,-2.998089307319));
#857 = ( GEOMETRIC_REPRESENTATION_CONTEXT(2) 
PARAMETRIC_REPRESENTATION_CONTEXT() REPRESENTATION_CONTEXT('2D SPACE',''
  ) );
#858 = PCURVE('',#859,#864);
#859 = PLANE('',#860);
#860 = AXIS2_PLACEMENT_3D('',#861,#862,#863);
#861 = CARTESIAN_POINT('',(-7.492011252603,-3.312577571717,0.9));
#862 = DIRECTION('',(0.453934353859,-0.891035129715,0.));
#863 = DIRECTION('',(0.891035129715,0.453934353859,0.));
#864 = DEFINITIONAL_REPRESENTATION('',(#865),#868);
#865 = B_SPLINE_CURVE_WITH_KNOTS('',1,(#866,#867),.UNSPECIFIED.,.F.,.F.,
  (2,2),(-4.089668988958,-3.396863384525),.PIECEWISE_BEZIER_KNOTS.);
#866 = CARTESIAN_POINT('',(0.,0.3));
#867 = CARTESIAN_POINT('',(0.692805604433,0.3));
#868 = ( GEOMETRIC_REPRESENTATION_CONTEXT(2) 
PARAMETRIC_REPRESENTATION_CONTEXT() REPRESENTATION_CONTEXT('2D SPACE',''
  ) );
#869 = ORIENTED_EDGE('',*,*,#870,.F.);
#870 = EDGE_CURVE('',#871,#845,#873,.T.);
#871 = VERTEX_POINT('',#872);
#872 = CARTESIAN_POINT('',(-8.109163021967,-3.626994099013,1.2));
#873 = SURFACE_CURVE('',#874,(#878,#884),.PCURVE_S1.);
#874 = LINE('',#875,#876);
#875 = CARTESIAN_POINT('',(-4.156577443814,-1.613294563474,1.2));
#876 = VECTOR('',#877,1.);
#877 = DIRECTION('',(0.891028719016,0.453946937304,-0.));
#878 = PCURVE('',#43,#879);
#879 = DEFINITIONAL_REPRESENTATION('',(#880),#883);
#880 = B_SPLINE_CURVE_WITH_KNOTS('',1,(#881,#882),.UNSPECIFIED.,.F.,.F.,
  (2,2),(-4.435980001313,-3.743351631214),.PIECEWISE_BEZIER_KNOTS.);
#881 = CARTESIAN_POINT('',(-8.109163021967,-3.626994099013));
#882 = CARTESIAN_POINT('',(-7.492011252603,-3.312577571717));
#883 = ( GEOMETRIC_REPRESENTATION_CONTEXT(2) 
PARAMETRIC_REPRESENTATION_CONTEXT() REPRESENTATION_CONTEXT('2D SPACE',''
  ) );
#884 = PCURVE('',#885,#890);
#885 = PLANE('',#886);
#886 = AXIS2_PLACEMENT_3D('',#887,#888,#889);
#887 = CARTESIAN_POINT('',(-8.109163021967,-3.626994099013,0.9));
#888 = DIRECTION('',(0.453946937304,-0.891028719016,0.));
#889 = DIRECTION('',(0.891028719016,0.453946937304,0.));
#890 = DEFINITIONAL_REPRESENTATION('',(#891),#894);
#891 = B_SPLINE_CURVE_WITH_KNOTS('',1,(#892,#893),.UNSPECIFIED.,.F.,.F.,
  (2,2),(-4.435980001313,-3.743351631214),.PIECEWISE_BEZIER_KNOTS.);
#892 = CARTESIAN_POINT('',(0.,0.3));
#893 = CARTESIAN_POINT('',(0.692628370099,0.3));
#894 = ( GEOMETRIC_REPRESENTATION_CONTEXT(2) 
PARAMETRIC_REPRESENTATION_CONTEXT() REPRESENTATION_CONTEXT('2D SPACE',''
  ) );
#895 = ORIENTED_EDGE('',*,*,#896,.F.);
#896 = EDGE_CURVE('',#897,#871,#899,.T.);
#897 = VERTEX_POINT('',#898);
#898 = CARTESIAN_POINT('',(-8.726187859305,-3.941353884659,1.2));
#899 = SURFACE_CURVE('',#900,(#904,#910),.PCURVE_S1.);
#900 = LINE('',#901,#902);
#901 = CARTESIAN_POINT('',(-4.465112440115,-1.770435188461,1.2));
#902 = VECTOR('',#903,1.);
#903 = DIRECTION('',(0.891024089648,0.453956023935,-0.));
#904 = PCURVE('',#43,#905);
#905 = DEFINITIONAL_REPRESENTATION('',(#906),#909);
#906 = B_SPLINE_CURVE_WITH_KNOTS('',1,(#907,#908),.UNSPECIFIED.,.F.,.F.,
  (2,2),(-4.782222465918,-4.089732953562),.PIECEWISE_BEZIER_KNOTS.);
#907 = CARTESIAN_POINT('',(-8.726187859305,-3.941353884659));
#908 = CARTESIAN_POINT('',(-8.109163021967,-3.626994099013));
#909 = ( GEOMETRIC_REPRESENTATION_CONTEXT(2) 
PARAMETRIC_REPRESENTATION_CONTEXT() REPRESENTATION_CONTEXT('2D SPACE',''
  ) );
#910 = PCURVE('',#911,#916);
#911 = PLANE('',#912);
#912 = AXIS2_PLACEMENT_3D('',#913,#914,#915);
#913 = CARTESIAN_POINT('',(-8.726187859305,-3.941353884659,0.9));
#914 = DIRECTION('',(0.453956023935,-0.891024089648,0.));
#915 = DIRECTION('',(0.891024089648,0.453956023935,0.));
#916 = DEFINITIONAL_REPRESENTATION('',(#917),#920);
#917 = B_SPLINE_CURVE_WITH_KNOTS('',1,(#918,#919),.UNSPECIFIED.,.F.,.F.,
  (2,2),(-4.782222465918,-4.089732953562),.PIECEWISE_BEZIER_KNOTS.);
#918 = CARTESIAN_POINT('',(0.,0.3));
#919 = CARTESIAN_POINT('',(0.692489512356,0.3));
#920 = ( GEOMETRIC_REPRESENTATION_CONTEXT(2) 
PARAMETRIC_REPRESENTATION_CONTEXT() REPRESENTATION_CONTEXT('2D SPACE',''
  ) );
#921 = ORIENTED_EDGE('',*,*,#922,.F.);
#922 = EDGE_CURVE('',#923,#897,#925,.T.);
#923 = VERTEX_POINT('',#924);
#924 = CARTESIAN_POINT('',(-9.343111587111,-4.255668022207,1.2));
#925 = SURFACE_CURVE('',#926,(#930,#936),.PCURVE_S1.);
#926 = LINE('',#927,#928);
#927 = CARTESIAN_POINT('',(-4.773592200584,-1.927560866896,1.2));
#928 = VECTOR('',#929,1.);
#929 = DIRECTION('',(0.891020663391,0.453962748924,-0.));
#930 = PCURVE('',#43,#931);
#931 = DEFINITIONAL_REPRESENTATION('',(#932),#935);
#932 = B_SPLINE_CURVE_WITH_KNOTS('',1,(#933,#934),.UNSPECIFIED.,.F.,.F.,
  (2,2),(-5.128410119175,-4.436031420057),.PIECEWISE_BEZIER_KNOTS.);
#933 = CARTESIAN_POINT('',(-9.343111587111,-4.255668022207));
#934 = CARTESIAN_POINT('',(-8.726187859305,-3.941353884659));
#935 = ( GEOMETRIC_REPRESENTATION_CONTEXT(2) 
PARAMETRIC_REPRESENTATION_CONTEXT() REPRESENTATION_CONTEXT('2D SPACE',''
  ) );
#936 = PCURVE('',#937,#942);
#937 = PLANE('',#938);
#938 = AXIS2_PLACEMENT_3D('',#939,#940,#941);
#939 = CARTESIAN_POINT('',(-9.343111587111,-4.255668022207,0.9));
#940 = DIRECTION('',(0.453962748924,-0.891020663391,0.));
#941 = DIRECTION('',(0.891020663391,0.453962748924,0.));
#942 = DEFINITIONAL_REPRESENTATION('',(#943),#946);
#943 = B_SPLINE_CURVE_WITH_KNOTS('',1,(#944,#945),.UNSPECIFIED.,.F.,.F.,
  (2,2),(-5.128410119175,-4.436031420057),.PIECEWISE_BEZIER_KNOTS.);
#944 = CARTESIAN_POINT('',(0.,0.3));
#945 = CARTESIAN_POINT('',(0.692378699118,0.3));
#946 = ( GEOMETRIC_REPRESENTATION_CONTEXT(2) 
PARAMETRIC_REPRESENTATION_CONTEXT() REPRESENTATION_CONTEXT('2D SPACE',''
  ) );
#947 = ORIENTED_EDGE('',*,*,#948,.F.);
#948 = EDGE_CURVE('',#949,#923,#951,.T.);
#949 = VERTEX_POINT('',#950);
#950 = CARTESIAN_POINT('',(-9.959953469555,-4.569944893404,1.2));
#951 = SURFACE_CURVE('',#952,(#956,#962),.PCURVE_S1.);
#952 = LINE('',#953,#954);
#953 = CARTESIAN_POINT('',(-5.082027566903,-2.084673814628,1.2));
#954 = VECTOR('',#955,1.);
#955 = DIRECTION('',(0.891018073421,0.453967832381,-0.));
#956 = PCURVE('',#43,#957);
#957 = DEFINITIONAL_REPRESENTATION('',(#958),#961);
#958 = B_SPLINE_CURVE_WITH_KNOTS('',1,(#959,#960),.UNSPECIFIED.,.F.,.F.,
  (2,2),(-5.474553264584,-4.782264408898),.PIECEWISE_BEZIER_KNOTS.);
#959 = CARTESIAN_POINT('',(-9.959953469555,-4.569944893404));
#960 = CARTESIAN_POINT('',(-9.343111587111,-4.255668022207));
#961 = ( GEOMETRIC_REPRESENTATION_CONTEXT(2) 
PARAMETRIC_REPRESENTATION_CONTEXT() REPRESENTATION_CONTEXT('2D SPACE',''
  ) );
#962 = PCURVE('',#963,#968);
#963 = PLANE('',#964);
#964 = AXIS2_PLACEMENT_3D('',#965,#966,#967);
#965 = CARTESIAN_POINT('',(-9.959953469555,-4.569944893404,0.9));
#966 = DIRECTION('',(0.453967832381,-0.891018073421,0.));
#967 = DIRECTION('',(0.891018073421,0.453967832381,0.));
#968 = DEFINITIONAL_REPRESENTATION('',(#969),#972);
#969 = B_SPLINE_CURVE_WITH_KNOTS('',1,(#970,#971),.UNSPECIFIED.,.F.,.F.,
  (2,2),(-5.474553264584,-4.782264408898),.PIECEWISE_BEZIER_KNOTS.);
#970 = CARTESIAN_POINT('',(0.,0.3));
#971 = CARTESIAN_POINT('',(0.692288855685,0.3));
#972 = ( GEOMETRIC_REPRESENTATION_CONTEXT(2) 
PARAMETRIC_REPRESENTATION_CONTEXT() REPRESENTATION_CONTEXT('2D SPACE',''
  ) );
#973 = ORIENTED_EDGE('',*,*,#974,.F.);
#974 = EDGE_CURVE('',#975,#949,#977,.T.);
#975 = VERTEX_POINT('',#976);
#976 = CARTESIAN_POINT('',(-10.57672816995,-4.884190948238,1.2));
#977 = SURFACE_CURVE('',#978,(#982,#988),.PCURVE_S1.);
#978 = LINE('',#979,#980);
#979 = CARTESIAN_POINT('',(-5.390426713543,-2.241775864098,1.2));
#980 = VECTOR('',#981,1.);
#981 = DIRECTION('',(0.891016079362,0.453971746167,-0.));
#982 = PCURVE('',#43,#983);
#983 = DEFINITIONAL_REPRESENTATION('',(#984),#987);
#984 = B_SPLINE_CURVE_WITH_KNOTS('',1,(#985,#986),.UNSPECIFIED.,.F.,.F.,
  (2,2),(-5.82065977993,-5.128444774289),.PIECEWISE_BEZIER_KNOTS.);
#985 = CARTESIAN_POINT('',(-10.57672816995,-4.884190948238));
#986 = CARTESIAN_POINT('',(-9.959953469555,-4.569944893404));
#987 = ( GEOMETRIC_REPRESENTATION_CONTEXT(2) 
PARAMETRIC_REPRESENTATION_CONTEXT() REPRESENTATION_CONTEXT('2D SPACE',''
  ) );
#988 = PCURVE('',#989,#994);
#989 = PLANE('',#990);
#990 = AXIS2_PLACEMENT_3D('',#991,#992,#993);
#991 = CARTESIAN_POINT('',(-10.57672816995,-4.884190948238,0.9));
#992 = DIRECTION('',(0.453971746167,-0.891016079362,0.));
#993 = DIRECTION('',(0.891016079362,0.453971746167,0.));
#994 = DEFINITIONAL_REPRESENTATION('',(#995),#998);
#995 = B_SPLINE_CURVE_WITH_KNOTS('',1,(#996,#997),.UNSPECIFIED.,.F.,.F.,
  (2,2),(-5.82065977993,-5.128444774289),.PIECEWISE_BEZIER_KNOTS.);
#996 = CARTESIAN_POINT('',(0.,0.3));
#997 = CARTESIAN_POINT('',(0.692215005641,0.3));
#998 = ( GEOMETRIC_REPRESENTATION_CONTEXT(2) 
PARAMETRIC_REPRESENTATION_CONTEXT() REPRESENTATION_CONTEXT('2D SPACE',''
  ) );
#999 = ORIENTED_EDGE('',*,*,#1000,.F.);
#1000 = EDGE_CURVE('',#1001,#975,#1003,.T.);
#1001 = VERTEX_POINT('',#1002);
#1002 = CARTESIAN_POINT('',(-11.19344704674,-5.198411230645,1.2));
#1003 = SURFACE_CURVE('',#1004,(#1008,#1014),.PCURVE_S1.);
#1004 = LINE('',#1005,#1006);
#1005 = CARTESIAN_POINT('',(-5.698795921514,-2.398868532524,1.2));
#1006 = VECTOR('',#1007,1.);
#1007 = DIRECTION('',(0.891014519209,0.453974808286,-0.));
#1008 = PCURVE('',#43,#1009);
#1009 = DEFINITIONAL_REPRESENTATION('',(#1010),#1013);
#1010 = B_SPLINE_CURVE_WITH_KNOTS('',1,(#1011,#1012),.UNSPECIFIED.,.F.,
  .F.,(2,2),(-6.166735790235,-5.474582224284),.PIECEWISE_BEZIER_KNOTS.);
#1011 = CARTESIAN_POINT('',(-11.19344704674,-5.198411230645));
#1012 = CARTESIAN_POINT('',(-10.57672816995,-4.884190948238));
#1013 = ( GEOMETRIC_REPRESENTATION_CONTEXT(2) 
PARAMETRIC_REPRESENTATION_CONTEXT() REPRESENTATION_CONTEXT('2D SPACE',''
  ) );
#1014 = PCURVE('',#1015,#1020);
#1015 = PLANE('',#1016);
#1016 = AXIS2_PLACEMENT_3D('',#1017,#1018,#1019);
#1017 = CARTESIAN_POINT('',(-11.19344704674,-5.198411230645,0.9));
#1018 = DIRECTION('',(0.453974808286,-0.891014519209,0.));
#1019 = DIRECTION('',(0.891014519209,0.453974808286,0.));
#1020 = DEFINITIONAL_REPRESENTATION('',(#1021),#1024);
#1021 = B_SPLINE_CURVE_WITH_KNOTS('',1,(#1022,#1023),.UNSPECIFIED.,.F.,
  .F.,(2,2),(-6.166735790235,-5.474582224284),.PIECEWISE_BEZIER_KNOTS.);
#1022 = CARTESIAN_POINT('',(0.,0.3));
#1023 = CARTESIAN_POINT('',(0.692153565952,0.3));
#1024 = ( GEOMETRIC_REPRESENTATION_CONTEXT(2) 
PARAMETRIC_REPRESENTATION_CONTEXT() REPRESENTATION_CONTEXT('2D SPACE',''
  ) );
#1025 = ORIENTED_EDGE('',*,*,#1026,.F.);
#1026 = EDGE_CURVE('',#1027,#1001,#1029,.T.);
#1027 = VERTEX_POINT('',#1028);
#1028 = CARTESIAN_POINT('',(-11.81011903476,-5.512609741544,1.2));
#1029 = SURFACE_CURVE('',#1030,(#1034,#1040),.PCURVE_S1.);
#1030 = LINE('',#1031,#1032);
#1031 = CARTESIAN_POINT('',(-6.007140097219,-2.555953080666,1.2));
#1032 = VECTOR('',#1033,1.);
#1033 = DIRECTION('',(0.891013281068,0.453977238373,-0.));
#1034 = PCURVE('',#43,#1035);
#1035 = DEFINITIONAL_REPRESENTATION('',(#1036),#1039);
#1036 = B_SPLINE_CURVE_WITH_KNOTS('',1,(#1037,#1038),.UNSPECIFIED.,.F.,
  .F.,(2,2),(-6.512786128829,-5.820684225163),.PIECEWISE_BEZIER_KNOTS.);
#1037 = CARTESIAN_POINT('',(-11.81011903476,-5.512609741544));
#1038 = CARTESIAN_POINT('',(-11.19344704674,-5.198411230645));
#1039 = ( GEOMETRIC_REPRESENTATION_CONTEXT(2) 
PARAMETRIC_REPRESENTATION_CONTEXT() REPRESENTATION_CONTEXT('2D SPACE',''
  ) );
#1040 = PCURVE('',#1041,#1046);
#1041 = PLANE('',#1042);
#1042 = AXIS2_PLACEMENT_3D('',#1043,#1044,#1045);
#1043 = CARTESIAN_POINT('',(-11.81011903476,-5.512609741544,0.9));
#1044 = DIRECTION('',(0.453977238373,-0.891013281068,0.));
#1045 = DIRECTION('',(0.891013281068,0.453977238373,0.));
#1046 = DEFINITIONAL_REPRESENTATION('',(#1047),#1050);
#1047 = B_SPLINE_CURVE_WITH_KNOTS('',1,(#1048,#1049),.UNSPECIFIED.,.F.,
  .F.,(2,2),(-6.512786128829,-5.820684225163),.PIECEWISE_BEZIER_KNOTS.);
#1048 = CARTESIAN_POINT('',(0.,0.3));
#1049 = CARTESIAN_POINT('',(0.692101903666,0.3));
#1050 = ( GEOMETRIC_REPRESENTATION_CONTEXT(2) 
PARAMETRIC_REPRESENTATION_CONTEXT() REPRESENTATION_CONTEXT('2D SPACE',''
  ) );
#1051 = ORIENTED_EDGE('',*,*,#1052,.F.);
#1052 = EDGE_CURVE('',#1053,#1027,#1055,.T.);
#1053 = VERTEX_POINT('',#1054);
#1054 = CARTESIAN_POINT('',(-12.42675125888,-5.826789694998,1.2));
#1055 = SURFACE_CURVE('',#1056,(#1060,#1066),.PCURVE_S1.);
#1056 = LINE('',#1057,#1058);
#1057 = CARTESIAN_POINT('',(-6.315463129383,-2.713030561201,1.2));
#1058 = VECTOR('',#1059,1.);
#1059 = DIRECTION('',(0.891012285961,0.453979191447,-0.));
#1060 = PCURVE('',#43,#1061);
#1061 = DEFINITIONAL_REPRESENTATION('',(#1062),#1065);
#1062 = B_SPLINE_CURVE_WITH_KNOTS('',1,(#1063,#1064),.UNSPECIFIED.,.F.,
  .F.,(2,2),(-6.858814660357,-6.166756611503),.PIECEWISE_BEZIER_KNOTS.);
#1063 = CARTESIAN_POINT('',(-12.42675125888,-5.826789694998));
#1064 = CARTESIAN_POINT('',(-11.81011903476,-5.512609741544));
#1065 = ( GEOMETRIC_REPRESENTATION_CONTEXT(2) 
PARAMETRIC_REPRESENTATION_CONTEXT() REPRESENTATION_CONTEXT('2D SPACE',''
  ) );
#1066 = PCURVE('',#1067,#1072);
#1067 = PLANE('',#1068);
#1068 = AXIS2_PLACEMENT_3D('',#1069,#1070,#1071);
#1069 = CARTESIAN_POINT('',(-12.42675125888,-5.826789694998,0.9));
#1070 = DIRECTION('',(0.453979191447,-0.891012285961,0.));
#1071 = DIRECTION('',(0.891012285961,0.453979191447,0.));
#1072 = DEFINITIONAL_REPRESENTATION('',(#1073),#1076);
#1073 = B_SPLINE_CURVE_WITH_KNOTS('',1,(#1074,#1075),.UNSPECIFIED.,.F.,
  .F.,(2,2),(-6.858814660357,-6.166756611503),.PIECEWISE_BEZIER_KNOTS.);
#1074 = CARTESIAN_POINT('',(0.,0.3));
#1075 = CARTESIAN_POINT('',(0.692058048855,0.3));
#1076 = ( GEOMETRIC_REPRESENTATION_CONTEXT(2) 
PARAMETRIC_REPRESENTATION_CONTEXT() REPRESENTATION_CONTEXT('2D SPACE',''
  ) );
#1077 = ORIENTED_EDGE('',*,*,#1078,.F.);
#1078 = EDGE_CURVE('',#1079,#1053,#1081,.T.);
#1079 = VERTEX_POINT('',#1080);
#1080 = CARTESIAN_POINT('',(-13.0433494702,-6.140953702466,1.2));
#1081 = SURFACE_CURVE('',#1082,(#1086,#1092),.PCURVE_S1.);
#1082 = LINE('',#1083,#1084);
#1083 = CARTESIAN_POINT('',(-6.62376814015,-2.870101857781,1.2));
#1084 = VECTOR('',#1085,1.);
#1085 = DIRECTION('',(0.891011477061,0.453980779048,-0.));
#1086 = PCURVE('',#43,#1087);
#1087 = DEFINITIONAL_REPRESENTATION('',(#1088),#1091);
#1088 = B_SPLINE_CURVE_WITH_KNOTS('',1,(#1089,#1090),.UNSPECIFIED.,.F.,
  .F.,(2,2),(-7.20482451161,-6.512804007729),.PIECEWISE_BEZIER_KNOTS.);
#1089 = CARTESIAN_POINT('',(-13.0433494702,-6.140953702466));
#1090 = CARTESIAN_POINT('',(-12.42675125888,-5.826789694998));
#1091 = ( GEOMETRIC_REPRESENTATION_CONTEXT(2) 
PARAMETRIC_REPRESENTATION_CONTEXT() REPRESENTATION_CONTEXT('2D SPACE',''
  ) );
#1092 = PCURVE('',#1093,#1098);
#1093 = PLANE('',#1094);
#1094 = AXIS2_PLACEMENT_3D('',#1095,#1096,#1097);
#1095 = CARTESIAN_POINT('',(-13.0433494702,-6.140953702466,0.9));
#1096 = DIRECTION('',(0.453980779048,-0.891011477061,0.));
#1097 = DIRECTION('',(0.891011477061,0.453980779048,0.));
#1098 = DEFINITIONAL_REPRESENTATION('',(#1099),#1102);
#1099 = B_SPLINE_CURVE_WITH_KNOTS('',1,(#1100,#1101),.UNSPECIFIED.,.F.,
  .F.,(2,2),(-7.20482451161,-6.512804007729),.PIECEWISE_BEZIER_KNOTS.);
#1100 = CARTESIAN_POINT('',(0.,0.3));
#1101 = CARTESIAN_POINT('',(0.69202050388,0.3));
#1102 = ( GEOMETRIC_REPRESENTATION_CONTEXT(2) 
PARAMETRIC_REPRESENTATION_CONTEXT() REPRESENTATION_CONTEXT('2D SPACE',''
  ) );
#1103 = ORIENTED_EDGE('',*,*,#1104,.F.);
#1104 = EDGE_CURVE('',#1105,#1079,#1107,.T.);
#1105 = VERTEX_POINT('',#1106);
#1106 = CARTESIAN_POINT('',(-13.65991836186,-6.455103907632,1.2));
#1107 = SURFACE_CURVE('',#1108,(#1112,#1118),.PCURVE_S1.);
#1108 = LINE('',#1109,#1110);
#1109 = CARTESIAN_POINT('',(-6.932057665271,-3.027167716296,1.2));
#1110 = VECTOR('',#1111,1.);
#1111 = DIRECTION('',(0.891010812772,0.453982082822,-0.));
#1112 = PCURVE('',#43,#1113);
#1113 = DEFINITIONAL_REPRESENTATION('',(#1114),#1117);
#1114 = B_SPLINE_CURVE_WITH_KNOTS('',1,(#1115,#1116),.UNSPECIFIED.,.F.,
  .F.,(2,2),(-7.550818239411,-6.858830125666),.PIECEWISE_BEZIER_KNOTS.);
#1115 = CARTESIAN_POINT('',(-13.65991836186,-6.455103907632));
#1116 = CARTESIAN_POINT('',(-13.0433494702,-6.140953702466));
#1117 = ( GEOMETRIC_REPRESENTATION_CONTEXT(2) 
PARAMETRIC_REPRESENTATION_CONTEXT() REPRESENTATION_CONTEXT('2D SPACE',''
  ) );
#1118 = PCURVE('',#1119,#1124);
#1119 = PLANE('',#1120);
#1120 = AXIS2_PLACEMENT_3D('',#1121,#1122,#1123);
#1121 = CARTESIAN_POINT('',(-13.65991836186,-6.455103907632,0.9));
#1122 = DIRECTION('',(0.453982082822,-0.891010812772,0.));
#1123 = DIRECTION('',(0.891010812772,0.453982082822,0.));
#1124 = DEFINITIONAL_REPRESENTATION('',(#1125),#1128);
#1125 = B_SPLINE_CURVE_WITH_KNOTS('',1,(#1126,#1127),.UNSPECIFIED.,.F.,
  .F.,(2,2),(-7.550818239411,-6.858830125666),.PIECEWISE_BEZIER_KNOTS.);
#1126 = CARTESIAN_POINT('',(0.,0.3));
#1127 = CARTESIAN_POINT('',(0.691988113745,0.3));
#1128 = ( GEOMETRIC_REPRESENTATION_CONTEXT(2) 
PARAMETRIC_REPRESENTATION_CONTEXT() REPRESENTATION_CONTEXT('2D SPACE',''
  ) );
#1129 = ORIENTED_EDGE('',*,*,#1130,.F.);
#1130 = EDGE_CURVE('',#1131,#1105,#1133,.T.);
#1131 = VERTEX_POINT('',#1132);
#1132 = CARTESIAN_POINT('',(-14.27646180161,-6.769242086596,1.2));
#1133 = SURFACE_CURVE('',#1134,(#1138,#1144),.PCURVE_S1.);
#1134 = LINE('',#1135,#1136);
#1135 = CARTESIAN_POINT('',(-7.240333785703,-3.184228769843,1.2));
#1136 = VECTOR('',#1137,1.);
#1137 = DIRECTION('',(0.891010262167,0.453983163468,-0.));
#1138 = PCURVE('',#43,#1139);
#1139 = DEFINITIONAL_REPRESENTATION('',(#1140),#1143);
#1140 = B_SPLINE_CURVE_WITH_KNOTS('',1,(#1141,#1142),.UNSPECIFIED.,.F.,
  .F.,(2,2),(-7.896797954718,-7.204837978573),.PIECEWISE_BEZIER_KNOTS.);
#1141 = CARTESIAN_POINT('',(-14.27646180161,-6.769242086596));
#1142 = CARTESIAN_POINT('',(-13.65991836186,-6.455103907632));
#1143 = ( GEOMETRIC_REPRESENTATION_CONTEXT(2) 
PARAMETRIC_REPRESENTATION_CONTEXT() REPRESENTATION_CONTEXT('2D SPACE',''
  ) );
#1144 = PCURVE('',#1145,#1150);
#1145 = PLANE('',#1146);
#1146 = AXIS2_PLACEMENT_3D('',#1147,#1148,#1149);
#1147 = CARTESIAN_POINT('',(-14.27646180161,-6.769242086596,0.9));
#1148 = DIRECTION('',(0.453983163468,-0.891010262167,0.));
#1149 = DIRECTION('',(0.891010262167,0.453983163468,0.));
#1150 = DEFINITIONAL_REPRESENTATION('',(#1151),#1154);
#1151 = B_SPLINE_CURVE_WITH_KNOTS('',1,(#1152,#1153),.UNSPECIFIED.,.F.,
  .F.,(2,2),(-7.896797954718,-7.204837978573),.PIECEWISE_BEZIER_KNOTS.);
#1152 = CARTESIAN_POINT('',(0.,0.3));
#1153 = CARTESIAN_POINT('',(0.691959976145,0.3));
#1154 = ( GEOMETRIC_REPRESENTATION_CONTEXT(2) 
PARAMETRIC_REPRESENTATION_CONTEXT() REPRESENTATION_CONTEXT('2D SPACE',''
  ) );
#1155 = ORIENTED_EDGE('',*,*,#1156,.F.);
#1156 = EDGE_CURVE('',#1157,#1131,#1159,.T.);
#1157 = VERTEX_POINT('',#1158);
#1158 = CARTESIAN_POINT('',(-14.8815599342,-5.308405968349,1.2));
#1159 = SURFACE_CURVE('',#1160,(#1164,#1170),.PCURVE_S1.);
#1160 = LINE('',#1161,#1162);
#1161 = CARTESIAN_POINT('',(-14.73028540105,-5.673614997911,1.2));
#1162 = VECTOR('',#1163,1.);
#1163 = DIRECTION('',(0.382683432365,-0.923879532511,0.));
#1164 = PCURVE('',#43,#1165);
#1165 = DEFINITIONAL_REPRESENTATION('',(#1166),#1169);
#1166 = B_SPLINE_CURVE_WITH_KNOTS('',1,(#1167,#1168),.UNSPECIFIED.,.F.,
  .F.,(2,2),(-0.395299405074,1.185898215222),.PIECEWISE_BEZIER_KNOTS.);
#1167 = CARTESIAN_POINT('',(-14.8815599342,-5.308405968349));
#1168 = CARTESIAN_POINT('',(-14.27646180161,-6.769242086596));
#1169 = ( GEOMETRIC_REPRESENTATION_CONTEXT(2) 
PARAMETRIC_REPRESENTATION_CONTEXT() REPRESENTATION_CONTEXT('2D SPACE',''
  ) );
#1170 = PCURVE('',#1171,#1176);
#1171 = PLANE('',#1172);
#1172 = AXIS2_PLACEMENT_3D('',#1173,#1174,#1175);
#1173 = CARTESIAN_POINT('',(-14.8815599342,-5.308405968349,0.9));
#1174 = DIRECTION('',(-0.923879532511,-0.382683432365,0.));
#1175 = DIRECTION('',(0.382683432365,-0.923879532511,0.));
#1176 = DEFINITIONAL_REPRESENTATION('',(#1177),#1180);
#1177 = B_SPLINE_CURVE_WITH_KNOTS('',1,(#1178,#1179),.UNSPECIFIED.,.F.,
  .F.,(2,2),(-0.395299405074,1.185898215222),.PIECEWISE_BEZIER_KNOTS.);
#1178 = CARTESIAN_POINT('',(0.,0.3));
#1179 = CARTESIAN_POINT('',(1.581197620296,0.3));
#1180 = ( GEOMETRIC_REPRESENTATION_CONTEXT(2) 
PARAMETRIC_REPRESENTATION_CONTEXT() REPRESENTATION_CONTEXT('2D SPACE',''
  ) );
#1181 = ORIENTED_EDGE('',*,*,#1182,.F.);
#1182 = EDGE_CURVE('',#1183,#1157,#1185,.T.);
#1183 = VERTEX_POINT('',#1184);
#1184 = CARTESIAN_POINT('',(-14.22346865047,-5.094573157778,1.2));
#1185 = SURFACE_CURVE('',#1186,(#1190,#1196),.PCURVE_S1.);
#1186 = LINE('',#1187,#1188);
#1187 = CARTESIAN_POINT('',(-7.04223323207,-2.761182956634,1.2));
#1188 = VECTOR('',#1189,1.);
#1189 = DIRECTION('',(-0.951053971918,-0.309024825052,0.));
#1190 = PCURVE('',#43,#1191);
#1191 = DEFINITIONAL_REPRESENTATION('',(#1192),#1195);
#1192 = B_SPLINE_CURVE_WITH_KNOTS('',1,(#1193,#1194),.UNSPECIFIED.,.F.,
  .F.,(2,2),(7.550817966645,8.24277794279),.PIECEWISE_BEZIER_KNOTS.);
#1193 = CARTESIAN_POINT('',(-14.22346865047,-5.094573157778));
#1194 = CARTESIAN_POINT('',(-14.8815599342,-5.308405968349));
#1195 = ( GEOMETRIC_REPRESENTATION_CONTEXT(2) 
PARAMETRIC_REPRESENTATION_CONTEXT() REPRESENTATION_CONTEXT('2D SPACE',''
  ) );
#1196 = PCURVE('',#1197,#1202);
#1197 = PLANE('',#1198);
#1198 = AXIS2_PLACEMENT_3D('',#1199,#1200,#1201);
#1199 = CARTESIAN_POINT('',(-14.22346865047,-5.094573157778,0.9));
#1200 = DIRECTION('',(-0.309024825052,0.951053971918,0.));
#1201 = DIRECTION('',(-0.951053971918,-0.309024825052,0.));
#1202 = DEFINITIONAL_REPRESENTATION('',(#1203),#1206);
#1203 = B_SPLINE_CURVE_WITH_KNOTS('',1,(#1204,#1205),.UNSPECIFIED.,.F.,
  .F.,(2,2),(7.550817966645,8.24277794279),.PIECEWISE_BEZIER_KNOTS.);
#1204 = CARTESIAN_POINT('',(0.,0.3));
#1205 = CARTESIAN_POINT('',(0.691959976145,0.3));
#1206 = ( GEOMETRIC_REPRESENTATION_CONTEXT(2) 
PARAMETRIC_REPRESENTATION_CONTEXT() REPRESENTATION_CONTEXT('2D SPACE',''
  ) );
#1207 = ORIENTED_EDGE('',*,*,#1208,.F.);
#1208 = EDGE_CURVE('',#1209,#1183,#1211,.T.);
#1209 = VERTEX_POINT('',#1210);
#1210 = CARTESIAN_POINT('',(-13.56535086573,-4.880730853802,1.2));
#1211 = SURFACE_CURVE('',#1212,(#1216,#1222),.PCURVE_S1.);
#1212 = LINE('',#1213,#1214);
#1213 = CARTESIAN_POINT('',(-6.7131769103,-2.65425301072,1.2));
#1214 = VECTOR('',#1215,1.);
#1215 = DIRECTION('',(-0.951053597122,-0.309025978521,0.));
#1216 = PCURVE('',#43,#1217);
#1217 = DEFINITIONAL_REPRESENTATION('',(#1218),#1221);
#1218 = B_SPLINE_CURVE_WITH_KNOTS('',1,(#1219,#1220),.UNSPECIFIED.,.F.,
  .F.,(2,2),(7.204824182539,7.896812296284),.PIECEWISE_BEZIER_KNOTS.);
#1219 = CARTESIAN_POINT('',(-13.56535086573,-4.880730853802));
#1220 = CARTESIAN_POINT('',(-14.22346865047,-5.094573157778));
#1221 = ( GEOMETRIC_REPRESENTATION_CONTEXT(2) 
PARAMETRIC_REPRESENTATION_CONTEXT() REPRESENTATION_CONTEXT('2D SPACE',''
  ) );
#1222 = PCURVE('',#1223,#1228);
#1223 = PLANE('',#1224);
#1224 = AXIS2_PLACEMENT_3D('',#1225,#1226,#1227);
#1225 = CARTESIAN_POINT('',(-13.56535086573,-4.880730853802,0.9));
#1226 = DIRECTION('',(-0.309025978521,0.951053597122,0.));
#1227 = DIRECTION('',(-0.951053597122,-0.309025978521,0.));
#1228 = DEFINITIONAL_REPRESENTATION('',(#1229),#1232);
#1229 = B_SPLINE_CURVE_WITH_KNOTS('',1,(#1230,#1231),.UNSPECIFIED.,.F.,
  .F.,(2,2),(7.204824182539,7.896812296284),.PIECEWISE_BEZIER_KNOTS.);
#1230 = CARTESIAN_POINT('',(0.,0.3));
#1231 = CARTESIAN_POINT('',(0.691988113745,0.3));
#1232 = ( GEOMETRIC_REPRESENTATION_CONTEXT(2) 
PARAMETRIC_REPRESENTATION_CONTEXT() REPRESENTATION_CONTEXT('2D SPACE',''
  ) );
#1233 = ORIENTED_EDGE('',*,*,#1234,.F.);
#1234 = EDGE_CURVE('',#1235,#1209,#1237,.T.);
#1235 = VERTEX_POINT('',#1236);
#1236 = CARTESIAN_POINT('',(-12.90720258915,-4.666877577397,1.2));
#1237 = SURFACE_CURVE('',#1238,(#1242,#1248),.PCURVE_S1.);
#1238 = LINE('',#1239,#1240);
#1239 = CARTESIAN_POINT('',(-6.384105716952,-2.547316244372,1.2));
#1240 = VECTOR('',#1241,1.);
#1241 = DIRECTION('',(-0.951053144938,-0.309027370152,0.));
#1242 = PCURVE('',#43,#1243);
#1243 = DEFINITIONAL_REPRESENTATION('',(#1244),#1247);
#1244 = B_SPLINE_CURVE_WITH_KNOTS('',1,(#1245,#1246),.UNSPECIFIED.,.F.,
  .F.,(2,2),(6.858814259669,7.55083476355),.PIECEWISE_BEZIER_KNOTS.);
#1245 = CARTESIAN_POINT('',(-12.90720258915,-4.666877577397));
#1246 = CARTESIAN_POINT('',(-13.56535086573,-4.880730853802));
#1247 = ( GEOMETRIC_REPRESENTATION_CONTEXT(2) 
PARAMETRIC_REPRESENTATION_CONTEXT() REPRESENTATION_CONTEXT('2D SPACE',''
  ) );
#1248 = PCURVE('',#1249,#1254);
#1249 = PLANE('',#1250);
#1250 = AXIS2_PLACEMENT_3D('',#1251,#1252,#1253);
#1251 = CARTESIAN_POINT('',(-12.90720258915,-4.666877577397,0.9));
#1252 = DIRECTION('',(-0.309027370152,0.951053144938,0.));
#1253 = DIRECTION('',(-0.951053144938,-0.309027370152,0.));
#1254 = DEFINITIONAL_REPRESENTATION('',(#1255),#1258);
#1255 = B_SPLINE_CURVE_WITH_KNOTS('',1,(#1256,#1257),.UNSPECIFIED.,.F.,
  .F.,(2,2),(6.858814259669,7.55083476355),.PIECEWISE_BEZIER_KNOTS.);
#1256 = CARTESIAN_POINT('',(0.,0.3));
#1257 = CARTESIAN_POINT('',(0.69202050388,0.3));
#1258 = ( GEOMETRIC_REPRESENTATION_CONTEXT(2) 
PARAMETRIC_REPRESENTATION_CONTEXT() REPRESENTATION_CONTEXT('2D SPACE',''
  ) );
#1259 = ORIENTED_EDGE('',*,*,#1260,.F.);
#1260 = EDGE_CURVE('',#1261,#1235,#1263,.T.);
#1261 = VERTEX_POINT('',#1262);
#1262 = CARTESIAN_POINT('',(-12.24901898638,-4.453011525819,1.2));
#1263 = SURFACE_CURVE('',#1264,(#1268,#1274),.PCURVE_S1.);
#1264 = LINE('',#1265,#1266);
#1265 = CARTESIAN_POINT('',(-6.055017311122,-2.440371471939,1.2));
#1266 = VECTOR('',#1267,1.);
#1267 = DIRECTION('',(-0.951052594313,-0.309029064733,0.));
#1268 = PCURVE('',#43,#1269);
#1269 = DEFINITIONAL_REPRESENTATION('',(#1270),#1273);
#1270 = B_SPLINE_CURVE_WITH_KNOTS('',1,(#1271,#1272),.UNSPECIFIED.,.F.,
  .F.,(2,2),(6.51278563593,7.204843684785),.PIECEWISE_BEZIER_KNOTS.);
#1271 = CARTESIAN_POINT('',(-12.24901898638,-4.453011525819));
#1272 = CARTESIAN_POINT('',(-12.90720258915,-4.666877577397));
#1273 = ( GEOMETRIC_REPRESENTATION_CONTEXT(2) 
PARAMETRIC_REPRESENTATION_CONTEXT() REPRESENTATION_CONTEXT('2D SPACE',''
  ) );
#1274 = PCURVE('',#1275,#1280);
#1275 = PLANE('',#1276);
#1276 = AXIS2_PLACEMENT_3D('',#1277,#1278,#1279);
#1277 = CARTESIAN_POINT('',(-12.24901898638,-4.453011525819,0.9));
#1278 = DIRECTION('',(-0.309029064733,0.951052594313,0.));
#1279 = DIRECTION('',(-0.951052594313,-0.309029064733,0.));
#1280 = DEFINITIONAL_REPRESENTATION('',(#1281),#1284);
#1281 = B_SPLINE_CURVE_WITH_KNOTS('',1,(#1282,#1283),.UNSPECIFIED.,.F.,
  .F.,(2,2),(6.51278563593,7.204843684785),.PIECEWISE_BEZIER_KNOTS.);
#1282 = CARTESIAN_POINT('',(0.,0.3));
#1283 = CARTESIAN_POINT('',(0.692058048855,0.3));
#1284 = ( GEOMETRIC_REPRESENTATION_CONTEXT(2) 
PARAMETRIC_REPRESENTATION_CONTEXT() REPRESENTATION_CONTEXT('2D SPACE',''
  ) );
#1285 = ORIENTED_EDGE('',*,*,#1286,.F.);
#1286 = EDGE_CURVE('',#1287,#1261,#1289,.T.);
#1287 = VERTEX_POINT('',#1288);
#1288 = CARTESIAN_POINT('',(-11.59079414418,-4.239130479018,1.2));
#1289 = SURFACE_CURVE('',#1290,(#1294,#1300),.PCURVE_S1.);
#1290 = LINE('',#1291,#1292);
#1291 = CARTESIAN_POINT('',(-5.725908832919,-2.333417219147,1.2));
#1292 = VECTOR('',#1293,1.);
#1293 = DIRECTION('',(-0.951051916928,-0.309031149413,0.));
#1294 = PCURVE('',#43,#1295);
#1295 = DEFINITIONAL_REPRESENTATION('',(#1296),#1299);
#1296 = B_SPLINE_CURVE_WITH_KNOTS('',1,(#1297,#1298),.UNSPECIFIED.,.F.,
  .F.,(2,2),(6.166735176996,6.858837080662),.PIECEWISE_BEZIER_KNOTS.);
#1297 = CARTESIAN_POINT('',(-11.59079414418,-4.239130479018));
#1298 = CARTESIAN_POINT('',(-12.24901898638,-4.453011525819));
#1299 = ( GEOMETRIC_REPRESENTATION_CONTEXT(2) 
PARAMETRIC_REPRESENTATION_CONTEXT() REPRESENTATION_CONTEXT('2D SPACE',''
  ) );
#1300 = PCURVE('',#1301,#1306);
#1301 = PLANE('',#1302);
#1302 = AXIS2_PLACEMENT_3D('',#1303,#1304,#1305);
#1303 = CARTESIAN_POINT('',(-11.59079414418,-4.239130479018,0.9));
#1304 = DIRECTION('',(-0.309031149413,0.951051916928,0.));
#1305 = DIRECTION('',(-0.951051916928,-0.309031149413,0.));
#1306 = DEFINITIONAL_REPRESENTATION('',(#1307),#1310);
#1307 = B_SPLINE_CURVE_WITH_KNOTS('',1,(#1308,#1309),.UNSPECIFIED.,.F.,
  .F.,(2,2),(6.166735176996,6.858837080662),.PIECEWISE_BEZIER_KNOTS.);
#1308 = CARTESIAN_POINT('',(0.,0.3));
#1309 = CARTESIAN_POINT('',(0.692101903666,0.3));
#1310 = ( GEOMETRIC_REPRESENTATION_CONTEXT(2) 
PARAMETRIC_REPRESENTATION_CONTEXT() REPRESENTATION_CONTEXT('2D SPACE',''
  ) );
#1311 = ORIENTED_EDGE('',*,*,#1312,.F.);
#1312 = EDGE_CURVE('',#1313,#1287,#1315,.T.);
#1313 = VERTEX_POINT('',#1314);
#1314 = CARTESIAN_POINT('',(-10.93252075185,-4.025231671634,1.2));
#1315 = SURFACE_CURVE('',#1316,(#1320,#1326),.PCURVE_S1.);
#1316 = LINE('',#1317,#1318);
#1317 = CARTESIAN_POINT('',(-5.396776751055,-2.226451630485,1.2));
#1318 = VECTOR('',#1319,1.);
#1319 = DIRECTION('',(-0.951051074095,-0.309033743242,0.));
#1320 = PCURVE('',#43,#1321);
#1321 = DEFINITIONAL_REPRESENTATION('',(#1322),#1325);
#1322 = B_SPLINE_CURVE_WITH_KNOTS('',1,(#1323,#1324),.UNSPECIFIED.,.F.,
  .F.,(2,2),(5.82065900726,6.512812573211),.PIECEWISE_BEZIER_KNOTS.);
#1323 = CARTESIAN_POINT('',(-10.93252075185,-4.025231671634));
#1324 = CARTESIAN_POINT('',(-11.59079414418,-4.239130479018));
#1325 = ( GEOMETRIC_REPRESENTATION_CONTEXT(2) 
PARAMETRIC_REPRESENTATION_CONTEXT() REPRESENTATION_CONTEXT('2D SPACE',''
  ) );
#1326 = PCURVE('',#1327,#1332);
#1327 = PLANE('',#1328);
#1328 = AXIS2_PLACEMENT_3D('',#1329,#1330,#1331);
#1329 = CARTESIAN_POINT('',(-10.93252075185,-4.025231671634,0.9));
#1330 = DIRECTION('',(-0.309033743242,0.951051074095,0.));
#1331 = DIRECTION('',(-0.951051074095,-0.309033743242,0.));
#1332 = DEFINITIONAL_REPRESENTATION('',(#1333),#1336);
#1333 = B_SPLINE_CURVE_WITH_KNOTS('',1,(#1334,#1335),.UNSPECIFIED.,.F.,
  .F.,(2,2),(5.82065900726,6.512812573211),.PIECEWISE_BEZIER_KNOTS.);
#1334 = CARTESIAN_POINT('',(0.,0.3));
#1335 = CARTESIAN_POINT('',(0.692153565952,0.3));
#1336 = ( GEOMETRIC_REPRESENTATION_CONTEXT(2) 
PARAMETRIC_REPRESENTATION_CONTEXT() REPRESENTATION_CONTEXT('2D SPACE',''
  ) );
#1337 = ORIENTED_EDGE('',*,*,#1338,.F.);
#1338 = EDGE_CURVE('',#1339,#1313,#1341,.T.);
#1339 = VERTEX_POINT('',#1340);
#1340 = CARTESIAN_POINT('',(-10.2741896624,-3.81131161485,1.2));
#1341 = SURFACE_CURVE('',#1342,(#1346,#1352),.PCURVE_S1.);
#1342 = LINE('',#1343,#1344);
#1343 = CARTESIAN_POINT('',(-5.067616653313,-2.119472338839,1.2));
#1344 = VECTOR('',#1345,1.);
#1345 = DIRECTION('',(-0.951050012045,-0.309037011681,0.));
#1346 = PCURVE('',#43,#1347);
#1347 = DEFINITIONAL_REPRESENTATION('',(#1348),#1351);
#1348 = B_SPLINE_CURVE_WITH_KNOTS('',1,(#1349,#1350),.UNSPECIFIED.,.F.,
  .F.,(2,2),(5.474552277109,6.16676728275),.PIECEWISE_BEZIER_KNOTS.);
#1349 = CARTESIAN_POINT('',(-10.2741896624,-3.81131161485));
#1350 = CARTESIAN_POINT('',(-10.93252075185,-4.025231671634));
#1351 = ( GEOMETRIC_REPRESENTATION_CONTEXT(2) 
PARAMETRIC_REPRESENTATION_CONTEXT() REPRESENTATION_CONTEXT('2D SPACE',''
  ) );
#1352 = PCURVE('',#1353,#1358);
#1353 = PLANE('',#1354);
#1354 = AXIS2_PLACEMENT_3D('',#1355,#1356,#1357);
#1355 = CARTESIAN_POINT('',(-10.2741896624,-3.81131161485,0.9));
#1356 = DIRECTION('',(-0.309037011681,0.951050012045,0.));
#1357 = DIRECTION('',(-0.951050012045,-0.309037011681,0.));
#1358 = DEFINITIONAL_REPRESENTATION('',(#1359),#1362);
#1359 = B_SPLINE_CURVE_WITH_KNOTS('',1,(#1360,#1361),.UNSPECIFIED.,.F.,
  .F.,(2,2),(5.474552277109,6.16676728275),.PIECEWISE_BEZIER_KNOTS.);
#1360 = CARTESIAN_POINT('',(0.,0.3));
#1361 = CARTESIAN_POINT('',(0.692215005641,0.3));
#1362 = ( GEOMETRIC_REPRESENTATION_CONTEXT(2) 
PARAMETRIC_REPRESENTATION_CONTEXT() REPRESENTATION_CONTEXT('2D SPACE',''
  ) );
#1363 = ORIENTED_EDGE('',*,*,#1364,.F.);
#1364 = EDGE_CURVE('',#1365,#1339,#1367,.T.);
#1365 = VERTEX_POINT('',#1366);
#1366 = CARTESIAN_POINT('',(-9.61578927761,-3.597365843647,1.2));
#1367 = SURFACE_CURVE('',#1368,(#1372,#1378),.PCURVE_S1.);
#1368 = LINE('',#1369,#1370);
#1369 = CARTESIAN_POINT('',(-4.738422953225,-2.012476278247,1.2));
#1370 = VECTOR('',#1371,1.);
#1371 = DIRECTION('',(-0.951048654593,-0.309041189159,0.));
#1372 = PCURVE('',#43,#1373);
#1373 = DEFINITIONAL_REPRESENTATION('',(#1374),#1377);
#1374 = B_SPLINE_CURVE_WITH_KNOTS('',1,(#1375,#1376),.UNSPECIFIED.,.F.,
  .F.,(2,2),(5.128408836741,5.820697692426),.PIECEWISE_BEZIER_KNOTS.);
#1375 = CARTESIAN_POINT('',(-9.61578927761,-3.597365843647));
#1376 = CARTESIAN_POINT('',(-10.2741896624,-3.81131161485));
#1377 = ( GEOMETRIC_REPRESENTATION_CONTEXT(2) 
PARAMETRIC_REPRESENTATION_CONTEXT() REPRESENTATION_CONTEXT('2D SPACE',''
  ) );
#1378 = PCURVE('',#1379,#1384);
#1379 = PLANE('',#1380);
#1380 = AXIS2_PLACEMENT_3D('',#1381,#1382,#1383);
#1381 = CARTESIAN_POINT('',(-9.61578927761,-3.597365843647,0.9));
#1382 = DIRECTION('',(-0.309041189159,0.951048654593,0.));
#1383 = DIRECTION('',(-0.951048654593,-0.309041189159,0.));
#1384 = DEFINITIONAL_REPRESENTATION('',(#1385),#1388);
#1385 = B_SPLINE_CURVE_WITH_KNOTS('',1,(#1386,#1387),.UNSPECIFIED.,.F.,
  .F.,(2,2),(5.128408836741,5.820697692426),.PIECEWISE_BEZIER_KNOTS.);
#1386 = CARTESIAN_POINT('',(0.,0.3));
#1387 = CARTESIAN_POINT('',(0.692288855685,0.3));
#1388 = ( GEOMETRIC_REPRESENTATION_CONTEXT(2) 
PARAMETRIC_REPRESENTATION_CONTEXT() REPRESENTATION_CONTEXT('2D SPACE',''
  ) );
#1389 = ORIENTED_EDGE('',*,*,#1390,.F.);
#1390 = EDGE_CURVE('',#1391,#1365,#1393,.T.);
#1391 = VERTEX_POINT('',#1392);
#1392 = CARTESIAN_POINT('',(-8.957304668121,-3.383388550324,1.2));
#1393 = SURFACE_CURVE('',#1394,(#1398,#1404),.PCURVE_S1.);
#1394 = LINE('',#1395,#1396);
#1395 = CARTESIAN_POINT('',(-4.409188471039,-1.905459408859,1.2));
#1396 = VECTOR('',#1397,1.);
#1397 = DIRECTION('',(-0.951046891431,-0.30904661509,0.));
#1398 = PCURVE('',#43,#1399);
#1399 = DEFINITIONAL_REPRESENTATION('',(#1400),#1403);
#1400 = B_SPLINE_CURVE_WITH_KNOTS('',1,(#1401,#1402),.UNSPECIFIED.,.F.,
  .F.,(2,2),(4.782220769616,5.474599468735),.PIECEWISE_BEZIER_KNOTS.);
#1401 = CARTESIAN_POINT('',(-8.957304668121,-3.383388550324));
#1402 = CARTESIAN_POINT('',(-9.61578927761,-3.597365843647));
#1403 = ( GEOMETRIC_REPRESENTATION_CONTEXT(2) 
PARAMETRIC_REPRESENTATION_CONTEXT() REPRESENTATION_CONTEXT('2D SPACE',''
  ) );
#1404 = PCURVE('',#1405,#1410);
#1405 = PLANE('',#1406);
#1406 = AXIS2_PLACEMENT_3D('',#1407,#1408,#1409);
#1407 = CARTESIAN_POINT('',(-8.957304668121,-3.383388550324,0.9));
#1408 = DIRECTION('',(-0.30904661509,0.951046891431,0.));
#1409 = DIRECTION('',(-0.951046891431,-0.30904661509,0.));
#1410 = DEFINITIONAL_REPRESENTATION('',(#1411),#1414);
#1411 = B_SPLINE_CURVE_WITH_KNOTS('',1,(#1412,#1413),.UNSPECIFIED.,.F.,
  .F.,(2,2),(4.782220769616,5.474599468735),.PIECEWISE_BEZIER_KNOTS.);
#1412 = CARTESIAN_POINT('',(0.,0.3));
#1413 = CARTESIAN_POINT('',(0.692378699118,0.3));
#1414 = ( GEOMETRIC_REPRESENTATION_CONTEXT(2) 
PARAMETRIC_REPRESENTATION_CONTEXT() REPRESENTATION_CONTEXT('2D SPACE',''
  ) );
#1415 = ORIENTED_EDGE('',*,*,#1416,.F.);
#1416 = EDGE_CURVE('',#1417,#1391,#1419,.T.);
#1417 = VERTEX_POINT('',#1418);
#1418 = CARTESIAN_POINT('',(-8.298716285316,-3.169372039844,1.2));
#1419 = SURFACE_CURVE('',#1420,(#1424,#1430),.PCURVE_S1.);
#1420 = LINE('',#1421,#1422);
#1421 = CARTESIAN_POINT('',(-4.079903821175,-1.798416302514,1.2));
#1422 = VECTOR('',#1423,1.);
#1423 = DIRECTION('',(-0.951044558875,-0.309053793106,0.));
#1424 = PCURVE('',#43,#1425);
#1425 = DEFINITIONAL_REPRESENTATION('',(#1426),#1429);
#1426 = B_SPLINE_CURVE_WITH_KNOTS('',1,(#1427,#1428),.UNSPECIFIED.,.F.,
  .F.,(2,2),(4.43597770974,5.128467222096),.PIECEWISE_BEZIER_KNOTS.);
#1427 = CARTESIAN_POINT('',(-8.298716285316,-3.169372039844));
#1428 = CARTESIAN_POINT('',(-8.957304668121,-3.383388550324));
#1429 = ( GEOMETRIC_REPRESENTATION_CONTEXT(2) 
PARAMETRIC_REPRESENTATION_CONTEXT() REPRESENTATION_CONTEXT('2D SPACE',''
  ) );
#1430 = PCURVE('',#1431,#1436);
#1431 = PLANE('',#1432);
#1432 = AXIS2_PLACEMENT_3D('',#1433,#1434,#1435);
#1433 = CARTESIAN_POINT('',(-8.298716285316,-3.169372039844,0.9));
#1434 = DIRECTION('',(-0.309053793106,0.951044558875,0.));
#1435 = DIRECTION('',(-0.951044558875,-0.309053793106,0.));
#1436 = DEFINITIONAL_REPRESENTATION('',(#1437),#1440);
#1437 = B_SPLINE_CURVE_WITH_KNOTS('',1,(#1438,#1439),.UNSPECIFIED.,.F.,
  .F.,(2,2),(4.43597770974,5.128467222096),.PIECEWISE_BEZIER_KNOTS.);
#1438 = CARTESIAN_POINT('',(0.,0.3));
#1439 = CARTESIAN_POINT('',(0.692489512356,0.3));
#1440 = ( GEOMETRIC_REPRESENTATION_CONTEXT(2) 
PARAMETRIC_REPRESENTATION_CONTEXT() REPRESENTATION_CONTEXT('2D SPACE',''
  ) );
#1441 = ORIENTED_EDGE('',*,*,#1442,.F.);
#1442 = EDGE_CURVE('',#793,#1417,#1443,.T.);
#1443 = SURFACE_CURVE('',#1444,(#1448,#1454),.PCURVE_S1.);
#1444 = LINE('',#1445,#1446);
#1445 = CARTESIAN_POINT('',(-3.750556493079,-1.691339499879,1.2));
#1446 = VECTOR('',#1447,1.);
#1447 = DIRECTION('',(-0.951041407115,-0.309063491782,0.));
#1448 = PCURVE('',#43,#1449);
#1449 = DEFINITIONAL_REPRESENTATION('',(#1450),#1453);
#1450 = B_SPLINE_CURVE_WITH_KNOTS('',1,(#1451,#1452),.UNSPECIFIED.,.F.,
  .F.,(2,2),(4.089665816264,4.782294186362),.PIECEWISE_BEZIER_KNOTS.);
#1451 = CARTESIAN_POINT('',(-7.639998025609,-2.955305897274));
#1452 = CARTESIAN_POINT('',(-8.298716285316,-3.169372039844));
#1453 = ( GEOMETRIC_REPRESENTATION_CONTEXT(2) 
PARAMETRIC_REPRESENTATION_CONTEXT() REPRESENTATION_CONTEXT('2D SPACE',''
  ) );
#1454 = PCURVE('',#1455,#1460);
#1455 = PLANE('',#1456);
#1456 = AXIS2_PLACEMENT_3D('',#1457,#1458,#1459);
#1457 = CARTESIAN_POINT('',(-7.639998025609,-2.955305897274,0.9));
#1458 = DIRECTION('',(-0.309063491782,0.951041407115,0.));
#1459 = DIRECTION('',(-0.951041407115,-0.309063491782,0.));
#1460 = DEFINITIONAL_REPRESENTATION('',(#1461),#1464);
#1461 = B_SPLINE_CURVE_WITH_KNOTS('',1,(#1462,#1463),.UNSPECIFIED.,.F.,
  .F.,(2,2),(4.089665816264,4.782294186362),.PIECEWISE_BEZIER_KNOTS.);
#1462 = CARTESIAN_POINT('',(0.,0.3));
#1463 = CARTESIAN_POINT('',(0.692628370099,0.3));
#1464 = ( GEOMETRIC_REPRESENTATION_CONTEXT(2) 
PARAMETRIC_REPRESENTATION_CONTEXT() REPRESENTATION_CONTEXT('2D SPACE',''
  ) );
#1465 = FACE_BOUND('',#1466,.T.);
#1466 = EDGE_LOOP('',(#1467,#1495,#1521,#1547,#1573,#1599,#1625,#1651,
    #1677,#1703,#1729,#1755,#1781,#1807,#1833,#1859,#1885,#1911,#1937,
    #1963,#1989,#2015,#2041,#2067,#2093,#2119));
#1467 = ORIENTED_EDGE('',*,*,#1468,.F.);
#1468 = EDGE_CURVE('',#1469,#1471,#1473,.T.);
#1469 = VERTEX_POINT('',#1470);
#1470 = CARTESIAN_POINT('',(2.741175673048,-6.981114232663,1.2));
#1471 = VERTEX_POINT('',#1472);
#1472 = CARTESIAN_POINT('',(2.955305897274,-7.639998025609,1.2));
#1473 = SURFACE_CURVE('',#1474,(#1478,#1484),.PCURVE_S1.);
#1474 = LINE('',#1475,#1476);
#1475 = CARTESIAN_POINT('',(1.584218479316,-3.421129429792,1.2));
#1476 = VECTOR('',#1477,1.);
#1477 = DIRECTION('',(0.30907692267,-0.951037042324,0.));
#1478 = PCURVE('',#43,#1479);
#1479 = DEFINITIONAL_REPRESENTATION('',(#1480),#1483);
#1480 = B_SPLINE_CURVE_WITH_KNOTS('',1,(#1481,#1482),.UNSPECIFIED.,.F.,
  .F.,(2,2),(3.743266186741,4.436071791175),.PIECEWISE_BEZIER_KNOTS.);
#1481 = CARTESIAN_POINT('',(2.741175673048,-6.981114232663));
#1482 = CARTESIAN_POINT('',(2.955305897274,-7.639998025609));
#1483 = ( GEOMETRIC_REPRESENTATION_CONTEXT(2) 
PARAMETRIC_REPRESENTATION_CONTEXT() REPRESENTATION_CONTEXT('2D SPACE',''
  ) );
#1484 = PCURVE('',#1485,#1490);
#1485 = PLANE('',#1486);
#1486 = AXIS2_PLACEMENT_3D('',#1487,#1488,#1489);
#1487 = CARTESIAN_POINT('',(2.741175673048,-6.981114232663,0.9));
#1488 = DIRECTION('',(-0.951037042324,-0.30907692267,0.));
#1489 = DIRECTION('',(0.30907692267,-0.951037042324,0.));
#1490 = DEFINITIONAL_REPRESENTATION('',(#1491),#1494);
#1491 = B_SPLINE_CURVE_WITH_KNOTS('',1,(#1492,#1493),.UNSPECIFIED.,.F.,
  .F.,(2,2),(3.743266186741,4.436071791175),.PIECEWISE_BEZIER_KNOTS.);
#1492 = CARTESIAN_POINT('',(0.,0.3));
#1493 = CARTESIAN_POINT('',(0.692805604433,0.3));
#1494 = ( GEOMETRIC_REPRESENTATION_CONTEXT(2) 
PARAMETRIC_REPRESENTATION_CONTEXT() REPRESENTATION_CONTEXT('2D SPACE',''
  ) );
#1495 = ORIENTED_EDGE('',*,*,#1496,.F.);
#1496 = EDGE_CURVE('',#1497,#1469,#1499,.T.);
#1497 = VERTEX_POINT('',#1498);
#1498 = CARTESIAN_POINT('',(2.998089307319,-6.87469712099,1.2));
#1499 = SURFACE_CURVE('',#1500,(#1504,#1510),.PCURVE_S1.);
#1500 = LINE('',#1501,#1502);
#1501 = CARTESIAN_POINT('',(2.933860898751,-6.901301398908,1.2));
#1502 = VECTOR('',#1503,1.);
#1503 = DIRECTION('',(-0.923879532511,-0.382683432365,0.));
#1504 = PCURVE('',#43,#1505);
#1505 = DEFINITIONAL_REPRESENTATION('',(#1506),#1509);
#1506 = B_SPLINE_CURVE_WITH_KNOTS('',1,(#1507,#1508),.UNSPECIFIED.,.F.,
  .F.,(2,2),(-6.952032847094E-02,0.208560985413),
  .PIECEWISE_BEZIER_KNOTS.);
#1507 = CARTESIAN_POINT('',(2.998089307319,-6.87469712099));
#1508 = CARTESIAN_POINT('',(2.741175673048,-6.981114232663));
#1509 = ( GEOMETRIC_REPRESENTATION_CONTEXT(2) 
PARAMETRIC_REPRESENTATION_CONTEXT() REPRESENTATION_CONTEXT('2D SPACE',''
  ) );
#1510 = PCURVE('',#1511,#1516);
#1511 = PLANE('',#1512);
#1512 = AXIS2_PLACEMENT_3D('',#1513,#1514,#1515);
#1513 = CARTESIAN_POINT('',(2.998089307319,-6.87469712099,0.9));
#1514 = DIRECTION('',(-0.382683432365,0.923879532511,0.));
#1515 = DIRECTION('',(-0.923879532511,-0.382683432365,0.));
#1516 = DEFINITIONAL_REPRESENTATION('',(#1517),#1520);
#1517 = B_SPLINE_CURVE_WITH_KNOTS('',1,(#1518,#1519),.UNSPECIFIED.,.F.,
  .F.,(2,2),(-6.952032847094E-02,0.208560985413),
  .PIECEWISE_BEZIER_KNOTS.);
#1518 = CARTESIAN_POINT('',(0.,0.3));
#1519 = CARTESIAN_POINT('',(0.278081313884,0.3));
#1520 = ( GEOMETRIC_REPRESENTATION_CONTEXT(2) 
PARAMETRIC_REPRESENTATION_CONTEXT() REPRESENTATION_CONTEXT('2D SPACE',''
  ) );
#1521 = ORIENTED_EDGE('',*,*,#1522,.F.);
#1522 = EDGE_CURVE('',#1523,#1497,#1525,.T.);
#1523 = VERTEX_POINT('',#1524);
#1524 = CARTESIAN_POINT('',(3.312577571717,-7.492011252603,1.2));
#1525 = SURFACE_CURVE('',#1526,(#1530,#1536),.PCURVE_S1.);
#1526 = LINE('',#1527,#1528);
#1527 = CARTESIAN_POINT('',(1.456136321716,-3.847972514535,1.2));
#1528 = VECTOR('',#1529,1.);
#1529 = DIRECTION('',(-0.453934353859,0.891035129715,0.));
#1530 = PCURVE('',#43,#1531);
#1531 = DEFINITIONAL_REPRESENTATION('',(#1532),#1535);
#1532 = B_SPLINE_CURVE_WITH_KNOTS('',1,(#1533,#1534),.UNSPECIFIED.,.F.,
  .F.,(2,2),(-4.089668988958,-3.396863384525),.PIECEWISE_BEZIER_KNOTS.);
#1533 = CARTESIAN_POINT('',(3.312577571717,-7.492011252603));
#1534 = CARTESIAN_POINT('',(2.998089307319,-6.87469712099));
#1535 = ( GEOMETRIC_REPRESENTATION_CONTEXT(2) 
PARAMETRIC_REPRESENTATION_CONTEXT() REPRESENTATION_CONTEXT('2D SPACE',''
  ) );
#1536 = PCURVE('',#1537,#1542);
#1537 = PLANE('',#1538);
#1538 = AXIS2_PLACEMENT_3D('',#1539,#1540,#1541);
#1539 = CARTESIAN_POINT('',(3.312577571717,-7.492011252603,0.9));
#1540 = DIRECTION('',(0.891035129715,0.453934353859,-0.));
#1541 = DIRECTION('',(-0.453934353859,0.891035129715,0.));
#1542 = DEFINITIONAL_REPRESENTATION('',(#1543),#1546);
#1543 = B_SPLINE_CURVE_WITH_KNOTS('',1,(#1544,#1545),.UNSPECIFIED.,.F.,
  .F.,(2,2),(-4.089668988958,-3.396863384525),.PIECEWISE_BEZIER_KNOTS.);
#1544 = CARTESIAN_POINT('',(0.,0.3));
#1545 = CARTESIAN_POINT('',(0.692805604433,0.3));
#1546 = ( GEOMETRIC_REPRESENTATION_CONTEXT(2) 
PARAMETRIC_REPRESENTATION_CONTEXT() REPRESENTATION_CONTEXT('2D SPACE',''
  ) );
#1547 = ORIENTED_EDGE('',*,*,#1548,.F.);
#1548 = EDGE_CURVE('',#1549,#1523,#1551,.T.);
#1549 = VERTEX_POINT('',#1550);
#1550 = CARTESIAN_POINT('',(3.626994099014,-8.109163021967,1.2));
#1551 = SURFACE_CURVE('',#1552,(#1556,#1562),.PCURVE_S1.);
#1552 = LINE('',#1553,#1554);
#1553 = CARTESIAN_POINT('',(1.613294563474,-4.156577443814,1.2));
#1554 = VECTOR('',#1555,1.);
#1555 = DIRECTION('',(-0.453946937304,0.891028719016,0.));
#1556 = PCURVE('',#43,#1557);
#1557 = DEFINITIONAL_REPRESENTATION('',(#1558),#1561);
#1558 = B_SPLINE_CURVE_WITH_KNOTS('',1,(#1559,#1560),.UNSPECIFIED.,.F.,
  .F.,(2,2),(-4.435980001313,-3.743351631214),.PIECEWISE_BEZIER_KNOTS.);
#1559 = CARTESIAN_POINT('',(3.626994099014,-8.109163021967));
#1560 = CARTESIAN_POINT('',(3.312577571717,-7.492011252603));
#1561 = ( GEOMETRIC_REPRESENTATION_CONTEXT(2) 
PARAMETRIC_REPRESENTATION_CONTEXT() REPRESENTATION_CONTEXT('2D SPACE',''
  ) );
#1562 = PCURVE('',#1563,#1568);
#1563 = PLANE('',#1564);
#1564 = AXIS2_PLACEMENT_3D('',#1565,#1566,#1567);
#1565 = CARTESIAN_POINT('',(3.626994099014,-8.109163021967,0.9));
#1566 = DIRECTION('',(0.891028719016,0.453946937304,-0.));
#1567 = DIRECTION('',(-0.453946937304,0.891028719016,0.));
#1568 = DEFINITIONAL_REPRESENTATION('',(#1569),#1572);
#1569 = B_SPLINE_CURVE_WITH_KNOTS('',1,(#1570,#1571),.UNSPECIFIED.,.F.,
  .F.,(2,2),(-4.435980001313,-3.743351631214),.PIECEWISE_BEZIER_KNOTS.);
#1570 = CARTESIAN_POINT('',(0.,0.3));
#1571 = CARTESIAN_POINT('',(0.692628370099,0.3));
#1572 = ( GEOMETRIC_REPRESENTATION_CONTEXT(2) 
PARAMETRIC_REPRESENTATION_CONTEXT() REPRESENTATION_CONTEXT('2D SPACE',''
  ) );
#1573 = ORIENTED_EDGE('',*,*,#1574,.F.);
#1574 = EDGE_CURVE('',#1575,#1549,#1577,.T.);
#1575 = VERTEX_POINT('',#1576);
#1576 = CARTESIAN_POINT('',(3.941353884659,-8.726187859305,1.2));
#1577 = SURFACE_CURVE('',#1578,(#1582,#1588),.PCURVE_S1.);
#1578 = LINE('',#1579,#1580);
#1579 = CARTESIAN_POINT('',(1.770435188461,-4.465112440115,1.2));
#1580 = VECTOR('',#1581,1.);
#1581 = DIRECTION('',(-0.453956023935,0.891024089648,0.));
#1582 = PCURVE('',#43,#1583);
#1583 = DEFINITIONAL_REPRESENTATION('',(#1584),#1587);
#1584 = B_SPLINE_CURVE_WITH_KNOTS('',1,(#1585,#1586),.UNSPECIFIED.,.F.,
  .F.,(2,2),(-4.782222465918,-4.089732953562),.PIECEWISE_BEZIER_KNOTS.);
#1585 = CARTESIAN_POINT('',(3.941353884659,-8.726187859305));
#1586 = CARTESIAN_POINT('',(3.626994099014,-8.109163021967));
#1587 = ( GEOMETRIC_REPRESENTATION_CONTEXT(2) 
PARAMETRIC_REPRESENTATION_CONTEXT() REPRESENTATION_CONTEXT('2D SPACE',''
  ) );
#1588 = PCURVE('',#1589,#1594);
#1589 = PLANE('',#1590);
#1590 = AXIS2_PLACEMENT_3D('',#1591,#1592,#1593);
#1591 = CARTESIAN_POINT('',(3.941353884659,-8.726187859305,0.9));
#1592 = DIRECTION('',(0.891024089648,0.453956023935,-0.));
#1593 = DIRECTION('',(-0.453956023935,0.891024089648,0.));
#1594 = DEFINITIONAL_REPRESENTATION('',(#1595),#1598);
#1595 = B_SPLINE_CURVE_WITH_KNOTS('',1,(#1596,#1597),.UNSPECIFIED.,.F.,
  .F.,(2,2),(-4.782222465918,-4.089732953562),.PIECEWISE_BEZIER_KNOTS.);
#1596 = CARTESIAN_POINT('',(0.,0.3));
#1597 = CARTESIAN_POINT('',(0.692489512356,0.3));
#1598 = ( GEOMETRIC_REPRESENTATION_CONTEXT(2) 
PARAMETRIC_REPRESENTATION_CONTEXT() REPRESENTATION_CONTEXT('2D SPACE',''
  ) );
#1599 = ORIENTED_EDGE('',*,*,#1600,.F.);
#1600 = EDGE_CURVE('',#1601,#1575,#1603,.T.);
#1601 = VERTEX_POINT('',#1602);
#1602 = CARTESIAN_POINT('',(4.255668022207,-9.343111587111,1.2));
#1603 = SURFACE_CURVE('',#1604,(#1608,#1614),.PCURVE_S1.);
#1604 = LINE('',#1605,#1606);
#1605 = CARTESIAN_POINT('',(1.927560866896,-4.773592200584,1.2));
#1606 = VECTOR('',#1607,1.);
#1607 = DIRECTION('',(-0.453962748924,0.891020663391,0.));
#1608 = PCURVE('',#43,#1609);
#1609 = DEFINITIONAL_REPRESENTATION('',(#1610),#1613);
#1610 = B_SPLINE_CURVE_WITH_KNOTS('',1,(#1611,#1612),.UNSPECIFIED.,.F.,
  .F.,(2,2),(-5.128410119175,-4.436031420057),.PIECEWISE_BEZIER_KNOTS.);
#1611 = CARTESIAN_POINT('',(4.255668022207,-9.343111587111));
#1612 = CARTESIAN_POINT('',(3.941353884659,-8.726187859305));
#1613 = ( GEOMETRIC_REPRESENTATION_CONTEXT(2) 
PARAMETRIC_REPRESENTATION_CONTEXT() REPRESENTATION_CONTEXT('2D SPACE',''
  ) );
#1614 = PCURVE('',#1615,#1620);
#1615 = PLANE('',#1616);
#1616 = AXIS2_PLACEMENT_3D('',#1617,#1618,#1619);
#1617 = CARTESIAN_POINT('',(4.255668022207,-9.343111587111,0.9));
#1618 = DIRECTION('',(0.891020663391,0.453962748924,-0.));
#1619 = DIRECTION('',(-0.453962748924,0.891020663391,0.));
#1620 = DEFINITIONAL_REPRESENTATION('',(#1621),#1624);
#1621 = B_SPLINE_CURVE_WITH_KNOTS('',1,(#1622,#1623),.UNSPECIFIED.,.F.,
  .F.,(2,2),(-5.128410119175,-4.436031420057),.PIECEWISE_BEZIER_KNOTS.);
#1622 = CARTESIAN_POINT('',(0.,0.3));
#1623 = CARTESIAN_POINT('',(0.692378699118,0.3));
#1624 = ( GEOMETRIC_REPRESENTATION_CONTEXT(2) 
PARAMETRIC_REPRESENTATION_CONTEXT() REPRESENTATION_CONTEXT('2D SPACE',''
  ) );
#1625 = ORIENTED_EDGE('',*,*,#1626,.F.);
#1626 = EDGE_CURVE('',#1627,#1601,#1629,.T.);
#1627 = VERTEX_POINT('',#1628);
#1628 = CARTESIAN_POINT('',(4.569944893404,-9.959953469555,1.2));
#1629 = SURFACE_CURVE('',#1630,(#1634,#1640),.PCURVE_S1.);
#1630 = LINE('',#1631,#1632);
#1631 = CARTESIAN_POINT('',(2.084673814628,-5.082027566903,1.2));
#1632 = VECTOR('',#1633,1.);
#1633 = DIRECTION('',(-0.453967832381,0.891018073421,0.));
#1634 = PCURVE('',#43,#1635);
#1635 = DEFINITIONAL_REPRESENTATION('',(#1636),#1639);
#1636 = B_SPLINE_CURVE_WITH_KNOTS('',1,(#1637,#1638),.UNSPECIFIED.,.F.,
  .F.,(2,2),(-5.474553264584,-4.782264408898),.PIECEWISE_BEZIER_KNOTS.);
#1637 = CARTESIAN_POINT('',(4.569944893404,-9.959953469555));
#1638 = CARTESIAN_POINT('',(4.255668022207,-9.343111587111));
#1639 = ( GEOMETRIC_REPRESENTATION_CONTEXT(2) 
PARAMETRIC_REPRESENTATION_CONTEXT() REPRESENTATION_CONTEXT('2D SPACE',''
  ) );
#1640 = PCURVE('',#1641,#1646);
#1641 = PLANE('',#1642);
#1642 = AXIS2_PLACEMENT_3D('',#1643,#1644,#1645);
#1643 = CARTESIAN_POINT('',(4.569944893404,-9.959953469555,0.9));
#1644 = DIRECTION('',(0.891018073421,0.453967832381,-0.));
#1645 = DIRECTION('',(-0.453967832381,0.891018073421,0.));
#1646 = DEFINITIONAL_REPRESENTATION('',(#1647),#1650);
#1647 = B_SPLINE_CURVE_WITH_KNOTS('',1,(#1648,#1649),.UNSPECIFIED.,.F.,
  .F.,(2,2),(-5.474553264584,-4.782264408898),.PIECEWISE_BEZIER_KNOTS.);
#1648 = CARTESIAN_POINT('',(0.,0.3));
#1649 = CARTESIAN_POINT('',(0.692288855685,0.3));
#1650 = ( GEOMETRIC_REPRESENTATION_CONTEXT(2) 
PARAMETRIC_REPRESENTATION_CONTEXT() REPRESENTATION_CONTEXT('2D SPACE',''
  ) );
#1651 = ORIENTED_EDGE('',*,*,#1652,.F.);
#1652 = EDGE_CURVE('',#1653,#1627,#1655,.T.);
#1653 = VERTEX_POINT('',#1654);
#1654 = CARTESIAN_POINT('',(4.884190948238,-10.57672816995,1.2));
#1655 = SURFACE_CURVE('',#1656,(#1660,#1666),.PCURVE_S1.);
#1656 = LINE('',#1657,#1658);
#1657 = CARTESIAN_POINT('',(2.241775864098,-5.390426713543,1.2));
#1658 = VECTOR('',#1659,1.);
#1659 = DIRECTION('',(-0.453971746167,0.891016079362,0.));
#1660 = PCURVE('',#43,#1661);
#1661 = DEFINITIONAL_REPRESENTATION('',(#1662),#1665);
#1662 = B_SPLINE_CURVE_WITH_KNOTS('',1,(#1663,#1664),.UNSPECIFIED.,.F.,
  .F.,(2,2),(-5.82065977993,-5.128444774289),.PIECEWISE_BEZIER_KNOTS.);
#1663 = CARTESIAN_POINT('',(4.884190948238,-10.57672816995));
#1664 = CARTESIAN_POINT('',(4.569944893404,-9.959953469555));
#1665 = ( GEOMETRIC_REPRESENTATION_CONTEXT(2) 
PARAMETRIC_REPRESENTATION_CONTEXT() REPRESENTATION_CONTEXT('2D SPACE',''
  ) );
#1666 = PCURVE('',#1667,#1672);
#1667 = PLANE('',#1668);
#1668 = AXIS2_PLACEMENT_3D('',#1669,#1670,#1671);
#1669 = CARTESIAN_POINT('',(4.884190948238,-10.57672816995,0.9));
#1670 = DIRECTION('',(0.891016079362,0.453971746167,-0.));
#1671 = DIRECTION('',(-0.453971746167,0.891016079362,0.));
#1672 = DEFINITIONAL_REPRESENTATION('',(#1673),#1676);
#1673 = B_SPLINE_CURVE_WITH_KNOTS('',1,(#1674,#1675),.UNSPECIFIED.,.F.,
  .F.,(2,2),(-5.82065977993,-5.128444774289),.PIECEWISE_BEZIER_KNOTS.);
#1674 = CARTESIAN_POINT('',(0.,0.3));
#1675 = CARTESIAN_POINT('',(0.692215005641,0.3));
#1676 = ( GEOMETRIC_REPRESENTATION_CONTEXT(2) 
PARAMETRIC_REPRESENTATION_CONTEXT() REPRESENTATION_CONTEXT('2D SPACE',''
  ) );
#1677 = ORIENTED_EDGE('',*,*,#1678,.F.);
#1678 = EDGE_CURVE('',#1679,#1653,#1681,.T.);
#1679 = VERTEX_POINT('',#1680);
#1680 = CARTESIAN_POINT('',(5.198411230645,-11.19344704674,1.2));
#1681 = SURFACE_CURVE('',#1682,(#1686,#1692),.PCURVE_S1.);
#1682 = LINE('',#1683,#1684);
#1683 = CARTESIAN_POINT('',(2.398868532525,-5.698795921514,1.2));
#1684 = VECTOR('',#1685,1.);
#1685 = DIRECTION('',(-0.453974808286,0.891014519209,0.));
#1686 = PCURVE('',#43,#1687);
#1687 = DEFINITIONAL_REPRESENTATION('',(#1688),#1691);
#1688 = B_SPLINE_CURVE_WITH_KNOTS('',1,(#1689,#1690),.UNSPECIFIED.,.F.,
  .F.,(2,2),(-6.166735790235,-5.474582224284),.PIECEWISE_BEZIER_KNOTS.);
#1689 = CARTESIAN_POINT('',(5.198411230645,-11.19344704674));
#1690 = CARTESIAN_POINT('',(4.884190948238,-10.57672816995));
#1691 = ( GEOMETRIC_REPRESENTATION_CONTEXT(2) 
PARAMETRIC_REPRESENTATION_CONTEXT() REPRESENTATION_CONTEXT('2D SPACE',''
  ) );
#1692 = PCURVE('',#1693,#1698);
#1693 = PLANE('',#1694);
#1694 = AXIS2_PLACEMENT_3D('',#1695,#1696,#1697);
#1695 = CARTESIAN_POINT('',(5.198411230645,-11.19344704674,0.9));
#1696 = DIRECTION('',(0.891014519209,0.453974808286,-0.));
#1697 = DIRECTION('',(-0.453974808286,0.891014519209,0.));
#1698 = DEFINITIONAL_REPRESENTATION('',(#1699),#1702);
#1699 = B_SPLINE_CURVE_WITH_KNOTS('',1,(#1700,#1701),.UNSPECIFIED.,.F.,
  .F.,(2,2),(-6.166735790235,-5.474582224284),.PIECEWISE_BEZIER_KNOTS.);
#1700 = CARTESIAN_POINT('',(0.,0.3));
#1701 = CARTESIAN_POINT('',(0.692153565952,0.3));
#1702 = ( GEOMETRIC_REPRESENTATION_CONTEXT(2) 
PARAMETRIC_REPRESENTATION_CONTEXT() REPRESENTATION_CONTEXT('2D SPACE',''
  ) );
#1703 = ORIENTED_EDGE('',*,*,#1704,.F.);
#1704 = EDGE_CURVE('',#1705,#1679,#1707,.T.);
#1705 = VERTEX_POINT('',#1706);
#1706 = CARTESIAN_POINT('',(5.512609741544,-11.81011903476,1.2));
#1707 = SURFACE_CURVE('',#1708,(#1712,#1718),.PCURVE_S1.);
#1708 = LINE('',#1709,#1710);
#1709 = CARTESIAN_POINT('',(2.555953080666,-6.007140097219,1.2));
#1710 = VECTOR('',#1711,1.);
#1711 = DIRECTION('',(-0.453977238373,0.891013281068,0.));
#1712 = PCURVE('',#43,#1713);
#1713 = DEFINITIONAL_REPRESENTATION('',(#1714),#1717);
#1714 = B_SPLINE_CURVE_WITH_KNOTS('',1,(#1715,#1716),.UNSPECIFIED.,.F.,
  .F.,(2,2),(-6.512786128829,-5.820684225163),.PIECEWISE_BEZIER_KNOTS.);
#1715 = CARTESIAN_POINT('',(5.512609741544,-11.81011903476));
#1716 = CARTESIAN_POINT('',(5.198411230645,-11.19344704674));
#1717 = ( GEOMETRIC_REPRESENTATION_CONTEXT(2) 
PARAMETRIC_REPRESENTATION_CONTEXT() REPRESENTATION_CONTEXT('2D SPACE',''
  ) );
#1718 = PCURVE('',#1719,#1724);
#1719 = PLANE('',#1720);
#1720 = AXIS2_PLACEMENT_3D('',#1721,#1722,#1723);
#1721 = CARTESIAN_POINT('',(5.512609741544,-11.81011903476,0.9));
#1722 = DIRECTION('',(0.891013281068,0.453977238373,-0.));
#1723 = DIRECTION('',(-0.453977238373,0.891013281068,0.));
#1724 = DEFINITIONAL_REPRESENTATION('',(#1725),#1728);
#1725 = B_SPLINE_CURVE_WITH_KNOTS('',1,(#1726,#1727),.UNSPECIFIED.,.F.,
  .F.,(2,2),(-6.512786128829,-5.820684225163),.PIECEWISE_BEZIER_KNOTS.);
#1726 = CARTESIAN_POINT('',(0.,0.3));
#1727 = CARTESIAN_POINT('',(0.692101903666,0.3));
#1728 = ( GEOMETRIC_REPRESENTATION_CONTEXT(2) 
PARAMETRIC_REPRESENTATION_CONTEXT() REPRESENTATION_CONTEXT('2D SPACE',''
  ) );
#1729 = ORIENTED_EDGE('',*,*,#1730,.F.);
#1730 = EDGE_CURVE('',#1731,#1705,#1733,.T.);
#1731 = VERTEX_POINT('',#1732);
#1732 = CARTESIAN_POINT('',(5.826789694998,-12.42675125888,1.2));
#1733 = SURFACE_CURVE('',#1734,(#1738,#1744),.PCURVE_S1.);
#1734 = LINE('',#1735,#1736);
#1735 = CARTESIAN_POINT('',(2.713030561201,-6.315463129383,1.2));
#1736 = VECTOR('',#1737,1.);
#1737 = DIRECTION('',(-0.453979191447,0.891012285961,0.));
#1738 = PCURVE('',#43,#1739);
#1739 = DEFINITIONAL_REPRESENTATION('',(#1740),#1743);
#1740 = B_SPLINE_CURVE_WITH_KNOTS('',1,(#1741,#1742),.UNSPECIFIED.,.F.,
  .F.,(2,2),(-6.858814660357,-6.166756611503),.PIECEWISE_BEZIER_KNOTS.);
#1741 = CARTESIAN_POINT('',(5.826789694998,-12.42675125888));
#1742 = CARTESIAN_POINT('',(5.512609741544,-11.81011903476));
#1743 = ( GEOMETRIC_REPRESENTATION_CONTEXT(2) 
PARAMETRIC_REPRESENTATION_CONTEXT() REPRESENTATION_CONTEXT('2D SPACE',''
  ) );
#1744 = PCURVE('',#1745,#1750);
#1745 = PLANE('',#1746);
#1746 = AXIS2_PLACEMENT_3D('',#1747,#1748,#1749);
#1747 = CARTESIAN_POINT('',(5.826789694998,-12.42675125888,0.9));
#1748 = DIRECTION('',(0.891012285961,0.453979191447,-0.));
#1749 = DIRECTION('',(-0.453979191447,0.891012285961,0.));
#1750 = DEFINITIONAL_REPRESENTATION('',(#1751),#1754);
#1751 = B_SPLINE_CURVE_WITH_KNOTS('',1,(#1752,#1753),.UNSPECIFIED.,.F.,
  .F.,(2,2),(-6.858814660357,-6.166756611503),.PIECEWISE_BEZIER_KNOTS.);
#1752 = CARTESIAN_POINT('',(0.,0.3));
#1753 = CARTESIAN_POINT('',(0.692058048855,0.3));
#1754 = ( GEOMETRIC_REPRESENTATION_CONTEXT(2) 
PARAMETRIC_REPRESENTATION_CONTEXT() REPRESENTATION_CONTEXT('2D SPACE',''
  ) );
#1755 = ORIENTED_EDGE('',*,*,#1756,.F.);
#1756 = EDGE_CURVE('',#1757,#1731,#1759,.T.);
#1757 = VERTEX_POINT('',#1758);
#1758 = CARTESIAN_POINT('',(6.140953702466,-13.0433494702,1.2));
#1759 = SURFACE_CURVE('',#1760,(#1764,#1770),.PCURVE_S1.);
#1760 = LINE('',#1761,#1762);
#1761 = CARTESIAN_POINT('',(2.870101857781,-6.62376814015,1.2));
#1762 = VECTOR('',#1763,1.);
#1763 = DIRECTION('',(-0.453980779048,0.891011477061,0.));
#1764 = PCURVE('',#43,#1765);
#1765 = DEFINITIONAL_REPRESENTATION('',(#1766),#1769);
#1766 = B_SPLINE_CURVE_WITH_KNOTS('',1,(#1767,#1768),.UNSPECIFIED.,.F.,
  .F.,(2,2),(-7.20482451161,-6.512804007729),.PIECEWISE_BEZIER_KNOTS.);
#1767 = CARTESIAN_POINT('',(6.140953702466,-13.0433494702));
#1768 = CARTESIAN_POINT('',(5.826789694998,-12.42675125888));
#1769 = ( GEOMETRIC_REPRESENTATION_CONTEXT(2) 
PARAMETRIC_REPRESENTATION_CONTEXT() REPRESENTATION_CONTEXT('2D SPACE',''
  ) );
#1770 = PCURVE('',#1771,#1776);
#1771 = PLANE('',#1772);
#1772 = AXIS2_PLACEMENT_3D('',#1773,#1774,#1775);
#1773 = CARTESIAN_POINT('',(6.140953702466,-13.0433494702,0.9));
#1774 = DIRECTION('',(0.891011477061,0.453980779048,-0.));
#1775 = DIRECTION('',(-0.453980779048,0.891011477061,0.));
#1776 = DEFINITIONAL_REPRESENTATION('',(#1777),#1780);
#1777 = B_SPLINE_CURVE_WITH_KNOTS('',1,(#1778,#1779),.UNSPECIFIED.,.F.,
  .F.,(2,2),(-7.20482451161,-6.512804007729),.PIECEWISE_BEZIER_KNOTS.);
#1778 = CARTESIAN_POINT('',(0.,0.3));
#1779 = CARTESIAN_POINT('',(0.69202050388,0.3));
#1780 = ( GEOMETRIC_REPRESENTATION_CONTEXT(2) 
PARAMETRIC_REPRESENTATION_CONTEXT() REPRESENTATION_CONTEXT('2D SPACE',''
  ) );
#1781 = ORIENTED_EDGE('',*,*,#1782,.F.);
#1782 = EDGE_CURVE('',#1783,#1757,#1785,.T.);
#1783 = VERTEX_POINT('',#1784);
#1784 = CARTESIAN_POINT('',(6.455103907632,-13.65991836186,1.2));
#1785 = SURFACE_CURVE('',#1786,(#1790,#1796),.PCURVE_S1.);
#1786 = LINE('',#1787,#1788);
#1787 = CARTESIAN_POINT('',(3.027167716296,-6.932057665271,1.2));
#1788 = VECTOR('',#1789,1.);
#1789 = DIRECTION('',(-0.453982082822,0.891010812772,0.));
#1790 = PCURVE('',#43,#1791);
#1791 = DEFINITIONAL_REPRESENTATION('',(#1792),#1795);
#1792 = B_SPLINE_CURVE_WITH_KNOTS('',1,(#1793,#1794),.UNSPECIFIED.,.F.,
  .F.,(2,2),(-7.550818239411,-6.858830125666),.PIECEWISE_BEZIER_KNOTS.);
#1793 = CARTESIAN_POINT('',(6.455103907632,-13.65991836186));
#1794 = CARTESIAN_POINT('',(6.140953702466,-13.0433494702));
#1795 = ( GEOMETRIC_REPRESENTATION_CONTEXT(2) 
PARAMETRIC_REPRESENTATION_CONTEXT() REPRESENTATION_CONTEXT('2D SPACE',''
  ) );
#1796 = PCURVE('',#1797,#1802);
#1797 = PLANE('',#1798);
#1798 = AXIS2_PLACEMENT_3D('',#1799,#1800,#1801);
#1799 = CARTESIAN_POINT('',(6.455103907632,-13.65991836186,0.9));
#1800 = DIRECTION('',(0.891010812772,0.453982082822,-0.));
#1801 = DIRECTION('',(-0.453982082822,0.891010812772,0.));
#1802 = DEFINITIONAL_REPRESENTATION('',(#1803),#1806);
#1803 = B_SPLINE_CURVE_WITH_KNOTS('',1,(#1804,#1805),.UNSPECIFIED.,.F.,
  .F.,(2,2),(-7.550818239411,-6.858830125666),.PIECEWISE_BEZIER_KNOTS.);
#1804 = CARTESIAN_POINT('',(0.,0.3));
#1805 = CARTESIAN_POINT('',(0.691988113745,0.3));
#1806 = ( GEOMETRIC_REPRESENTATION_CONTEXT(2) 
PARAMETRIC_REPRESENTATION_CONTEXT() REPRESENTATION_CONTEXT('2D SPACE',''
  ) );
#1807 = ORIENTED_EDGE('',*,*,#1808,.F.);
#1808 = EDGE_CURVE('',#1809,#1783,#1811,.T.);
#1809 = VERTEX_POINT('',#1810);
#1810 = CARTESIAN_POINT('',(6.769242086596,-14.27646180161,1.2));
#1811 = SURFACE_CURVE('',#1812,(#1816,#1822),.PCURVE_S1.);
#1812 = LINE('',#1813,#1814);
#1813 = CARTESIAN_POINT('',(3.184228769843,-7.240333785703,1.2));
#1814 = VECTOR('',#1815,1.);
#1815 = DIRECTION('',(-0.453983163468,0.891010262167,0.));
#1816 = PCURVE('',#43,#1817);
#1817 = DEFINITIONAL_REPRESENTATION('',(#1818),#1821);
#1818 = B_SPLINE_CURVE_WITH_KNOTS('',1,(#1819,#1820),.UNSPECIFIED.,.F.,
  .F.,(2,2),(-7.896797954718,-7.204837978573),.PIECEWISE_BEZIER_KNOTS.);
#1819 = CARTESIAN_POINT('',(6.769242086596,-14.27646180161));
#1820 = CARTESIAN_POINT('',(6.455103907632,-13.65991836186));
#1821 = ( GEOMETRIC_REPRESENTATION_CONTEXT(2) 
PARAMETRIC_REPRESENTATION_CONTEXT() REPRESENTATION_CONTEXT('2D SPACE',''
  ) );
#1822 = PCURVE('',#1823,#1828);
#1823 = PLANE('',#1824);
#1824 = AXIS2_PLACEMENT_3D('',#1825,#1826,#1827);
#1825 = CARTESIAN_POINT('',(6.769242086596,-14.27646180161,0.9));
#1826 = DIRECTION('',(0.891010262167,0.453983163468,-0.));
#1827 = DIRECTION('',(-0.453983163468,0.891010262167,0.));
#1828 = DEFINITIONAL_REPRESENTATION('',(#1829),#1832);
#1829 = B_SPLINE_CURVE_WITH_KNOTS('',1,(#1830,#1831),.UNSPECIFIED.,.F.,
  .F.,(2,2),(-7.896797954718,-7.204837978573),.PIECEWISE_BEZIER_KNOTS.);
#1830 = CARTESIAN_POINT('',(0.,0.3));
#1831 = CARTESIAN_POINT('',(0.691959976145,0.3));
#1832 = ( GEOMETRIC_REPRESENTATION_CONTEXT(2) 
PARAMETRIC_REPRESENTATION_CONTEXT() REPRESENTATION_CONTEXT('2D SPACE',''
  ) );
#1833 = ORIENTED_EDGE('',*,*,#1834,.F.);
#1834 = EDGE_CURVE('',#1835,#1809,#1837,.T.);
#1835 = VERTEX_POINT('',#1836);
#1836 = CARTESIAN_POINT('',(5.308405968349,-14.8815599342,1.2));
#1837 = SURFACE_CURVE('',#1838,(#1842,#1848),.PCURVE_S1.);
#1838 = LINE('',#1839,#1840);
#1839 = CARTESIAN_POINT('',(5.673614997911,-14.73028540105,1.2));
#1840 = VECTOR('',#1841,1.);
#1841 = DIRECTION('',(0.923879532511,0.382683432365,-0.));
#1842 = PCURVE('',#43,#1843);
#1843 = DEFINITIONAL_REPRESENTATION('',(#1844),#1847);
#1844 = B_SPLINE_CURVE_WITH_KNOTS('',1,(#1845,#1846),.UNSPECIFIED.,.F.,
  .F.,(2,2),(-0.395299405074,1.185898215222),.PIECEWISE_BEZIER_KNOTS.);
#1845 = CARTESIAN_POINT('',(5.308405968349,-14.8815599342));
#1846 = CARTESIAN_POINT('',(6.769242086596,-14.27646180161));
#1847 = ( GEOMETRIC_REPRESENTATION_CONTEXT(2) 
PARAMETRIC_REPRESENTATION_CONTEXT() REPRESENTATION_CONTEXT('2D SPACE',''
  ) );
#1848 = PCURVE('',#1849,#1854);
#1849 = PLANE('',#1850);
#1850 = AXIS2_PLACEMENT_3D('',#1851,#1852,#1853);
#1851 = CARTESIAN_POINT('',(5.308405968349,-14.8815599342,0.9));
#1852 = DIRECTION('',(0.382683432365,-0.923879532511,0.));
#1853 = DIRECTION('',(0.923879532511,0.382683432365,0.));
#1854 = DEFINITIONAL_REPRESENTATION('',(#1855),#1858);
#1855 = B_SPLINE_CURVE_WITH_KNOTS('',1,(#1856,#1857),.UNSPECIFIED.,.F.,
  .F.,(2,2),(-0.395299405074,1.185898215222),.PIECEWISE_BEZIER_KNOTS.);
#1856 = CARTESIAN_POINT('',(0.,0.3));
#1857 = CARTESIAN_POINT('',(1.581197620296,0.3));
#1858 = ( GEOMETRIC_REPRESENTATION_CONTEXT(2) 
PARAMETRIC_REPRESENTATION_CONTEXT() REPRESENTATION_CONTEXT('2D SPACE',''
  ) );
#1859 = ORIENTED_EDGE('',*,*,#1860,.F.);
#1860 = EDGE_CURVE('',#1861,#1835,#1863,.T.);
#1861 = VERTEX_POINT('',#1862);
#1862 = CARTESIAN_POINT('',(5.094573157778,-14.22346865047,1.2));
#1863 = SURFACE_CURVE('',#1864,(#1868,#1874),.PCURVE_S1.);
#1864 = LINE('',#1865,#1866);
#1865 = CARTESIAN_POINT('',(2.761182956634,-7.04223323207,1.2));
#1866 = VECTOR('',#1867,1.);
#1867 = DIRECTION('',(0.309024825052,-0.951053971918,0.));
#1868 = PCURVE('',#43,#1869);
#1869 = DEFINITIONAL_REPRESENTATION('',(#1870),#1873);
#1870 = B_SPLINE_CURVE_WITH_KNOTS('',1,(#1871,#1872),.UNSPECIFIED.,.F.,
  .F.,(2,2),(7.550817966645,8.24277794279),.PIECEWISE_BEZIER_KNOTS.);
#1871 = CARTESIAN_POINT('',(5.094573157778,-14.22346865047));
#1872 = CARTESIAN_POINT('',(5.308405968349,-14.8815599342));
#1873 = ( GEOMETRIC_REPRESENTATION_CONTEXT(2) 
PARAMETRIC_REPRESENTATION_CONTEXT() REPRESENTATION_CONTEXT('2D SPACE',''
  ) );
#1874 = PCURVE('',#1875,#1880);
#1875 = PLANE('',#1876);
#1876 = AXIS2_PLACEMENT_3D('',#1877,#1878,#1879);
#1877 = CARTESIAN_POINT('',(5.094573157778,-14.22346865047,0.9));
#1878 = DIRECTION('',(-0.951053971918,-0.309024825052,0.));
#1879 = DIRECTION('',(0.309024825052,-0.951053971918,0.));
#1880 = DEFINITIONAL_REPRESENTATION('',(#1881),#1884);
#1881 = B_SPLINE_CURVE_WITH_KNOTS('',1,(#1882,#1883),.UNSPECIFIED.,.F.,
  .F.,(2,2),(7.550817966645,8.24277794279),.PIECEWISE_BEZIER_KNOTS.);
#1882 = CARTESIAN_POINT('',(0.,0.3));
#1883 = CARTESIAN_POINT('',(0.691959976145,0.3));
#1884 = ( GEOMETRIC_REPRESENTATION_CONTEXT(2) 
PARAMETRIC_REPRESENTATION_CONTEXT() REPRESENTATION_CONTEXT('2D SPACE',''
  ) );
#1885 = ORIENTED_EDGE('',*,*,#1886,.F.);
#1886 = EDGE_CURVE('',#1887,#1861,#1889,.T.);
#1887 = VERTEX_POINT('',#1888);
#1888 = CARTESIAN_POINT('',(4.880730853802,-13.56535086573,1.2));
#1889 = SURFACE_CURVE('',#1890,(#1894,#1900),.PCURVE_S1.);
#1890 = LINE('',#1891,#1892);
#1891 = CARTESIAN_POINT('',(2.65425301072,-6.7131769103,1.2));
#1892 = VECTOR('',#1893,1.);
#1893 = DIRECTION('',(0.309025978521,-0.951053597122,0.));
#1894 = PCURVE('',#43,#1895);
#1895 = DEFINITIONAL_REPRESENTATION('',(#1896),#1899);
#1896 = B_SPLINE_CURVE_WITH_KNOTS('',1,(#1897,#1898),.UNSPECIFIED.,.F.,
  .F.,(2,2),(7.204824182539,7.896812296284),.PIECEWISE_BEZIER_KNOTS.);
#1897 = CARTESIAN_POINT('',(4.880730853802,-13.56535086573));
#1898 = CARTESIAN_POINT('',(5.094573157778,-14.22346865047));
#1899 = ( GEOMETRIC_REPRESENTATION_CONTEXT(2) 
PARAMETRIC_REPRESENTATION_CONTEXT() REPRESENTATION_CONTEXT('2D SPACE',''
  ) );
#1900 = PCURVE('',#1901,#1906);
#1901 = PLANE('',#1902);
#1902 = AXIS2_PLACEMENT_3D('',#1903,#1904,#1905);
#1903 = CARTESIAN_POINT('',(4.880730853802,-13.56535086573,0.9));
#1904 = DIRECTION('',(-0.951053597122,-0.309025978521,0.));
#1905 = DIRECTION('',(0.309025978521,-0.951053597122,0.));
#1906 = DEFINITIONAL_REPRESENTATION('',(#1907),#1910);
#1907 = B_SPLINE_CURVE_WITH_KNOTS('',1,(#1908,#1909),.UNSPECIFIED.,.F.,
  .F.,(2,2),(7.204824182539,7.896812296284),.PIECEWISE_BEZIER_KNOTS.);
#1908 = CARTESIAN_POINT('',(0.,0.3));
#1909 = CARTESIAN_POINT('',(0.691988113745,0.3));
#1910 = ( GEOMETRIC_REPRESENTATION_CONTEXT(2) 
PARAMETRIC_REPRESENTATION_CONTEXT() REPRESENTATION_CONTEXT('2D SPACE',''
  ) );
#1911 = ORIENTED_EDGE('',*,*,#1912,.F.);
#1912 = EDGE_CURVE('',#1913,#1887,#1915,.T.);
#1913 = VERTEX_POINT('',#1914);
#1914 = CARTESIAN_POINT('',(4.666877577397,-12.90720258915,1.2));
#1915 = SURFACE_CURVE('',#1916,(#1920,#1926),.PCURVE_S1.);
#1916 = LINE('',#1917,#1918);
#1917 = CARTESIAN_POINT('',(2.547316244372,-6.384105716952,1.2));
#1918 = VECTOR('',#1919,1.);
#1919 = DIRECTION('',(0.309027370152,-0.951053144938,0.));
#1920 = PCURVE('',#43,#1921);
#1921 = DEFINITIONAL_REPRESENTATION('',(#1922),#1925);
#1922 = B_SPLINE_CURVE_WITH_KNOTS('',1,(#1923,#1924),.UNSPECIFIED.,.F.,
  .F.,(2,2),(6.858814259669,7.55083476355),.PIECEWISE_BEZIER_KNOTS.);
#1923 = CARTESIAN_POINT('',(4.666877577397,-12.90720258915));
#1924 = CARTESIAN_POINT('',(4.880730853802,-13.56535086573));
#1925 = ( GEOMETRIC_REPRESENTATION_CONTEXT(2) 
PARAMETRIC_REPRESENTATION_CONTEXT() REPRESENTATION_CONTEXT('2D SPACE',''
  ) );
#1926 = PCURVE('',#1927,#1932);
#1927 = PLANE('',#1928);
#1928 = AXIS2_PLACEMENT_3D('',#1929,#1930,#1931);
#1929 = CARTESIAN_POINT('',(4.666877577397,-12.90720258915,0.9));
#1930 = DIRECTION('',(-0.951053144938,-0.309027370152,0.));
#1931 = DIRECTION('',(0.309027370152,-0.951053144938,0.));
#1932 = DEFINITIONAL_REPRESENTATION('',(#1933),#1936);
#1933 = B_SPLINE_CURVE_WITH_KNOTS('',1,(#1934,#1935),.UNSPECIFIED.,.F.,
  .F.,(2,2),(6.858814259669,7.55083476355),.PIECEWISE_BEZIER_KNOTS.);
#1934 = CARTESIAN_POINT('',(0.,0.3));
#1935 = CARTESIAN_POINT('',(0.69202050388,0.3));
#1936 = ( GEOMETRIC_REPRESENTATION_CONTEXT(2) 
PARAMETRIC_REPRESENTATION_CONTEXT() REPRESENTATION_CONTEXT('2D SPACE',''
  ) );
#1937 = ORIENTED_EDGE('',*,*,#1938,.F.);
#1938 = EDGE_CURVE('',#1939,#1913,#1941,.T.);
#1939 = VERTEX_POINT('',#1940);
#1940 = CARTESIAN_POINT('',(4.453011525819,-12.24901898638,1.2));
#1941 = SURFACE_CURVE('',#1942,(#1946,#1952),.PCURVE_S1.);
#1942 = LINE('',#1943,#1944);
#1943 = CARTESIAN_POINT('',(2.440371471939,-6.055017311122,1.2));
#1944 = VECTOR('',#1945,1.);
#1945 = DIRECTION('',(0.309029064733,-0.951052594313,0.));
#1946 = PCURVE('',#43,#1947);
#1947 = DEFINITIONAL_REPRESENTATION('',(#1948),#1951);
#1948 = B_SPLINE_CURVE_WITH_KNOTS('',1,(#1949,#1950),.UNSPECIFIED.,.F.,
  .F.,(2,2),(6.51278563593,7.204843684785),.PIECEWISE_BEZIER_KNOTS.);
#1949 = CARTESIAN_POINT('',(4.453011525819,-12.24901898638));
#1950 = CARTESIAN_POINT('',(4.666877577397,-12.90720258915));
#1951 = ( GEOMETRIC_REPRESENTATION_CONTEXT(2) 
PARAMETRIC_REPRESENTATION_CONTEXT() REPRESENTATION_CONTEXT('2D SPACE',''
  ) );
#1952 = PCURVE('',#1953,#1958);
#1953 = PLANE('',#1954);
#1954 = AXIS2_PLACEMENT_3D('',#1955,#1956,#1957);
#1955 = CARTESIAN_POINT('',(4.453011525819,-12.24901898638,0.9));
#1956 = DIRECTION('',(-0.951052594313,-0.309029064733,0.));
#1957 = DIRECTION('',(0.309029064733,-0.951052594313,0.));
#1958 = DEFINITIONAL_REPRESENTATION('',(#1959),#1962);
#1959 = B_SPLINE_CURVE_WITH_KNOTS('',1,(#1960,#1961),.UNSPECIFIED.,.F.,
  .F.,(2,2),(6.51278563593,7.204843684785),.PIECEWISE_BEZIER_KNOTS.);
#1960 = CARTESIAN_POINT('',(0.,0.3));
#1961 = CARTESIAN_POINT('',(0.692058048855,0.3));
#1962 = ( GEOMETRIC_REPRESENTATION_CONTEXT(2) 
PARAMETRIC_REPRESENTATION_CONTEXT() REPRESENTATION_CONTEXT('2D SPACE',''
  ) );
#1963 = ORIENTED_EDGE('',*,*,#1964,.F.);
#1964 = EDGE_CURVE('',#1965,#1939,#1967,.T.);
#1965 = VERTEX_POINT('',#1966);
#1966 = CARTESIAN_POINT('',(4.239130479018,-11.59079414418,1.2));
#1967 = SURFACE_CURVE('',#1968,(#1972,#1978),.PCURVE_S1.);
#1968 = LINE('',#1969,#1970);
#1969 = CARTESIAN_POINT('',(2.333417219147,-5.725908832919,1.2));
#1970 = VECTOR('',#1971,1.);
#1971 = DIRECTION('',(0.309031149413,-0.951051916928,0.));
#1972 = PCURVE('',#43,#1973);
#1973 = DEFINITIONAL_REPRESENTATION('',(#1974),#1977);
#1974 = B_SPLINE_CURVE_WITH_KNOTS('',1,(#1975,#1976),.UNSPECIFIED.,.F.,
  .F.,(2,2),(6.166735176996,6.858837080662),.PIECEWISE_BEZIER_KNOTS.);
#1975 = CARTESIAN_POINT('',(4.239130479018,-11.59079414418));
#1976 = CARTESIAN_POINT('',(4.453011525819,-12.24901898638));
#1977 = ( GEOMETRIC_REPRESENTATION_CONTEXT(2) 
PARAMETRIC_REPRESENTATION_CONTEXT() REPRESENTATION_CONTEXT('2D SPACE',''
  ) );
#1978 = PCURVE('',#1979,#1984);
#1979 = PLANE('',#1980);
#1980 = AXIS2_PLACEMENT_3D('',#1981,#1982,#1983);
#1981 = CARTESIAN_POINT('',(4.239130479018,-11.59079414418,0.9));
#1982 = DIRECTION('',(-0.951051916928,-0.309031149413,0.));
#1983 = DIRECTION('',(0.309031149413,-0.951051916928,0.));
#1984 = DEFINITIONAL_REPRESENTATION('',(#1985),#1988);
#1985 = B_SPLINE_CURVE_WITH_KNOTS('',1,(#1986,#1987),.UNSPECIFIED.,.F.,
  .F.,(2,2),(6.166735176996,6.858837080662),.PIECEWISE_BEZIER_KNOTS.);
#1986 = CARTESIAN_POINT('',(0.,0.3));
#1987 = CARTESIAN_POINT('',(0.692101903666,0.3));
#1988 = ( GEOMETRIC_REPRESENTATION_CONTEXT(2) 
PARAMETRIC_REPRESENTATION_CONTEXT() REPRESENTATION_CONTEXT('2D SPACE',''
  ) );
#1989 = ORIENTED_EDGE('',*,*,#1990,.F.);
#1990 = EDGE_CURVE('',#1991,#1965,#1993,.T.);
#1991 = VERTEX_POINT('',#1992);
#1992 = CARTESIAN_POINT('',(4.025231671634,-10.93252075185,1.2));
#1993 = SURFACE_CURVE('',#1994,(#1998,#2004),.PCURVE_S1.);
#1994 = LINE('',#1995,#1996);
#1995 = CARTESIAN_POINT('',(2.226451630485,-5.396776751055,1.2));
#1996 = VECTOR('',#1997,1.);
#1997 = DIRECTION('',(0.309033743242,-0.951051074095,0.));
#1998 = PCURVE('',#43,#1999);
#1999 = DEFINITIONAL_REPRESENTATION('',(#2000),#2003);
#2000 = B_SPLINE_CURVE_WITH_KNOTS('',1,(#2001,#2002),.UNSPECIFIED.,.F.,
  .F.,(2,2),(5.82065900726,6.512812573211),.PIECEWISE_BEZIER_KNOTS.);
#2001 = CARTESIAN_POINT('',(4.025231671634,-10.93252075185));
#2002 = CARTESIAN_POINT('',(4.239130479018,-11.59079414418));
#2003 = ( GEOMETRIC_REPRESENTATION_CONTEXT(2) 
PARAMETRIC_REPRESENTATION_CONTEXT() REPRESENTATION_CONTEXT('2D SPACE',''
  ) );
#2004 = PCURVE('',#2005,#2010);
#2005 = PLANE('',#2006);
#2006 = AXIS2_PLACEMENT_3D('',#2007,#2008,#2009);
#2007 = CARTESIAN_POINT('',(4.025231671634,-10.93252075185,0.9));
#2008 = DIRECTION('',(-0.951051074095,-0.309033743242,0.));
#2009 = DIRECTION('',(0.309033743242,-0.951051074095,0.));
#2010 = DEFINITIONAL_REPRESENTATION('',(#2011),#2014);
#2011 = B_SPLINE_CURVE_WITH_KNOTS('',1,(#2012,#2013),.UNSPECIFIED.,.F.,
  .F.,(2,2),(5.82065900726,6.512812573211),.PIECEWISE_BEZIER_KNOTS.);
#2012 = CARTESIAN_POINT('',(0.,0.3));
#2013 = CARTESIAN_POINT('',(0.692153565952,0.3));
#2014 = ( GEOMETRIC_REPRESENTATION_CONTEXT(2) 
PARAMETRIC_REPRESENTATION_CONTEXT() REPRESENTATION_CONTEXT('2D SPACE',''
  ) );
#2015 = ORIENTED_EDGE('',*,*,#2016,.F.);
#2016 = EDGE_CURVE('',#2017,#1991,#2019,.T.);
#2017 = VERTEX_POINT('',#2018);
#2018 = CARTESIAN_POINT('',(3.81131161485,-10.2741896624,1.2));
#2019 = SURFACE_CURVE('',#2020,(#2024,#2030),.PCURVE_S1.);
#2020 = LINE('',#2021,#2022);
#2021 = CARTESIAN_POINT('',(2.119472338839,-5.067616653313,1.2));
#2022 = VECTOR('',#2023,1.);
#2023 = DIRECTION('',(0.309037011681,-0.951050012045,0.));
#2024 = PCURVE('',#43,#2025);
#2025 = DEFINITIONAL_REPRESENTATION('',(#2026),#2029);
#2026 = B_SPLINE_CURVE_WITH_KNOTS('',1,(#2027,#2028),.UNSPECIFIED.,.F.,
  .F.,(2,2),(5.474552277109,6.16676728275),.PIECEWISE_BEZIER_KNOTS.);
#2027 = CARTESIAN_POINT('',(3.81131161485,-10.2741896624));
#2028 = CARTESIAN_POINT('',(4.025231671634,-10.93252075185));
#2029 = ( GEOMETRIC_REPRESENTATION_CONTEXT(2) 
PARAMETRIC_REPRESENTATION_CONTEXT() REPRESENTATION_CONTEXT('2D SPACE',''
  ) );
#2030 = PCURVE('',#2031,#2036);
#2031 = PLANE('',#2032);
#2032 = AXIS2_PLACEMENT_3D('',#2033,#2034,#2035);
#2033 = CARTESIAN_POINT('',(3.81131161485,-10.2741896624,0.9));
#2034 = DIRECTION('',(-0.951050012045,-0.309037011681,0.));
#2035 = DIRECTION('',(0.309037011681,-0.951050012045,0.));
#2036 = DEFINITIONAL_REPRESENTATION('',(#2037),#2040);
#2037 = B_SPLINE_CURVE_WITH_KNOTS('',1,(#2038,#2039),.UNSPECIFIED.,.F.,
  .F.,(2,2),(5.474552277109,6.16676728275),.PIECEWISE_BEZIER_KNOTS.);
#2038 = CARTESIAN_POINT('',(0.,0.3));
#2039 = CARTESIAN_POINT('',(0.692215005641,0.3));
#2040 = ( GEOMETRIC_REPRESENTATION_CONTEXT(2) 
PARAMETRIC_REPRESENTATION_CONTEXT() REPRESENTATION_CONTEXT('2D SPACE',''
  ) );
#2041 = ORIENTED_EDGE('',*,*,#2042,.F.);
#2042 = EDGE_CURVE('',#2043,#2017,#2045,.T.);
#2043 = VERTEX_POINT('',#2044);
#2044 = CARTESIAN_POINT('',(3.597365843647,-9.61578927761,1.2));
#2045 = SURFACE_CURVE('',#2046,(#2050,#2056),.PCURVE_S1.);
#2046 = LINE('',#2047,#2048);
#2047 = CARTESIAN_POINT('',(2.012476278247,-4.738422953225,1.2));
#2048 = VECTOR('',#2049,1.);
#2049 = DIRECTION('',(0.309041189159,-0.951048654593,0.));
#2050 = PCURVE('',#43,#2051);
#2051 = DEFINITIONAL_REPRESENTATION('',(#2052),#2055);
#2052 = B_SPLINE_CURVE_WITH_KNOTS('',1,(#2053,#2054),.UNSPECIFIED.,.F.,
  .F.,(2,2),(5.128408836741,5.820697692426),.PIECEWISE_BEZIER_KNOTS.);
#2053 = CARTESIAN_POINT('',(3.597365843647,-9.61578927761));
#2054 = CARTESIAN_POINT('',(3.81131161485,-10.2741896624));
#2055 = ( GEOMETRIC_REPRESENTATION_CONTEXT(2) 
PARAMETRIC_REPRESENTATION_CONTEXT() REPRESENTATION_CONTEXT('2D SPACE',''
  ) );
#2056 = PCURVE('',#2057,#2062);
#2057 = PLANE('',#2058);
#2058 = AXIS2_PLACEMENT_3D('',#2059,#2060,#2061);
#2059 = CARTESIAN_POINT('',(3.597365843647,-9.61578927761,0.9));
#2060 = DIRECTION('',(-0.951048654593,-0.309041189159,0.));
#2061 = DIRECTION('',(0.309041189159,-0.951048654593,0.));
#2062 = DEFINITIONAL_REPRESENTATION('',(#2063),#2066);
#2063 = B_SPLINE_CURVE_WITH_KNOTS('',1,(#2064,#2065),.UNSPECIFIED.,.F.,
  .F.,(2,2),(5.128408836741,5.820697692426),.PIECEWISE_BEZIER_KNOTS.);
#2064 = CARTESIAN_POINT('',(0.,0.3));
#2065 = CARTESIAN_POINT('',(0.692288855685,0.3));
#2066 = ( GEOMETRIC_REPRESENTATION_CONTEXT(2) 
PARAMETRIC_REPRESENTATION_CONTEXT() REPRESENTATION_CONTEXT('2D SPACE',''
  ) );
#2067 = ORIENTED_EDGE('',*,*,#2068,.F.);
#2068 = EDGE_CURVE('',#2069,#2043,#2071,.T.);
#2069 = VERTEX_POINT('',#2070);
#2070 = CARTESIAN_POINT('',(3.383388550324,-8.957304668121,1.2));
#2071 = SURFACE_CURVE('',#2072,(#2076,#2082),.PCURVE_S1.);
#2072 = LINE('',#2073,#2074);
#2073 = CARTESIAN_POINT('',(1.905459408859,-4.409188471039,1.2));
#2074 = VECTOR('',#2075,1.);
#2075 = DIRECTION('',(0.30904661509,-0.951046891431,0.));
#2076 = PCURVE('',#43,#2077);
#2077 = DEFINITIONAL_REPRESENTATION('',(#2078),#2081);
#2078 = B_SPLINE_CURVE_WITH_KNOTS('',1,(#2079,#2080),.UNSPECIFIED.,.F.,
  .F.,(2,2),(4.782220769616,5.474599468735),.PIECEWISE_BEZIER_KNOTS.);
#2079 = CARTESIAN_POINT('',(3.383388550324,-8.957304668121));
#2080 = CARTESIAN_POINT('',(3.597365843647,-9.61578927761));
#2081 = ( GEOMETRIC_REPRESENTATION_CONTEXT(2) 
PARAMETRIC_REPRESENTATION_CONTEXT() REPRESENTATION_CONTEXT('2D SPACE',''
  ) );
#2082 = PCURVE('',#2083,#2088);
#2083 = PLANE('',#2084);
#2084 = AXIS2_PLACEMENT_3D('',#2085,#2086,#2087);
#2085 = CARTESIAN_POINT('',(3.383388550324,-8.957304668121,0.9));
#2086 = DIRECTION('',(-0.951046891431,-0.30904661509,0.));
#2087 = DIRECTION('',(0.30904661509,-0.951046891431,0.));
#2088 = DEFINITIONAL_REPRESENTATION('',(#2089),#2092);
#2089 = B_SPLINE_CURVE_WITH_KNOTS('',1,(#2090,#2091),.UNSPECIFIED.,.F.,
  .F.,(2,2),(4.782220769616,5.474599468735),.PIECEWISE_BEZIER_KNOTS.);
#2090 = CARTESIAN_POINT('',(0.,0.3));
#2091 = CARTESIAN_POINT('',(0.692378699118,0.3));
#2092 = ( GEOMETRIC_REPRESENTATION_CONTEXT(2) 
PARAMETRIC_REPRESENTATION_CONTEXT() REPRESENTATION_CONTEXT('2D SPACE',''
  ) );
#2093 = ORIENTED_EDGE('',*,*,#2094,.F.);
#2094 = EDGE_CURVE('',#2095,#2069,#2097,.T.);
#2095 = VERTEX_POINT('',#2096);
#2096 = CARTESIAN_POINT('',(3.169372039844,-8.298716285316,1.2));
#2097 = SURFACE_CURVE('',#2098,(#2102,#2108),.PCURVE_S1.);
#2098 = LINE('',#2099,#2100);
#2099 = CARTESIAN_POINT('',(1.798416302514,-4.079903821175,1.2));
#2100 = VECTOR('',#2101,1.);
#2101 = DIRECTION('',(0.309053793106,-0.951044558875,0.));
#2102 = PCURVE('',#43,#2103);
#2103 = DEFINITIONAL_REPRESENTATION('',(#2104),#2107);
#2104 = B_SPLINE_CURVE_WITH_KNOTS('',1,(#2105,#2106),.UNSPECIFIED.,.F.,
  .F.,(2,2),(4.43597770974,5.128467222096),.PIECEWISE_BEZIER_KNOTS.);
#2105 = CARTESIAN_POINT('',(3.169372039844,-8.298716285316));
#2106 = CARTESIAN_POINT('',(3.383388550324,-8.957304668121));
#2107 = ( GEOMETRIC_REPRESENTATION_CONTEXT(2) 
PARAMETRIC_REPRESENTATION_CONTEXT() REPRESENTATION_CONTEXT('2D SPACE',''
  ) );
#2108 = PCURVE('',#2109,#2114);
#2109 = PLANE('',#2110);
#2110 = AXIS2_PLACEMENT_3D('',#2111,#2112,#2113);
#2111 = CARTESIAN_POINT('',(3.169372039844,-8.298716285316,0.9));
#2112 = DIRECTION('',(-0.951044558875,-0.309053793106,0.));
#2113 = DIRECTION('',(0.309053793106,-0.951044558875,0.));
#2114 = DEFINITIONAL_REPRESENTATION('',(#2115),#2118);
#2115 = B_SPLINE_CURVE_WITH_KNOTS('',1,(#2116,#2117),.UNSPECIFIED.,.F.,
  .F.,(2,2),(4.43597770974,5.128467222096),.PIECEWISE_BEZIER_KNOTS.);
#2116 = CARTESIAN_POINT('',(0.,0.3));
#2117 = CARTESIAN_POINT('',(0.692489512356,0.3));
#2118 = ( GEOMETRIC_REPRESENTATION_CONTEXT(2) 
PARAMETRIC_REPRESENTATION_CONTEXT() REPRESENTATION_CONTEXT('2D SPACE',''
  ) );
#2119 = ORIENTED_EDGE('',*,*,#2120,.F.);
#2120 = EDGE_CURVE('',#1471,#2095,#2121,.T.);
#2121 = SURFACE_CURVE('',#2122,(#2126,#2132),.PCURVE_S1.);
#2122 = LINE('',#2123,#2124);
#2123 = CARTESIAN_POINT('',(1.691339499879,-3.750556493079,1.2));
#2124 = VECTOR('',#2125,1.);
#2125 = DIRECTION('',(0.309063491782,-0.951041407115,0.));
#2126 = PCURVE('',#43,#2127);
#2127 = DEFINITIONAL_REPRESENTATION('',(#2128),#2131);
#2128 = B_SPLINE_CURVE_WITH_KNOTS('',1,(#2129,#2130),.UNSPECIFIED.,.F.,
  .F.,(2,2),(4.089665816264,4.782294186362),.PIECEWISE_BEZIER_KNOTS.);
#2129 = CARTESIAN_POINT('',(2.955305897274,-7.639998025609));
#2130 = CARTESIAN_POINT('',(3.169372039844,-8.298716285316));
#2131 = ( GEOMETRIC_REPRESENTATION_CONTEXT(2) 
PARAMETRIC_REPRESENTATION_CONTEXT() REPRESENTATION_CONTEXT('2D SPACE',''
  ) );
#2132 = PCURVE('',#2133,#2138);
#2133 = PLANE('',#2134);
#2134 = AXIS2_PLACEMENT_3D('',#2135,#2136,#2137);
#2135 = CARTESIAN_POINT('',(2.955305897274,-7.639998025609,0.9));
#2136 = DIRECTION('',(-0.951041407115,-0.309063491782,0.));
#2137 = DIRECTION('',(0.309063491782,-0.951041407115,0.));
#2138 = DEFINITIONAL_REPRESENTATION('',(#2139),#2142);
#2139 = B_SPLINE_CURVE_WITH_KNOTS('',1,(#2140,#2141),.UNSPECIFIED.,.F.,
  .F.,(2,2),(4.089665816264,4.782294186362),.PIECEWISE_BEZIER_KNOTS.);
#2140 = CARTESIAN_POINT('',(0.,0.3));
#2141 = CARTESIAN_POINT('',(0.692628370099,0.3));
#2142 = ( GEOMETRIC_REPRESENTATION_CONTEXT(2) 
PARAMETRIC_REPRESENTATION_CONTEXT() REPRESENTATION_CONTEXT('2D SPACE',''
  ) );
#2143 = FACE_BOUND('',#2144,.T.);
#2144 = EDGE_LOOP('',(#2145,#2173,#2199,#2225,#2251,#2277,#2303,#2329,
    #2355,#2381,#2407,#2433,#2459,#2485,#2511,#2537,#2563,#2589,#2615,
    #2641,#2667,#2693,#2719,#2745,#2771,#2797));
#2145 = ORIENTED_EDGE('',*,*,#2146,.F.);
#2146 = EDGE_CURVE('',#2147,#2149,#2151,.T.);
#2147 = VERTEX_POINT('',#2148);
#2148 = CARTESIAN_POINT('',(6.87469712099,-2.998089307319,1.2));
#2149 = VERTEX_POINT('',#2150);
#2150 = CARTESIAN_POINT('',(7.492011252603,-3.312577571717,1.2));
#2151 = SURFACE_CURVE('',#2152,(#2156,#2162),.PCURVE_S1.);
#2152 = LINE('',#2153,#2154);
#2153 = CARTESIAN_POINT('',(3.539315448728,-1.298892189517,1.2));
#2154 = VECTOR('',#2155,1.);
#2155 = DIRECTION('',(0.891035129715,-0.453934353859,0.));
#2156 = PCURVE('',#43,#2157);
#2157 = DEFINITIONAL_REPRESENTATION('',(#2158),#2161);
#2158 = B_SPLINE_CURVE_WITH_KNOTS('',1,(#2159,#2160),.UNSPECIFIED.,.F.,
  .F.,(2,2),(3.743266186741,4.436071791175),.PIECEWISE_BEZIER_KNOTS.);
#2159 = CARTESIAN_POINT('',(6.87469712099,-2.998089307319));
#2160 = CARTESIAN_POINT('',(7.492011252603,-3.312577571717));
#2161 = ( GEOMETRIC_REPRESENTATION_CONTEXT(2) 
PARAMETRIC_REPRESENTATION_CONTEXT() REPRESENTATION_CONTEXT('2D SPACE',''
  ) );
#2162 = PCURVE('',#2163,#2168);
#2163 = PLANE('',#2164);
#2164 = AXIS2_PLACEMENT_3D('',#2165,#2166,#2167);
#2165 = CARTESIAN_POINT('',(6.87469712099,-2.998089307319,0.9));
#2166 = DIRECTION('',(-0.453934353859,-0.891035129715,0.));
#2167 = DIRECTION('',(0.891035129715,-0.453934353859,0.));
#2168 = DEFINITIONAL_REPRESENTATION('',(#2169),#2172);
#2169 = B_SPLINE_CURVE_WITH_KNOTS('',1,(#2170,#2171),.UNSPECIFIED.,.F.,
  .F.,(2,2),(3.743266186741,4.436071791175),.PIECEWISE_BEZIER_KNOTS.);
#2170 = CARTESIAN_POINT('',(0.,0.3));
#2171 = CARTESIAN_POINT('',(0.692805604433,0.3));
#2172 = ( GEOMETRIC_REPRESENTATION_CONTEXT(2) 
PARAMETRIC_REPRESENTATION_CONTEXT() REPRESENTATION_CONTEXT('2D SPACE',''
  ) );
#2173 = ORIENTED_EDGE('',*,*,#2174,.F.);
#2174 = EDGE_CURVE('',#2175,#2147,#2177,.T.);
#2175 = VERTEX_POINT('',#2176);
#2176 = CARTESIAN_POINT('',(6.981114232663,-2.741175673048,1.2));
#2177 = SURFACE_CURVE('',#2178,(#2182,#2188),.PCURVE_S1.);
#2178 = LINE('',#2179,#2180);
#2179 = CARTESIAN_POINT('',(6.954509954745,-2.805404081615,1.2));
#2180 = VECTOR('',#2181,1.);
#2181 = DIRECTION('',(-0.382683432365,-0.923879532511,0.));
#2182 = PCURVE('',#43,#2183);
#2183 = DEFINITIONAL_REPRESENTATION('',(#2184),#2187);
#2184 = B_SPLINE_CURVE_WITH_KNOTS('',1,(#2185,#2186),.UNSPECIFIED.,.F.,
  .F.,(2,2),(-6.952032847094E-02,0.208560985413),
  .PIECEWISE_BEZIER_KNOTS.);
#2185 = CARTESIAN_POINT('',(6.981114232663,-2.741175673048));
#2186 = CARTESIAN_POINT('',(6.87469712099,-2.998089307319));
#2187 = ( GEOMETRIC_REPRESENTATION_CONTEXT(2) 
PARAMETRIC_REPRESENTATION_CONTEXT() REPRESENTATION_CONTEXT('2D SPACE',''
  ) );
#2188 = PCURVE('',#2189,#2194);
#2189 = PLANE('',#2190);
#2190 = AXIS2_PLACEMENT_3D('',#2191,#2192,#2193);
#2191 = CARTESIAN_POINT('',(6.981114232663,-2.741175673048,0.9));
#2192 = DIRECTION('',(-0.923879532511,0.382683432365,0.));
#2193 = DIRECTION('',(-0.382683432365,-0.923879532511,0.));
#2194 = DEFINITIONAL_REPRESENTATION('',(#2195),#2198);
#2195 = B_SPLINE_CURVE_WITH_KNOTS('',1,(#2196,#2197),.UNSPECIFIED.,.F.,
  .F.,(2,2),(-6.952032847094E-02,0.208560985413),
  .PIECEWISE_BEZIER_KNOTS.);
#2196 = CARTESIAN_POINT('',(0.,0.3));
#2197 = CARTESIAN_POINT('',(0.278081313884,0.3));
#2198 = ( GEOMETRIC_REPRESENTATION_CONTEXT(2) 
PARAMETRIC_REPRESENTATION_CONTEXT() REPRESENTATION_CONTEXT('2D SPACE',''
  ) );
#2199 = ORIENTED_EDGE('',*,*,#2200,.F.);
#2200 = EDGE_CURVE('',#2201,#2175,#2203,.T.);
#2201 = VERTEX_POINT('',#2202);
#2202 = CARTESIAN_POINT('',(7.639998025609,-2.955305897274,1.2));
#2203 = SURFACE_CURVE('',#2204,(#2208,#2214),.PCURVE_S1.);
#2204 = LINE('',#2205,#2206);
#2205 = CARTESIAN_POINT('',(3.750571326265,-1.69128359143,1.2));
#2206 = VECTOR('',#2207,1.);
#2207 = DIRECTION('',(-0.951037042324,0.30907692267,0.));
#2208 = PCURVE('',#43,#2209);
#2209 = DEFINITIONAL_REPRESENTATION('',(#2210),#2213);
#2210 = B_SPLINE_CURVE_WITH_KNOTS('',1,(#2211,#2212),.UNSPECIFIED.,.F.,
  .F.,(2,2),(-4.089668988958,-3.396863384525),.PIECEWISE_BEZIER_KNOTS.);
#2211 = CARTESIAN_POINT('',(7.639998025609,-2.955305897274));
#2212 = CARTESIAN_POINT('',(6.981114232663,-2.741175673048));
#2213 = ( GEOMETRIC_REPRESENTATION_CONTEXT(2) 
PARAMETRIC_REPRESENTATION_CONTEXT() REPRESENTATION_CONTEXT('2D SPACE',''
  ) );
#2214 = PCURVE('',#2215,#2220);
#2215 = PLANE('',#2216);
#2216 = AXIS2_PLACEMENT_3D('',#2217,#2218,#2219);
#2217 = CARTESIAN_POINT('',(7.639998025609,-2.955305897274,0.9));
#2218 = DIRECTION('',(0.30907692267,0.951037042324,-0.));
#2219 = DIRECTION('',(-0.951037042324,0.30907692267,0.));
#2220 = DEFINITIONAL_REPRESENTATION('',(#2221),#2224);
#2221 = B_SPLINE_CURVE_WITH_KNOTS('',1,(#2222,#2223),.UNSPECIFIED.,.F.,
  .F.,(2,2),(-4.089668988958,-3.396863384525),.PIECEWISE_BEZIER_KNOTS.);
#2222 = CARTESIAN_POINT('',(0.,0.3));
#2223 = CARTESIAN_POINT('',(0.692805604433,0.3));
#2224 = ( GEOMETRIC_REPRESENTATION_CONTEXT(2) 
PARAMETRIC_REPRESENTATION_CONTEXT() REPRESENTATION_CONTEXT('2D SPACE',''
  ) );
#2225 = ORIENTED_EDGE('',*,*,#2226,.F.);
#2226 = EDGE_CURVE('',#2227,#2201,#2229,.T.);
#2227 = VERTEX_POINT('',#2228);
#2228 = CARTESIAN_POINT('',(8.298716285316,-3.169372039844,1.2));
#2229 = SURFACE_CURVE('',#2230,(#2234,#2240),.PCURVE_S1.);
#2230 = LINE('',#2231,#2232);
#2231 = CARTESIAN_POINT('',(4.079915622932,-1.798372571164,1.2));
#2232 = VECTOR('',#2233,1.);
#2233 = DIRECTION('',(-0.951041407115,0.309063491782,0.));
#2234 = PCURVE('',#43,#2235);
#2235 = DEFINITIONAL_REPRESENTATION('',(#2236),#2239);
#2236 = B_SPLINE_CURVE_WITH_KNOTS('',1,(#2237,#2238),.UNSPECIFIED.,.F.,
  .F.,(2,2),(-4.435980001313,-3.743351631214),.PIECEWISE_BEZIER_KNOTS.);
#2237 = CARTESIAN_POINT('',(8.298716285316,-3.169372039844));
#2238 = CARTESIAN_POINT('',(7.639998025609,-2.955305897274));
#2239 = ( GEOMETRIC_REPRESENTATION_CONTEXT(2) 
PARAMETRIC_REPRESENTATION_CONTEXT() REPRESENTATION_CONTEXT('2D SPACE',''
  ) );
#2240 = PCURVE('',#2241,#2246);
#2241 = PLANE('',#2242);
#2242 = AXIS2_PLACEMENT_3D('',#2243,#2244,#2245);
#2243 = CARTESIAN_POINT('',(8.298716285316,-3.169372039844,0.9));
#2244 = DIRECTION('',(0.309063491782,0.951041407115,-0.));
#2245 = DIRECTION('',(-0.951041407115,0.309063491782,0.));
#2246 = DEFINITIONAL_REPRESENTATION('',(#2247),#2250);
#2247 = B_SPLINE_CURVE_WITH_KNOTS('',1,(#2248,#2249),.UNSPECIFIED.,.F.,
  .F.,(2,2),(-4.435980001313,-3.743351631214),.PIECEWISE_BEZIER_KNOTS.);
#2248 = CARTESIAN_POINT('',(0.,0.3));
#2249 = CARTESIAN_POINT('',(0.692628370099,0.3));
#2250 = ( GEOMETRIC_REPRESENTATION_CONTEXT(2) 
PARAMETRIC_REPRESENTATION_CONTEXT() REPRESENTATION_CONTEXT('2D SPACE',''
  ) );
#2251 = ORIENTED_EDGE('',*,*,#2252,.F.);
#2252 = EDGE_CURVE('',#2253,#2227,#2255,.T.);
#2253 = VERTEX_POINT('',#2254);
#2254 = CARTESIAN_POINT('',(8.957304668121,-3.383388550324,1.2));
#2255 = SURFACE_CURVE('',#2256,(#2260,#2266),.PCURVE_S1.);
#2256 = LINE('',#2257,#2258);
#2257 = CARTESIAN_POINT('',(4.409198012577,-1.905424557754,1.2));
#2258 = VECTOR('',#2259,1.);
#2259 = DIRECTION('',(-0.951044558875,0.309053793106,0.));
#2260 = PCURVE('',#43,#2261);
#2261 = DEFINITIONAL_REPRESENTATION('',(#2262),#2265);
#2262 = B_SPLINE_CURVE_WITH_KNOTS('',1,(#2263,#2264),.UNSPECIFIED.,.F.,
  .F.,(2,2),(-4.782222465918,-4.089732953562),.PIECEWISE_BEZIER_KNOTS.);
#2263 = CARTESIAN_POINT('',(8.957304668121,-3.383388550324));
#2264 = CARTESIAN_POINT('',(8.298716285316,-3.169372039844));
#2265 = ( GEOMETRIC_REPRESENTATION_CONTEXT(2) 
PARAMETRIC_REPRESENTATION_CONTEXT() REPRESENTATION_CONTEXT('2D SPACE',''
  ) );
#2266 = PCURVE('',#2267,#2272);
#2267 = PLANE('',#2268);
#2268 = AXIS2_PLACEMENT_3D('',#2269,#2270,#2271);
#2269 = CARTESIAN_POINT('',(8.957304668121,-3.383388550324,0.9));
#2270 = DIRECTION('',(0.309053793106,0.951044558875,-0.));
#2271 = DIRECTION('',(-0.951044558875,0.309053793106,0.));
#2272 = DEFINITIONAL_REPRESENTATION('',(#2273),#2276);
#2273 = B_SPLINE_CURVE_WITH_KNOTS('',1,(#2274,#2275),.UNSPECIFIED.,.F.,
  .F.,(2,2),(-4.782222465918,-4.089732953562),.PIECEWISE_BEZIER_KNOTS.);
#2274 = CARTESIAN_POINT('',(0.,0.3));
#2275 = CARTESIAN_POINT('',(0.692489512356,0.3));
#2276 = ( GEOMETRIC_REPRESENTATION_CONTEXT(2) 
PARAMETRIC_REPRESENTATION_CONTEXT() REPRESENTATION_CONTEXT('2D SPACE',''
  ) );
#2277 = ORIENTED_EDGE('',*,*,#2278,.F.);
#2278 = EDGE_CURVE('',#2279,#2253,#2281,.T.);
#2279 = VERTEX_POINT('',#2280);
#2280 = CARTESIAN_POINT('',(9.61578927761,-3.597365843647,1.2));
#2281 = SURFACE_CURVE('',#2282,(#2286,#2292),.PCURVE_S1.);
#2282 = LINE('',#2283,#2284);
#2283 = CARTESIAN_POINT('',(4.738430775784,-2.01244805552,1.2));
#2284 = VECTOR('',#2285,1.);
#2285 = DIRECTION('',(-0.951046891431,0.30904661509,0.));
#2286 = PCURVE('',#43,#2287);
#2287 = DEFINITIONAL_REPRESENTATION('',(#2288),#2291);
#2288 = B_SPLINE_CURVE_WITH_KNOTS('',1,(#2289,#2290),.UNSPECIFIED.,.F.,
  .F.,(2,2),(-5.128410119175,-4.436031420057),.PIECEWISE_BEZIER_KNOTS.);
#2289 = CARTESIAN_POINT('',(9.61578927761,-3.597365843647));
#2290 = CARTESIAN_POINT('',(8.957304668121,-3.383388550324));
#2291 = ( GEOMETRIC_REPRESENTATION_CONTEXT(2) 
PARAMETRIC_REPRESENTATION_CONTEXT() REPRESENTATION_CONTEXT('2D SPACE',''
  ) );
#2292 = PCURVE('',#2293,#2298);
#2293 = PLANE('',#2294);
#2294 = AXIS2_PLACEMENT_3D('',#2295,#2296,#2297);
#2295 = CARTESIAN_POINT('',(9.61578927761,-3.597365843647,0.9));
#2296 = DIRECTION('',(0.30904661509,0.951046891431,-0.));
#2297 = DIRECTION('',(-0.951046891431,0.30904661509,0.));
#2298 = DEFINITIONAL_REPRESENTATION('',(#2299),#2302);
#2299 = B_SPLINE_CURVE_WITH_KNOTS('',1,(#2300,#2301),.UNSPECIFIED.,.F.,
  .F.,(2,2),(-5.128410119175,-4.436031420057),.PIECEWISE_BEZIER_KNOTS.);
#2300 = CARTESIAN_POINT('',(0.,0.3));
#2301 = CARTESIAN_POINT('',(0.692378699118,0.3));
#2302 = ( GEOMETRIC_REPRESENTATION_CONTEXT(2) 
PARAMETRIC_REPRESENTATION_CONTEXT() REPRESENTATION_CONTEXT('2D SPACE',''
  ) );
#2303 = ORIENTED_EDGE('',*,*,#2304,.F.);
#2304 = EDGE_CURVE('',#2305,#2279,#2307,.T.);
#2305 = VERTEX_POINT('',#2306);
#2306 = CARTESIAN_POINT('',(10.2741896624,-3.81131161485,1.2));
#2307 = SURFACE_CURVE('',#2308,(#2312,#2318),.PCURVE_S1.);
#2308 = LINE('',#2309,#2310);
#2309 = CARTESIAN_POINT('',(5.06762314562,-2.119449163848,1.2));
#2310 = VECTOR('',#2311,1.);
#2311 = DIRECTION('',(-0.951048654593,0.309041189159,0.));
#2312 = PCURVE('',#43,#2313);
#2313 = DEFINITIONAL_REPRESENTATION('',(#2314),#2317);
#2314 = B_SPLINE_CURVE_WITH_KNOTS('',1,(#2315,#2316),.UNSPECIFIED.,.F.,
  .F.,(2,2),(-5.474553264584,-4.782264408898),.PIECEWISE_BEZIER_KNOTS.);
#2315 = CARTESIAN_POINT('',(10.2741896624,-3.81131161485));
#2316 = CARTESIAN_POINT('',(9.61578927761,-3.597365843647));
#2317 = ( GEOMETRIC_REPRESENTATION_CONTEXT(2) 
PARAMETRIC_REPRESENTATION_CONTEXT() REPRESENTATION_CONTEXT('2D SPACE',''
  ) );
#2318 = PCURVE('',#2319,#2324);
#2319 = PLANE('',#2320);
#2320 = AXIS2_PLACEMENT_3D('',#2321,#2322,#2323);
#2321 = CARTESIAN_POINT('',(10.2741896624,-3.81131161485,0.9));
#2322 = DIRECTION('',(0.309041189159,0.951048654593,-0.));
#2323 = DIRECTION('',(-0.951048654593,0.309041189159,0.));
#2324 = DEFINITIONAL_REPRESENTATION('',(#2325),#2328);
#2325 = B_SPLINE_CURVE_WITH_KNOTS('',1,(#2326,#2327),.UNSPECIFIED.,.F.,
  .F.,(2,2),(-5.474553264584,-4.782264408898),.PIECEWISE_BEZIER_KNOTS.);
#2326 = CARTESIAN_POINT('',(0.,0.3));
#2327 = CARTESIAN_POINT('',(0.692288855685,0.3));
#2328 = ( GEOMETRIC_REPRESENTATION_CONTEXT(2) 
PARAMETRIC_REPRESENTATION_CONTEXT() REPRESENTATION_CONTEXT('2D SPACE',''
  ) );
#2329 = ORIENTED_EDGE('',*,*,#2330,.F.);
#2330 = EDGE_CURVE('',#2331,#2305,#2333,.T.);
#2331 = VERTEX_POINT('',#2332);
#2332 = CARTESIAN_POINT('',(10.932520751852,-4.025231671634,1.2));
#2333 = SURFACE_CURVE('',#2334,(#2338,#2344),.PCURVE_S1.);
#2334 = LINE('',#2335,#2336);
#2335 = CARTESIAN_POINT('',(5.396782198039,-2.226432367231,1.2));
#2336 = VECTOR('',#2337,1.);
#2337 = DIRECTION('',(-0.951050012045,0.309037011681,0.));
#2338 = PCURVE('',#43,#2339);
#2339 = DEFINITIONAL_REPRESENTATION('',(#2340),#2343);
#2340 = B_SPLINE_CURVE_WITH_KNOTS('',1,(#2341,#2342),.UNSPECIFIED.,.F.,
  .F.,(2,2),(-5.82065977993,-5.128444774289),.PIECEWISE_BEZIER_KNOTS.);
#2341 = CARTESIAN_POINT('',(10.932520751852,-4.025231671634));
#2342 = CARTESIAN_POINT('',(10.2741896624,-3.81131161485));
#2343 = ( GEOMETRIC_REPRESENTATION_CONTEXT(2) 
PARAMETRIC_REPRESENTATION_CONTEXT() REPRESENTATION_CONTEXT('2D SPACE',''
  ) );
#2344 = PCURVE('',#2345,#2350);
#2345 = PLANE('',#2346);
#2346 = AXIS2_PLACEMENT_3D('',#2347,#2348,#2349);
#2347 = CARTESIAN_POINT('',(10.932520751852,-4.025231671634,0.9));
#2348 = DIRECTION('',(0.309037011681,0.951050012045,-0.));
#2349 = DIRECTION('',(-0.951050012045,0.309037011681,0.));
#2350 = DEFINITIONAL_REPRESENTATION('',(#2351),#2354);
#2351 = B_SPLINE_CURVE_WITH_KNOTS('',1,(#2352,#2353),.UNSPECIFIED.,.F.,
  .F.,(2,2),(-5.82065977993,-5.128444774289),.PIECEWISE_BEZIER_KNOTS.);
#2352 = CARTESIAN_POINT('',(0.,0.3));
#2353 = CARTESIAN_POINT('',(0.692215005641,0.3));
#2354 = ( GEOMETRIC_REPRESENTATION_CONTEXT(2) 
PARAMETRIC_REPRESENTATION_CONTEXT() REPRESENTATION_CONTEXT('2D SPACE',''
  ) );
#2355 = ORIENTED_EDGE('',*,*,#2356,.F.);
#2356 = EDGE_CURVE('',#2357,#2331,#2359,.T.);
#2357 = VERTEX_POINT('',#2358);
#2358 = CARTESIAN_POINT('',(11.590794144189,-4.239130479018,1.2));
#2359 = SURFACE_CURVE('',#2360,(#2364,#2370),.PCURVE_S1.);
#2360 = LINE('',#2361,#2362);
#2361 = CARTESIAN_POINT('',(5.725913447224,-2.333401034177,1.2));
#2362 = VECTOR('',#2363,1.);
#2363 = DIRECTION('',(-0.951051074095,0.309033743242,0.));
#2364 = PCURVE('',#43,#2365);
#2365 = DEFINITIONAL_REPRESENTATION('',(#2366),#2369);
#2366 = B_SPLINE_CURVE_WITH_KNOTS('',1,(#2367,#2368),.UNSPECIFIED.,.F.,
  .F.,(2,2),(-6.166735790235,-5.474582224284),.PIECEWISE_BEZIER_KNOTS.);
#2367 = CARTESIAN_POINT('',(11.590794144189,-4.239130479018));
#2368 = CARTESIAN_POINT('',(10.932520751852,-4.025231671634));
#2369 = ( GEOMETRIC_REPRESENTATION_CONTEXT(2) 
PARAMETRIC_REPRESENTATION_CONTEXT() REPRESENTATION_CONTEXT('2D SPACE',''
  ) );
#2370 = PCURVE('',#2371,#2376);
#2371 = PLANE('',#2372);
#2372 = AXIS2_PLACEMENT_3D('',#2373,#2374,#2375);
#2373 = CARTESIAN_POINT('',(11.590794144189,-4.239130479018,0.9));
#2374 = DIRECTION('',(0.309033743242,0.951051074095,-0.));
#2375 = DIRECTION('',(-0.951051074095,0.309033743242,0.));
#2376 = DEFINITIONAL_REPRESENTATION('',(#2377),#2380);
#2377 = B_SPLINE_CURVE_WITH_KNOTS('',1,(#2378,#2379),.UNSPECIFIED.,.F.,
  .F.,(2,2),(-6.166735790235,-5.474582224284),.PIECEWISE_BEZIER_KNOTS.);
#2378 = CARTESIAN_POINT('',(0.,0.3));
#2379 = CARTESIAN_POINT('',(0.692153565952,0.3));
#2380 = ( GEOMETRIC_REPRESENTATION_CONTEXT(2) 
PARAMETRIC_REPRESENTATION_CONTEXT() REPRESENTATION_CONTEXT('2D SPACE',''
  ) );
#2381 = ORIENTED_EDGE('',*,*,#2382,.F.);
#2382 = EDGE_CURVE('',#2383,#2357,#2385,.T.);
#2383 = VERTEX_POINT('',#2384);
#2384 = CARTESIAN_POINT('',(12.24901898638,-4.453011525819,1.2));
#2385 = SURFACE_CURVE('',#2386,(#2390,#2396),.PCURVE_S1.);
#2386 = LINE('',#2387,#2388);
#2387 = CARTESIAN_POINT('',(6.055021254015,-2.440357742547,1.2));
#2388 = VECTOR('',#2389,1.);
#2389 = DIRECTION('',(-0.951051916928,0.309031149413,0.));
#2390 = PCURVE('',#43,#2391);
#2391 = DEFINITIONAL_REPRESENTATION('',(#2392),#2395);
#2392 = B_SPLINE_CURVE_WITH_KNOTS('',1,(#2393,#2394),.UNSPECIFIED.,.F.,
  .F.,(2,2),(-6.512786128829,-5.820684225163),.PIECEWISE_BEZIER_KNOTS.);
#2393 = CARTESIAN_POINT('',(12.24901898638,-4.453011525819));
#2394 = CARTESIAN_POINT('',(11.590794144189,-4.239130479018));
#2395 = ( GEOMETRIC_REPRESENTATION_CONTEXT(2) 
PARAMETRIC_REPRESENTATION_CONTEXT() REPRESENTATION_CONTEXT('2D SPACE',''
  ) );
#2396 = PCURVE('',#2397,#2402);
#2397 = PLANE('',#2398);
#2398 = AXIS2_PLACEMENT_3D('',#2399,#2400,#2401);
#2399 = CARTESIAN_POINT('',(12.24901898638,-4.453011525819,0.9));
#2400 = DIRECTION('',(0.309031149413,0.951051916928,-0.));
#2401 = DIRECTION('',(-0.951051916928,0.309031149413,0.));
#2402 = DEFINITIONAL_REPRESENTATION('',(#2403),#2406);
#2403 = B_SPLINE_CURVE_WITH_KNOTS('',1,(#2404,#2405),.UNSPECIFIED.,.F.,
  .F.,(2,2),(-6.512786128829,-5.820684225163),.PIECEWISE_BEZIER_KNOTS.);
#2404 = CARTESIAN_POINT('',(0.,0.3));
#2405 = CARTESIAN_POINT('',(0.692101903666,0.3));
#2406 = ( GEOMETRIC_REPRESENTATION_CONTEXT(2) 
PARAMETRIC_REPRESENTATION_CONTEXT() REPRESENTATION_CONTEXT('2D SPACE',''
  ) );
#2407 = ORIENTED_EDGE('',*,*,#2408,.F.);
#2408 = EDGE_CURVE('',#2409,#2383,#2411,.T.);
#2409 = VERTEX_POINT('',#2410);
#2410 = CARTESIAN_POINT('',(12.907202589159,-4.666877577397,1.2));
#2411 = SURFACE_CURVE('',#2412,(#2416,#2422),.PCURVE_S1.);
#2412 = LINE('',#2413,#2414);
#2413 = CARTESIAN_POINT('',(6.384109112512,-2.547304497728,1.2));
#2414 = VECTOR('',#2415,1.);
#2415 = DIRECTION('',(-0.951052594313,0.309029064733,0.));
#2416 = PCURVE('',#43,#2417);
#2417 = DEFINITIONAL_REPRESENTATION('',(#2418),#2421);
#2418 = B_SPLINE_CURVE_WITH_KNOTS('',1,(#2419,#2420),.UNSPECIFIED.,.F.,
  .F.,(2,2),(-6.858814660357,-6.166756611503),.PIECEWISE_BEZIER_KNOTS.);
#2419 = CARTESIAN_POINT('',(12.907202589159,-4.666877577397));
#2420 = CARTESIAN_POINT('',(12.24901898638,-4.453011525819));
#2421 = ( GEOMETRIC_REPRESENTATION_CONTEXT(2) 
PARAMETRIC_REPRESENTATION_CONTEXT() REPRESENTATION_CONTEXT('2D SPACE',''
  ) );
#2422 = PCURVE('',#2423,#2428);
#2423 = PLANE('',#2424);
#2424 = AXIS2_PLACEMENT_3D('',#2425,#2426,#2427);
#2425 = CARTESIAN_POINT('',(12.907202589159,-4.666877577397,0.9));
#2426 = DIRECTION('',(0.309029064733,0.951052594313,-0.));
#2427 = DIRECTION('',(-0.951052594313,0.309029064733,0.));
#2428 = DEFINITIONAL_REPRESENTATION('',(#2429),#2432);
#2429 = B_SPLINE_CURVE_WITH_KNOTS('',1,(#2430,#2431),.UNSPECIFIED.,.F.,
  .F.,(2,2),(-6.858814660357,-6.166756611503),.PIECEWISE_BEZIER_KNOTS.);
#2430 = CARTESIAN_POINT('',(0.,0.3));
#2431 = CARTESIAN_POINT('',(0.692058048855,0.3));
#2432 = ( GEOMETRIC_REPRESENTATION_CONTEXT(2) 
PARAMETRIC_REPRESENTATION_CONTEXT() REPRESENTATION_CONTEXT('2D SPACE',''
  ) );
#2433 = ORIENTED_EDGE('',*,*,#2434,.F.);
#2434 = EDGE_CURVE('',#2435,#2409,#2437,.T.);
#2435 = VERTEX_POINT('',#2436);
#2436 = CARTESIAN_POINT('',(13.565350865736,-4.880730853802,1.2));
#2437 = SURFACE_CURVE('',#2438,(#2442,#2448),.PCURVE_S1.);
#2438 = LINE('',#2439,#2440);
#2439 = CARTESIAN_POINT('',(6.713179855241,-2.654242882574,1.2));
#2440 = VECTOR('',#2441,1.);
#2441 = DIRECTION('',(-0.951053144938,0.309027370152,0.));
#2442 = PCURVE('',#43,#2443);
#2443 = DEFINITIONAL_REPRESENTATION('',(#2444),#2447);
#2444 = B_SPLINE_CURVE_WITH_KNOTS('',1,(#2445,#2446),.UNSPECIFIED.,.F.,
  .F.,(2,2),(-7.20482451161,-6.512804007729),.PIECEWISE_BEZIER_KNOTS.);
#2445 = CARTESIAN_POINT('',(13.565350865736,-4.880730853802));
#2446 = CARTESIAN_POINT('',(12.907202589159,-4.666877577397));
#2447 = ( GEOMETRIC_REPRESENTATION_CONTEXT(2) 
PARAMETRIC_REPRESENTATION_CONTEXT() REPRESENTATION_CONTEXT('2D SPACE',''
  ) );
#2448 = PCURVE('',#2449,#2454);
#2449 = PLANE('',#2450);
#2450 = AXIS2_PLACEMENT_3D('',#2451,#2452,#2453);
#2451 = CARTESIAN_POINT('',(13.565350865736,-4.880730853802,0.9));
#2452 = DIRECTION('',(0.309027370152,0.951053144938,-0.));
#2453 = DIRECTION('',(-0.951053144938,0.309027370152,0.));
#2454 = DEFINITIONAL_REPRESENTATION('',(#2455),#2458);
#2455 = B_SPLINE_CURVE_WITH_KNOTS('',1,(#2456,#2457),.UNSPECIFIED.,.F.,
  .F.,(2,2),(-7.20482451161,-6.512804007729),.PIECEWISE_BEZIER_KNOTS.);
#2456 = CARTESIAN_POINT('',(0.,0.3));
#2457 = CARTESIAN_POINT('',(0.69202050388,0.3));
#2458 = ( GEOMETRIC_REPRESENTATION_CONTEXT(2) 
PARAMETRIC_REPRESENTATION_CONTEXT() REPRESENTATION_CONTEXT('2D SPACE',''
  ) );
#2459 = ORIENTED_EDGE('',*,*,#2460,.F.);
#2460 = EDGE_CURVE('',#2461,#2435,#2463,.T.);
#2461 = VERTEX_POINT('',#2462);
#2462 = CARTESIAN_POINT('',(14.223468650479,-5.094573157778,1.2));
#2463 = SURFACE_CURVE('',#2464,(#2468,#2474),.PCURVE_S1.);
#2464 = LINE('',#2465,#2466);
#2465 = CARTESIAN_POINT('',(7.042235802671,-2.761174162707,1.2));
#2466 = VECTOR('',#2467,1.);
#2467 = DIRECTION('',(-0.951053597122,0.309025978521,0.));
#2468 = PCURVE('',#43,#2469);
#2469 = DEFINITIONAL_REPRESENTATION('',(#2470),#2473);
#2470 = B_SPLINE_CURVE_WITH_KNOTS('',1,(#2471,#2472),.UNSPECIFIED.,.F.,
  .F.,(2,2),(-7.550818239411,-6.858830125666),.PIECEWISE_BEZIER_KNOTS.);
#2471 = CARTESIAN_POINT('',(14.223468650479,-5.094573157778));
#2472 = CARTESIAN_POINT('',(13.565350865736,-4.880730853802));
#2473 = ( GEOMETRIC_REPRESENTATION_CONTEXT(2) 
PARAMETRIC_REPRESENTATION_CONTEXT() REPRESENTATION_CONTEXT('2D SPACE',''
  ) );
#2474 = PCURVE('',#2475,#2480);
#2475 = PLANE('',#2476);
#2476 = AXIS2_PLACEMENT_3D('',#2477,#2478,#2479);
#2477 = CARTESIAN_POINT('',(14.223468650479,-5.094573157778,0.9));
#2478 = DIRECTION('',(0.309025978521,0.951053597122,-0.));
#2479 = DIRECTION('',(-0.951053597122,0.309025978521,0.));
#2480 = DEFINITIONAL_REPRESENTATION('',(#2481),#2484);
#2481 = B_SPLINE_CURVE_WITH_KNOTS('',1,(#2482,#2483),.UNSPECIFIED.,.F.,
  .F.,(2,2),(-7.550818239411,-6.858830125666),.PIECEWISE_BEZIER_KNOTS.);
#2482 = CARTESIAN_POINT('',(0.,0.3));
#2483 = CARTESIAN_POINT('',(0.691988113745,0.3));
#2484 = ( GEOMETRIC_REPRESENTATION_CONTEXT(2) 
PARAMETRIC_REPRESENTATION_CONTEXT() REPRESENTATION_CONTEXT('2D SPACE',''
  ) );
#2485 = ORIENTED_EDGE('',*,*,#2486,.F.);
#2486 = EDGE_CURVE('',#2487,#2461,#2489,.T.);
#2487 = VERTEX_POINT('',#2488);
#2488 = CARTESIAN_POINT('',(14.8815599342,-5.308405968349,1.2));
#2489 = SURFACE_CURVE('',#2490,(#2494,#2500),.PCURVE_S1.);
#2490 = LINE('',#2491,#2492);
#2491 = CARTESIAN_POINT('',(7.37127887393,-2.86809936192,1.2));
#2492 = VECTOR('',#2493,1.);
#2493 = DIRECTION('',(-0.951053971918,0.309024825052,0.));
#2494 = PCURVE('',#43,#2495);
#2495 = DEFINITIONAL_REPRESENTATION('',(#2496),#2499);
#2496 = B_SPLINE_CURVE_WITH_KNOTS('',1,(#2497,#2498),.UNSPECIFIED.,.F.,
  .F.,(2,2),(-7.896797954718,-7.204837978573),.PIECEWISE_BEZIER_KNOTS.);
#2497 = CARTESIAN_POINT('',(14.8815599342,-5.308405968349));
#2498 = CARTESIAN_POINT('',(14.223468650479,-5.094573157778));
#2499 = ( GEOMETRIC_REPRESENTATION_CONTEXT(2) 
PARAMETRIC_REPRESENTATION_CONTEXT() REPRESENTATION_CONTEXT('2D SPACE',''
  ) );
#2500 = PCURVE('',#2501,#2506);
#2501 = PLANE('',#2502);
#2502 = AXIS2_PLACEMENT_3D('',#2503,#2504,#2505);
#2503 = CARTESIAN_POINT('',(14.8815599342,-5.308405968349,0.9));
#2504 = DIRECTION('',(0.309024825052,0.951053971918,-0.));
#2505 = DIRECTION('',(-0.951053971918,0.309024825052,0.));
#2506 = DEFINITIONAL_REPRESENTATION('',(#2507),#2510);
#2507 = B_SPLINE_CURVE_WITH_KNOTS('',1,(#2508,#2509),.UNSPECIFIED.,.F.,
  .F.,(2,2),(-7.896797954718,-7.204837978573),.PIECEWISE_BEZIER_KNOTS.);
#2508 = CARTESIAN_POINT('',(0.,0.3));
#2509 = CARTESIAN_POINT('',(0.691959976145,0.3));
#2510 = ( GEOMETRIC_REPRESENTATION_CONTEXT(2) 
PARAMETRIC_REPRESENTATION_CONTEXT() REPRESENTATION_CONTEXT('2D SPACE',''
  ) );
#2511 = ORIENTED_EDGE('',*,*,#2512,.F.);
#2512 = EDGE_CURVE('',#2513,#2487,#2515,.T.);
#2513 = VERTEX_POINT('',#2514);
#2514 = CARTESIAN_POINT('',(14.276461801618,-6.769242086596,1.2));
#2515 = SURFACE_CURVE('',#2516,(#2520,#2526),.PCURVE_S1.);
#2516 = LINE('',#2517,#2518);
#2517 = CARTESIAN_POINT('',(14.427736334763,-6.404033057034,1.2));
#2518 = VECTOR('',#2519,1.);
#2519 = DIRECTION('',(0.382683432365,0.923879532511,-0.));
#2520 = PCURVE('',#43,#2521);
#2521 = DEFINITIONAL_REPRESENTATION('',(#2522),#2525);
#2522 = B_SPLINE_CURVE_WITH_KNOTS('',1,(#2523,#2524),.UNSPECIFIED.,.F.,
  .F.,(2,2),(-0.395299405074,1.185898215222),.PIECEWISE_BEZIER_KNOTS.);
#2523 = CARTESIAN_POINT('',(14.276461801618,-6.769242086596));
#2524 = CARTESIAN_POINT('',(14.8815599342,-5.308405968349));
#2525 = ( GEOMETRIC_REPRESENTATION_CONTEXT(2) 
PARAMETRIC_REPRESENTATION_CONTEXT() REPRESENTATION_CONTEXT('2D SPACE',''
  ) );
#2526 = PCURVE('',#2527,#2532);
#2527 = PLANE('',#2528);
#2528 = AXIS2_PLACEMENT_3D('',#2529,#2530,#2531);
#2529 = CARTESIAN_POINT('',(14.276461801618,-6.769242086596,0.9));
#2530 = DIRECTION('',(0.923879532511,-0.382683432365,0.));
#2531 = DIRECTION('',(0.382683432365,0.923879532511,0.));
#2532 = DEFINITIONAL_REPRESENTATION('',(#2533),#2536);
#2533 = B_SPLINE_CURVE_WITH_KNOTS('',1,(#2534,#2535),.UNSPECIFIED.,.F.,
  .F.,(2,2),(-0.395299405074,1.185898215222),.PIECEWISE_BEZIER_KNOTS.);
#2534 = CARTESIAN_POINT('',(0.,0.3));
#2535 = CARTESIAN_POINT('',(1.581197620296,0.3));
#2536 = ( GEOMETRIC_REPRESENTATION_CONTEXT(2) 
PARAMETRIC_REPRESENTATION_CONTEXT() REPRESENTATION_CONTEXT('2D SPACE',''
  ) );
#2537 = ORIENTED_EDGE('',*,*,#2538,.F.);
#2538 = EDGE_CURVE('',#2539,#2513,#2541,.T.);
#2539 = VERTEX_POINT('',#2540);
#2540 = CARTESIAN_POINT('',(13.659918361864,-6.455103907632,1.2));
#2541 = SURFACE_CURVE('',#2542,(#2546,#2552),.PCURVE_S1.);
#2542 = LINE('',#2543,#2544);
#2543 = CARTESIAN_POINT('',(6.932062065826,-3.027159680361,1.2));
#2544 = VECTOR('',#2545,1.);
#2545 = DIRECTION('',(0.891010262167,-0.453983163468,0.));
#2546 = PCURVE('',#43,#2547);
#2547 = DEFINITIONAL_REPRESENTATION('',(#2548),#2551);
#2548 = B_SPLINE_CURVE_WITH_KNOTS('',1,(#2549,#2550),.UNSPECIFIED.,.F.,
  .F.,(2,2),(7.550817966645,8.24277794279),.PIECEWISE_BEZIER_KNOTS.);
#2549 = CARTESIAN_POINT('',(13.659918361864,-6.455103907632));
#2550 = CARTESIAN_POINT('',(14.276461801618,-6.769242086596));
#2551 = ( GEOMETRIC_REPRESENTATION_CONTEXT(2) 
PARAMETRIC_REPRESENTATION_CONTEXT() REPRESENTATION_CONTEXT('2D SPACE',''
  ) );
#2552 = PCURVE('',#2553,#2558);
#2553 = PLANE('',#2554);
#2554 = AXIS2_PLACEMENT_3D('',#2555,#2556,#2557);
#2555 = CARTESIAN_POINT('',(13.659918361864,-6.455103907632,0.9));
#2556 = DIRECTION('',(-0.453983163468,-0.891010262167,0.));
#2557 = DIRECTION('',(0.891010262167,-0.453983163468,0.));
#2558 = DEFINITIONAL_REPRESENTATION('',(#2559),#2562);
#2559 = B_SPLINE_CURVE_WITH_KNOTS('',1,(#2560,#2561),.UNSPECIFIED.,.F.,
  .F.,(2,2),(7.550817966645,8.24277794279),.PIECEWISE_BEZIER_KNOTS.);
#2560 = CARTESIAN_POINT('',(0.,0.3));
#2561 = CARTESIAN_POINT('',(0.691959976145,0.3));
#2562 = ( GEOMETRIC_REPRESENTATION_CONTEXT(2) 
PARAMETRIC_REPRESENTATION_CONTEXT() REPRESENTATION_CONTEXT('2D SPACE',''
  ) );
#2563 = ORIENTED_EDGE('',*,*,#2564,.F.);
#2564 = EDGE_CURVE('',#2565,#2539,#2567,.T.);
#2565 = VERTEX_POINT('',#2566);
#2566 = CARTESIAN_POINT('',(13.043349470207,-6.140953702466,1.2));
#2567 = SURFACE_CURVE('',#2568,(#2572,#2578),.PCURVE_S1.);
#2568 = LINE('',#2569,#2570);
#2569 = CARTESIAN_POINT('',(6.623773219443,-2.870092613713,1.2));
#2570 = VECTOR('',#2571,1.);
#2571 = DIRECTION('',(0.891010812772,-0.453982082822,0.));
#2572 = PCURVE('',#43,#2573);
#2573 = DEFINITIONAL_REPRESENTATION('',(#2574),#2577);
#2574 = B_SPLINE_CURVE_WITH_KNOTS('',1,(#2575,#2576),.UNSPECIFIED.,.F.,
  .F.,(2,2),(7.204824182539,7.896812296284),.PIECEWISE_BEZIER_KNOTS.);
#2575 = CARTESIAN_POINT('',(13.043349470207,-6.140953702466));
#2576 = CARTESIAN_POINT('',(13.659918361864,-6.455103907632));
#2577 = ( GEOMETRIC_REPRESENTATION_CONTEXT(2) 
PARAMETRIC_REPRESENTATION_CONTEXT() REPRESENTATION_CONTEXT('2D SPACE',''
  ) );
#2578 = PCURVE('',#2579,#2584);
#2579 = PLANE('',#2580);
#2580 = AXIS2_PLACEMENT_3D('',#2581,#2582,#2583);
#2581 = CARTESIAN_POINT('',(13.043349470207,-6.140953702466,0.9));
#2582 = DIRECTION('',(-0.453982082822,-0.891010812772,0.));
#2583 = DIRECTION('',(0.891010812772,-0.453982082822,0.));
#2584 = DEFINITIONAL_REPRESENTATION('',(#2585),#2588);
#2585 = B_SPLINE_CURVE_WITH_KNOTS('',1,(#2586,#2587),.UNSPECIFIED.,.F.,
  .F.,(2,2),(7.204824182539,7.896812296284),.PIECEWISE_BEZIER_KNOTS.);
#2586 = CARTESIAN_POINT('',(0.,0.3));
#2587 = CARTESIAN_POINT('',(0.691988113745,0.3));
#2588 = ( GEOMETRIC_REPRESENTATION_CONTEXT(2) 
PARAMETRIC_REPRESENTATION_CONTEXT() REPRESENTATION_CONTEXT('2D SPACE',''
  ) );
#2589 = ORIENTED_EDGE('',*,*,#2590,.F.);
#2590 = EDGE_CURVE('',#2591,#2565,#2593,.T.);
#2591 = VERTEX_POINT('',#2592);
#2592 = CARTESIAN_POINT('',(12.426751258888,-5.826789694998,1.2));
#2593 = SURFACE_CURVE('',#2594,(#2598,#2604),.PCURVE_S1.);
#2594 = LINE('',#2595,#2596);
#2595 = CARTESIAN_POINT('',(6.315469034491,-2.713019854047,1.2));
#2596 = VECTOR('',#2597,1.);
#2597 = DIRECTION('',(0.891011477061,-0.453980779048,0.));
#2598 = PCURVE('',#43,#2599);
#2599 = DEFINITIONAL_REPRESENTATION('',(#2600),#2603);
#2600 = B_SPLINE_CURVE_WITH_KNOTS('',1,(#2601,#2602),.UNSPECIFIED.,.F.,
  .F.,(2,2),(6.858814259669,7.55083476355),.PIECEWISE_BEZIER_KNOTS.);
#2601 = CARTESIAN_POINT('',(12.426751258888,-5.826789694998));
#2602 = CARTESIAN_POINT('',(13.043349470207,-6.140953702466));
#2603 = ( GEOMETRIC_REPRESENTATION_CONTEXT(2) 
PARAMETRIC_REPRESENTATION_CONTEXT() REPRESENTATION_CONTEXT('2D SPACE',''
  ) );
#2604 = PCURVE('',#2605,#2610);
#2605 = PLANE('',#2606);
#2606 = AXIS2_PLACEMENT_3D('',#2607,#2608,#2609);
#2607 = CARTESIAN_POINT('',(12.426751258888,-5.826789694998,0.9));
#2608 = DIRECTION('',(-0.453980779048,-0.891011477061,0.));
#2609 = DIRECTION('',(0.891011477061,-0.453980779048,0.));
#2610 = DEFINITIONAL_REPRESENTATION('',(#2611),#2614);
#2611 = B_SPLINE_CURVE_WITH_KNOTS('',1,(#2612,#2613),.UNSPECIFIED.,.F.,
  .F.,(2,2),(6.858814259669,7.55083476355),.PIECEWISE_BEZIER_KNOTS.);
#2612 = CARTESIAN_POINT('',(0.,0.3));
#2613 = CARTESIAN_POINT('',(0.69202050388,0.3));
#2614 = ( GEOMETRIC_REPRESENTATION_CONTEXT(2) 
PARAMETRIC_REPRESENTATION_CONTEXT() REPRESENTATION_CONTEXT('2D SPACE',''
  ) );
#2615 = ORIENTED_EDGE('',*,*,#2616,.F.);
#2616 = EDGE_CURVE('',#2617,#2591,#2619,.T.);
#2617 = VERTEX_POINT('',#2618);
#2618 = CARTESIAN_POINT('',(11.81011903476,-5.512609741544,1.2));
#2619 = SURFACE_CURVE('',#2620,(#2624,#2630),.PCURVE_S1.);
#2620 = LINE('',#2621,#2622);
#2621 = CARTESIAN_POINT('',(6.007147017319,-2.555940584474,1.2));
#2622 = VECTOR('',#2623,1.);
#2623 = DIRECTION('',(0.891012285961,-0.453979191447,0.));
#2624 = PCURVE('',#43,#2625);
#2625 = DEFINITIONAL_REPRESENTATION('',(#2626),#2629);
#2626 = B_SPLINE_CURVE_WITH_KNOTS('',1,(#2627,#2628),.UNSPECIFIED.,.F.,
  .F.,(2,2),(6.51278563593,7.204843684785),.PIECEWISE_BEZIER_KNOTS.);
#2627 = CARTESIAN_POINT('',(11.81011903476,-5.512609741544));
#2628 = CARTESIAN_POINT('',(12.426751258888,-5.826789694998));
#2629 = ( GEOMETRIC_REPRESENTATION_CONTEXT(2) 
PARAMETRIC_REPRESENTATION_CONTEXT() REPRESENTATION_CONTEXT('2D SPACE',''
  ) );
#2630 = PCURVE('',#2631,#2636);
#2631 = PLANE('',#2632);
#2632 = AXIS2_PLACEMENT_3D('',#2633,#2634,#2635);
#2633 = CARTESIAN_POINT('',(11.81011903476,-5.512609741544,0.9));
#2634 = DIRECTION('',(-0.453979191447,-0.891012285961,0.));
#2635 = DIRECTION('',(0.891012285961,-0.453979191447,0.));
#2636 = DEFINITIONAL_REPRESENTATION('',(#2637),#2640);
#2637 = B_SPLINE_CURVE_WITH_KNOTS('',1,(#2638,#2639),.UNSPECIFIED.,.F.,
  .F.,(2,2),(6.51278563593,7.204843684785),.PIECEWISE_BEZIER_KNOTS.);
#2638 = CARTESIAN_POINT('',(0.,0.3));
#2639 = CARTESIAN_POINT('',(0.692058048855,0.3));
#2640 = ( GEOMETRIC_REPRESENTATION_CONTEXT(2) 
PARAMETRIC_REPRESENTATION_CONTEXT() REPRESENTATION_CONTEXT('2D SPACE',''
  ) );
#2641 = ORIENTED_EDGE('',*,*,#2642,.F.);
#2642 = EDGE_CURVE('',#2643,#2617,#2645,.T.);
#2643 = VERTEX_POINT('',#2644);
#2644 = CARTESIAN_POINT('',(11.193447046742,-5.198411230645,1.2));
#2645 = SURFACE_CURVE('',#2646,(#2650,#2656),.PCURVE_S1.);
#2646 = LINE('',#2647,#2648);
#2647 = CARTESIAN_POINT('',(5.698804103209,-2.398853825217,1.2));
#2648 = VECTOR('',#2649,1.);
#2649 = DIRECTION('',(0.891013281068,-0.453977238373,0.));
#2650 = PCURVE('',#43,#2651);
#2651 = DEFINITIONAL_REPRESENTATION('',(#2652),#2655);
#2652 = B_SPLINE_CURVE_WITH_KNOTS('',1,(#2653,#2654),.UNSPECIFIED.,.F.,
  .F.,(2,2),(6.166735176996,6.858837080662),.PIECEWISE_BEZIER_KNOTS.);
#2653 = CARTESIAN_POINT('',(11.193447046742,-5.198411230645));
#2654 = CARTESIAN_POINT('',(11.81011903476,-5.512609741544));
#2655 = ( GEOMETRIC_REPRESENTATION_CONTEXT(2) 
PARAMETRIC_REPRESENTATION_CONTEXT() REPRESENTATION_CONTEXT('2D SPACE',''
  ) );
#2656 = PCURVE('',#2657,#2662);
#2657 = PLANE('',#2658);
#2658 = AXIS2_PLACEMENT_3D('',#2659,#2660,#2661);
#2659 = CARTESIAN_POINT('',(11.193447046742,-5.198411230645,0.9));
#2660 = DIRECTION('',(-0.453977238373,-0.891013281068,0.));
#2661 = DIRECTION('',(0.891013281068,-0.453977238373,0.));
#2662 = DEFINITIONAL_REPRESENTATION('',(#2663),#2666);
#2663 = B_SPLINE_CURVE_WITH_KNOTS('',1,(#2664,#2665),.UNSPECIFIED.,.F.,
  .F.,(2,2),(6.166735176996,6.858837080662),.PIECEWISE_BEZIER_KNOTS.);
#2664 = CARTESIAN_POINT('',(0.,0.3));
#2665 = CARTESIAN_POINT('',(0.692101903666,0.3));
#2666 = ( GEOMETRIC_REPRESENTATION_CONTEXT(2) 
PARAMETRIC_REPRESENTATION_CONTEXT() REPRESENTATION_CONTEXT('2D SPACE',''
  ) );
#2667 = ORIENTED_EDGE('',*,*,#2668,.F.);
#2668 = EDGE_CURVE('',#2669,#2643,#2671,.T.);
#2669 = VERTEX_POINT('',#2670);
#2670 = CARTESIAN_POINT('',(10.576728169956,-4.884190948238,1.2));
#2671 = SURFACE_CURVE('',#2672,(#2676,#2682),.PCURVE_S1.);
#2672 = LINE('',#2673,#2674);
#2673 = CARTESIAN_POINT('',(5.390436483121,-2.241758391321,1.2));
#2674 = VECTOR('',#2675,1.);
#2675 = DIRECTION('',(0.891014519209,-0.453974808286,0.));
#2676 = PCURVE('',#43,#2677);
#2677 = DEFINITIONAL_REPRESENTATION('',(#2678),#2681);
#2678 = B_SPLINE_CURVE_WITH_KNOTS('',1,(#2679,#2680),.UNSPECIFIED.,.F.,
  .F.,(2,2),(5.82065900726,6.512812573211),.PIECEWISE_BEZIER_KNOTS.);
#2679 = CARTESIAN_POINT('',(10.576728169956,-4.884190948238));
#2680 = CARTESIAN_POINT('',(11.193447046742,-5.198411230645));
#2681 = ( GEOMETRIC_REPRESENTATION_CONTEXT(2) 
PARAMETRIC_REPRESENTATION_CONTEXT() REPRESENTATION_CONTEXT('2D SPACE',''
  ) );
#2682 = PCURVE('',#2683,#2688);
#2683 = PLANE('',#2684);
#2684 = AXIS2_PLACEMENT_3D('',#2685,#2686,#2687);
#2685 = CARTESIAN_POINT('',(10.576728169956,-4.884190948238,0.9));
#2686 = DIRECTION('',(-0.453974808286,-0.891014519209,0.));
#2687 = DIRECTION('',(0.891014519209,-0.453974808286,0.));
#2688 = DEFINITIONAL_REPRESENTATION('',(#2689),#2692);
#2689 = B_SPLINE_CURVE_WITH_KNOTS('',1,(#2690,#2691),.UNSPECIFIED.,.F.,
  .F.,(2,2),(5.82065900726,6.512812573211),.PIECEWISE_BEZIER_KNOTS.);
#2690 = CARTESIAN_POINT('',(0.,0.3));
#2691 = CARTESIAN_POINT('',(0.692153565952,0.3));
#2692 = ( GEOMETRIC_REPRESENTATION_CONTEXT(2) 
PARAMETRIC_REPRESENTATION_CONTEXT() REPRESENTATION_CONTEXT('2D SPACE',''
  ) );
#2693 = ORIENTED_EDGE('',*,*,#2694,.F.);
#2694 = EDGE_CURVE('',#2695,#2669,#2697,.T.);
#2695 = VERTEX_POINT('',#2696);
#2696 = CARTESIAN_POINT('',(9.959953469555,-4.569944893404,1.2));
#2697 = SURFACE_CURVE('',#2698,(#2702,#2708),.PCURVE_S1.);
#2698 = LINE('',#2699,#2700);
#2699 = CARTESIAN_POINT('',(5.082039363342,-2.084652836681,1.2));
#2700 = VECTOR('',#2701,1.);
#2701 = DIRECTION('',(0.891016079362,-0.453971746167,0.));
#2702 = PCURVE('',#43,#2703);
#2703 = DEFINITIONAL_REPRESENTATION('',(#2704),#2707);
#2704 = B_SPLINE_CURVE_WITH_KNOTS('',1,(#2705,#2706),.UNSPECIFIED.,.F.,
  .F.,(2,2),(5.474552277109,6.16676728275),.PIECEWISE_BEZIER_KNOTS.);
#2705 = CARTESIAN_POINT('',(9.959953469555,-4.569944893404));
#2706 = CARTESIAN_POINT('',(10.576728169956,-4.884190948238));
#2707 = ( GEOMETRIC_REPRESENTATION_CONTEXT(2) 
PARAMETRIC_REPRESENTATION_CONTEXT() REPRESENTATION_CONTEXT('2D SPACE',''
  ) );
#2708 = PCURVE('',#2709,#2714);
#2709 = PLANE('',#2710);
#2710 = AXIS2_PLACEMENT_3D('',#2711,#2712,#2713);
#2711 = CARTESIAN_POINT('',(9.959953469555,-4.569944893404,0.9));
#2712 = DIRECTION('',(-0.453971746167,-0.891016079362,0.));
#2713 = DIRECTION('',(0.891016079362,-0.453971746167,0.));
#2714 = DEFINITIONAL_REPRESENTATION('',(#2715),#2718);
#2715 = B_SPLINE_CURVE_WITH_KNOTS('',1,(#2716,#2717),.UNSPECIFIED.,.F.,
  .F.,(2,2),(5.474552277109,6.16676728275),.PIECEWISE_BEZIER_KNOTS.);
#2716 = CARTESIAN_POINT('',(0.,0.3));
#2717 = CARTESIAN_POINT('',(0.692215005641,0.3));
#2718 = ( GEOMETRIC_REPRESENTATION_CONTEXT(2) 
PARAMETRIC_REPRESENTATION_CONTEXT() REPRESENTATION_CONTEXT('2D SPACE',''
  ) );
#2719 = ORIENTED_EDGE('',*,*,#2720,.F.);
#2720 = EDGE_CURVE('',#2721,#2695,#2723,.T.);
#2721 = VERTEX_POINT('',#2722);
#2722 = CARTESIAN_POINT('',(9.343111587111,-4.255668022207,1.2));
#2723 = SURFACE_CURVE('',#2724,(#2728,#2734),.PCURVE_S1.);
#2724 = LINE('',#2725,#2726);
#2725 = CARTESIAN_POINT('',(4.773606625681,-1.92753537903,1.2));
#2726 = VECTOR('',#2727,1.);
#2727 = DIRECTION('',(0.891018073421,-0.453967832381,0.));
#2728 = PCURVE('',#43,#2729);
#2729 = DEFINITIONAL_REPRESENTATION('',(#2730),#2733);
#2730 = B_SPLINE_CURVE_WITH_KNOTS('',1,(#2731,#2732),.UNSPECIFIED.,.F.,
  .F.,(2,2),(5.128408836741,5.820697692426),.PIECEWISE_BEZIER_KNOTS.);
#2731 = CARTESIAN_POINT('',(9.343111587111,-4.255668022207));
#2732 = CARTESIAN_POINT('',(9.959953469555,-4.569944893404));
#2733 = ( GEOMETRIC_REPRESENTATION_CONTEXT(2) 
PARAMETRIC_REPRESENTATION_CONTEXT() REPRESENTATION_CONTEXT('2D SPACE',''
  ) );
#2734 = PCURVE('',#2735,#2740);
#2735 = PLANE('',#2736);
#2736 = AXIS2_PLACEMENT_3D('',#2737,#2738,#2739);
#2737 = CARTESIAN_POINT('',(9.343111587111,-4.255668022207,0.9));
#2738 = DIRECTION('',(-0.453967832381,-0.891018073421,0.));
#2739 = DIRECTION('',(0.891018073421,-0.453967832381,0.));
#2740 = DEFINITIONAL_REPRESENTATION('',(#2741),#2744);
#2741 = B_SPLINE_CURVE_WITH_KNOTS('',1,(#2742,#2743),.UNSPECIFIED.,.F.,
  .F.,(2,2),(5.128408836741,5.820697692426),.PIECEWISE_BEZIER_KNOTS.);
#2742 = CARTESIAN_POINT('',(0.,0.3));
#2743 = CARTESIAN_POINT('',(0.692288855685,0.3));
#2744 = ( GEOMETRIC_REPRESENTATION_CONTEXT(2) 
PARAMETRIC_REPRESENTATION_CONTEXT() REPRESENTATION_CONTEXT('2D SPACE',''
  ) );
#2745 = ORIENTED_EDGE('',*,*,#2746,.F.);
#2746 = EDGE_CURVE('',#2747,#2721,#2749,.T.);
#2747 = VERTEX_POINT('',#2748);
#2748 = CARTESIAN_POINT('',(8.726187859305,-3.941353884659,1.2));
#2749 = SURFACE_CURVE('',#2750,(#2754,#2760),.PCURVE_S1.);
#2750 = LINE('',#2751,#2752);
#2751 = CARTESIAN_POINT('',(4.465130336681,-1.770403798121,1.2));
#2752 = VECTOR('',#2753,1.);
#2753 = DIRECTION('',(0.891020663391,-0.453962748924,0.));
#2754 = PCURVE('',#43,#2755);
#2755 = DEFINITIONAL_REPRESENTATION('',(#2756),#2759);
#2756 = B_SPLINE_CURVE_WITH_KNOTS('',1,(#2757,#2758),.UNSPECIFIED.,.F.,
  .F.,(2,2),(4.782220769616,5.474599468735),.PIECEWISE_BEZIER_KNOTS.);
#2757 = CARTESIAN_POINT('',(8.726187859305,-3.941353884659));
#2758 = CARTESIAN_POINT('',(9.343111587111,-4.255668022207));
#2759 = ( GEOMETRIC_REPRESENTATION_CONTEXT(2) 
PARAMETRIC_REPRESENTATION_CONTEXT() REPRESENTATION_CONTEXT('2D SPACE',''
  ) );
#2760 = PCURVE('',#2761,#2766);
#2761 = PLANE('',#2762);
#2762 = AXIS2_PLACEMENT_3D('',#2763,#2764,#2765);
#2763 = CARTESIAN_POINT('',(8.726187859305,-3.941353884659,0.9));
#2764 = DIRECTION('',(-0.453962748924,-0.891020663391,0.));
#2765 = DIRECTION('',(0.891020663391,-0.453962748924,0.));
#2766 = DEFINITIONAL_REPRESENTATION('',(#2767),#2770);
#2767 = B_SPLINE_CURVE_WITH_KNOTS('',1,(#2768,#2769),.UNSPECIFIED.,.F.,
  .F.,(2,2),(4.782220769616,5.474599468735),.PIECEWISE_BEZIER_KNOTS.);
#2768 = CARTESIAN_POINT('',(0.,0.3));
#2769 = CARTESIAN_POINT('',(0.692378699118,0.3));
#2770 = ( GEOMETRIC_REPRESENTATION_CONTEXT(2) 
PARAMETRIC_REPRESENTATION_CONTEXT() REPRESENTATION_CONTEXT('2D SPACE',''
  ) );
#2771 = ORIENTED_EDGE('',*,*,#2772,.F.);
#2772 = EDGE_CURVE('',#2773,#2747,#2775,.T.);
#2773 = VERTEX_POINT('',#2774);
#2774 = CARTESIAN_POINT('',(8.109163021967,-3.626994099014,1.2));
#2775 = SURFACE_CURVE('',#2776,(#2780,#2786),.PCURVE_S1.);
#2776 = LINE('',#2777,#2778);
#2777 = CARTESIAN_POINT('',(4.156600021446,-1.613255295638,1.2));
#2778 = VECTOR('',#2779,1.);
#2779 = DIRECTION('',(0.891024089648,-0.453956023935,0.));
#2780 = PCURVE('',#43,#2781);
#2781 = DEFINITIONAL_REPRESENTATION('',(#2782),#2785);
#2782 = B_SPLINE_CURVE_WITH_KNOTS('',1,(#2783,#2784),.UNSPECIFIED.,.F.,
  .F.,(2,2),(4.43597770974,5.128467222096),.PIECEWISE_BEZIER_KNOTS.);
#2783 = CARTESIAN_POINT('',(8.109163021967,-3.626994099014));
#2784 = CARTESIAN_POINT('',(8.726187859305,-3.941353884659));
#2785 = ( GEOMETRIC_REPRESENTATION_CONTEXT(2) 
PARAMETRIC_REPRESENTATION_CONTEXT() REPRESENTATION_CONTEXT('2D SPACE',''
  ) );
#2786 = PCURVE('',#2787,#2792);
#2787 = PLANE('',#2788);
#2788 = AXIS2_PLACEMENT_3D('',#2789,#2790,#2791);
#2789 = CARTESIAN_POINT('',(8.109163021967,-3.626994099014,0.9));
#2790 = DIRECTION('',(-0.453956023935,-0.891024089648,0.));
#2791 = DIRECTION('',(0.891024089648,-0.453956023935,0.));
#2792 = DEFINITIONAL_REPRESENTATION('',(#2793),#2796);
#2793 = B_SPLINE_CURVE_WITH_KNOTS('',1,(#2794,#2795),.UNSPECIFIED.,.F.,
  .F.,(2,2),(4.43597770974,5.128467222096),.PIECEWISE_BEZIER_KNOTS.);
#2794 = CARTESIAN_POINT('',(0.,0.3));
#2795 = CARTESIAN_POINT('',(0.692489512356,0.3));
#2796 = ( GEOMETRIC_REPRESENTATION_CONTEXT(2) 
PARAMETRIC_REPRESENTATION_CONTEXT() REPRESENTATION_CONTEXT('2D SPACE',''
  ) );
#2797 = ORIENTED_EDGE('',*,*,#2798,.F.);
#2798 = EDGE_CURVE('',#2149,#2773,#2799,.T.);
#2799 = SURFACE_CURVE('',#2800,(#2804,#2810),.PCURVE_S1.);
#2800 = LINE('',#2801,#2802);
#2801 = CARTESIAN_POINT('',(3.848001559133,-1.456086299826,1.2));
#2802 = VECTOR('',#2803,1.);
#2803 = DIRECTION('',(0.891028719016,-0.453946937304,0.));
#2804 = PCURVE('',#43,#2805);
#2805 = DEFINITIONAL_REPRESENTATION('',(#2806),#2809);
#2806 = B_SPLINE_CURVE_WITH_KNOTS('',1,(#2807,#2808),.UNSPECIFIED.,.F.,
  .F.,(2,2),(4.089665816264,4.782294186362),.PIECEWISE_BEZIER_KNOTS.);
#2807 = CARTESIAN_POINT('',(7.492011252603,-3.312577571717));
#2808 = CARTESIAN_POINT('',(8.109163021967,-3.626994099014));
#2809 = ( GEOMETRIC_REPRESENTATION_CONTEXT(2) 
PARAMETRIC_REPRESENTATION_CONTEXT() REPRESENTATION_CONTEXT('2D SPACE',''
  ) );
#2810 = PCURVE('',#2811,#2816);
#2811 = PLANE('',#2812);
#2812 = AXIS2_PLACEMENT_3D('',#2813,#2814,#2815);
#2813 = CARTESIAN_POINT('',(7.492011252603,-3.312577571717,0.9));
#2814 = DIRECTION('',(-0.453946937304,-0.891028719016,0.));
#2815 = DIRECTION('',(0.891028719016,-0.453946937304,0.));
#2816 = DEFINITIONAL_REPRESENTATION('',(#2817),#2820);
#2817 = B_SPLINE_CURVE_WITH_KNOTS('',1,(#2818,#2819),.UNSPECIFIED.,.F.,
  .F.,(2,2),(4.089665816264,4.782294186362),.PIECEWISE_BEZIER_KNOTS.);
#2818 = CARTESIAN_POINT('',(0.,0.3));
#2819 = CARTESIAN_POINT('',(0.692628370099,0.3));
#2820 = ( GEOMETRIC_REPRESENTATION_CONTEXT(2) 
PARAMETRIC_REPRESENTATION_CONTEXT() REPRESENTATION_CONTEXT('2D SPACE',''
  ) );
#2821 = FACE_BOUND('',#2822,.T.);
#2822 = EDGE_LOOP('',(#2823,#2851,#2877,#2903,#2929,#2955,#2981,#3007,
    #3033,#3059,#3085,#3111,#3137,#3163,#3189,#3215,#3241,#3267,#3293,
    #3319,#3345,#3371,#3397,#3423,#3449,#3475));
#2823 = ORIENTED_EDGE('',*,*,#2824,.F.);
#2824 = EDGE_CURVE('',#2825,#2827,#2829,.T.);
#2825 = VERTEX_POINT('',#2826);
#2826 = CARTESIAN_POINT('',(-6.87469712099,2.998089307319,1.2));
#2827 = VERTEX_POINT('',#2828);
#2828 = CARTESIAN_POINT('',(-7.492011252603,3.312577571717,1.2));
#2829 = SURFACE_CURVE('',#2830,(#2834,#2840),.PCURVE_S1.);
#2830 = LINE('',#2831,#2832);
#2831 = CARTESIAN_POINT('',(-3.539315448728,1.298892189517,1.2));
#2832 = VECTOR('',#2833,1.);
#2833 = DIRECTION('',(-0.891035129715,0.453934353859,0.));
#2834 = PCURVE('',#43,#2835);
#2835 = DEFINITIONAL_REPRESENTATION('',(#2836),#2839);
#2836 = B_SPLINE_CURVE_WITH_KNOTS('',1,(#2837,#2838),.UNSPECIFIED.,.F.,
  .F.,(2,2),(3.743266186741,4.436071791175),.PIECEWISE_BEZIER_KNOTS.);
#2837 = CARTESIAN_POINT('',(-6.87469712099,2.998089307319));
#2838 = CARTESIAN_POINT('',(-7.492011252603,3.312577571717));
#2839 = ( GEOMETRIC_REPRESENTATION_CONTEXT(2) 
PARAMETRIC_REPRESENTATION_CONTEXT() REPRESENTATION_CONTEXT('2D SPACE',''
  ) );
#2840 = PCURVE('',#2841,#2846);
#2841 = PLANE('',#2842);
#2842 = AXIS2_PLACEMENT_3D('',#2843,#2844,#2845);
#2843 = CARTESIAN_POINT('',(-6.87469712099,2.998089307319,0.9));
#2844 = DIRECTION('',(0.453934353859,0.891035129715,-0.));
#2845 = DIRECTION('',(-0.891035129715,0.453934353859,0.));
#2846 = DEFINITIONAL_REPRESENTATION('',(#2847),#2850);
#2847 = B_SPLINE_CURVE_WITH_KNOTS('',1,(#2848,#2849),.UNSPECIFIED.,.F.,
  .F.,(2,2),(3.743266186741,4.436071791175),.PIECEWISE_BEZIER_KNOTS.);
#2848 = CARTESIAN_POINT('',(0.,0.3));
#2849 = CARTESIAN_POINT('',(0.692805604433,0.3));
#2850 = ( GEOMETRIC_REPRESENTATION_CONTEXT(2) 
PARAMETRIC_REPRESENTATION_CONTEXT() REPRESENTATION_CONTEXT('2D SPACE',''
  ) );
#2851 = ORIENTED_EDGE('',*,*,#2852,.F.);
#2852 = EDGE_CURVE('',#2853,#2825,#2855,.T.);
#2853 = VERTEX_POINT('',#2854);
#2854 = CARTESIAN_POINT('',(-6.981114232663,2.741175673048,1.2));
#2855 = SURFACE_CURVE('',#2856,(#2860,#2866),.PCURVE_S1.);
#2856 = LINE('',#2857,#2858);
#2857 = CARTESIAN_POINT('',(-6.954509954745,2.805404081615,1.2));
#2858 = VECTOR('',#2859,1.);
#2859 = DIRECTION('',(0.382683432365,0.923879532511,-0.));
#2860 = PCURVE('',#43,#2861);
#2861 = DEFINITIONAL_REPRESENTATION('',(#2862),#2865);
#2862 = B_SPLINE_CURVE_WITH_KNOTS('',1,(#2863,#2864),.UNSPECIFIED.,.F.,
  .F.,(2,2),(-6.952032847094E-02,0.208560985413),
  .PIECEWISE_BEZIER_KNOTS.);
#2863 = CARTESIAN_POINT('',(-6.981114232663,2.741175673048));
#2864 = CARTESIAN_POINT('',(-6.87469712099,2.998089307319));
#2865 = ( GEOMETRIC_REPRESENTATION_CONTEXT(2) 
PARAMETRIC_REPRESENTATION_CONTEXT() REPRESENTATION_CONTEXT('2D SPACE',''
  ) );
#2866 = PCURVE('',#2867,#2872);
#2867 = PLANE('',#2868);
#2868 = AXIS2_PLACEMENT_3D('',#2869,#2870,#2871);
#2869 = CARTESIAN_POINT('',(-6.981114232663,2.741175673048,0.9));
#2870 = DIRECTION('',(0.923879532511,-0.382683432365,0.));
#2871 = DIRECTION('',(0.382683432365,0.923879532511,0.));
#2872 = DEFINITIONAL_REPRESENTATION('',(#2873),#2876);
#2873 = B_SPLINE_CURVE_WITH_KNOTS('',1,(#2874,#2875),.UNSPECIFIED.,.F.,
  .F.,(2,2),(-6.952032847094E-02,0.208560985413),
  .PIECEWISE_BEZIER_KNOTS.);
#2874 = CARTESIAN_POINT('',(0.,0.3));
#2875 = CARTESIAN_POINT('',(0.278081313884,0.3));
#2876 = ( GEOMETRIC_REPRESENTATION_CONTEXT(2) 
PARAMETRIC_REPRESENTATION_CONTEXT() REPRESENTATION_CONTEXT('2D SPACE',''
  ) );
#2877 = ORIENTED_EDGE('',*,*,#2878,.F.);
#2878 = EDGE_CURVE('',#2879,#2853,#2881,.T.);
#2879 = VERTEX_POINT('',#2880);
#2880 = CARTESIAN_POINT('',(-7.639998025609,2.955305897274,1.2));
#2881 = SURFACE_CURVE('',#2882,(#2886,#2892),.PCURVE_S1.);
#2882 = LINE('',#2883,#2884);
#2883 = CARTESIAN_POINT('',(-3.750571326265,1.69128359143,1.2));
#2884 = VECTOR('',#2885,1.);
#2885 = DIRECTION('',(0.951037042324,-0.30907692267,0.));
#2886 = PCURVE('',#43,#2887);
#2887 = DEFINITIONAL_REPRESENTATION('',(#2888),#2891);
#2888 = B_SPLINE_CURVE_WITH_KNOTS('',1,(#2889,#2890),.UNSPECIFIED.,.F.,
  .F.,(2,2),(-4.089668988958,-3.396863384525),.PIECEWISE_BEZIER_KNOTS.);
#2889 = CARTESIAN_POINT('',(-7.639998025609,2.955305897274));
#2890 = CARTESIAN_POINT('',(-6.981114232663,2.741175673048));
#2891 = ( GEOMETRIC_REPRESENTATION_CONTEXT(2) 
PARAMETRIC_REPRESENTATION_CONTEXT() REPRESENTATION_CONTEXT('2D SPACE',''
  ) );
#2892 = PCURVE('',#2893,#2898);
#2893 = PLANE('',#2894);
#2894 = AXIS2_PLACEMENT_3D('',#2895,#2896,#2897);
#2895 = CARTESIAN_POINT('',(-7.639998025609,2.955305897274,0.9));
#2896 = DIRECTION('',(-0.30907692267,-0.951037042324,0.));
#2897 = DIRECTION('',(0.951037042324,-0.30907692267,0.));
#2898 = DEFINITIONAL_REPRESENTATION('',(#2899),#2902);
#2899 = B_SPLINE_CURVE_WITH_KNOTS('',1,(#2900,#2901),.UNSPECIFIED.,.F.,
  .F.,(2,2),(-4.089668988958,-3.396863384525),.PIECEWISE_BEZIER_KNOTS.);
#2900 = CARTESIAN_POINT('',(0.,0.3));
#2901 = CARTESIAN_POINT('',(0.692805604433,0.3));
#2902 = ( GEOMETRIC_REPRESENTATION_CONTEXT(2) 
PARAMETRIC_REPRESENTATION_CONTEXT() REPRESENTATION_CONTEXT('2D SPACE',''
  ) );
#2903 = ORIENTED_EDGE('',*,*,#2904,.F.);
#2904 = EDGE_CURVE('',#2905,#2879,#2907,.T.);
#2905 = VERTEX_POINT('',#2906);
#2906 = CARTESIAN_POINT('',(-8.298716285316,3.169372039844,1.2));
#2907 = SURFACE_CURVE('',#2908,(#2912,#2918),.PCURVE_S1.);
#2908 = LINE('',#2909,#2910);
#2909 = CARTESIAN_POINT('',(-4.079915622932,1.798372571164,1.2));
#2910 = VECTOR('',#2911,1.);
#2911 = DIRECTION('',(0.951041407115,-0.309063491782,0.));
#2912 = PCURVE('',#43,#2913);
#2913 = DEFINITIONAL_REPRESENTATION('',(#2914),#2917);
#2914 = B_SPLINE_CURVE_WITH_KNOTS('',1,(#2915,#2916),.UNSPECIFIED.,.F.,
  .F.,(2,2),(-4.435980001313,-3.743351631214),.PIECEWISE_BEZIER_KNOTS.);
#2915 = CARTESIAN_POINT('',(-8.298716285316,3.169372039844));
#2916 = CARTESIAN_POINT('',(-7.639998025609,2.955305897274));
#2917 = ( GEOMETRIC_REPRESENTATION_CONTEXT(2) 
PARAMETRIC_REPRESENTATION_CONTEXT() REPRESENTATION_CONTEXT('2D SPACE',''
  ) );
#2918 = PCURVE('',#2919,#2924);
#2919 = PLANE('',#2920);
#2920 = AXIS2_PLACEMENT_3D('',#2921,#2922,#2923);
#2921 = CARTESIAN_POINT('',(-8.298716285316,3.169372039844,0.9));
#2922 = DIRECTION('',(-0.309063491782,-0.951041407115,0.));
#2923 = DIRECTION('',(0.951041407115,-0.309063491782,0.));
#2924 = DEFINITIONAL_REPRESENTATION('',(#2925),#2928);
#2925 = B_SPLINE_CURVE_WITH_KNOTS('',1,(#2926,#2927),.UNSPECIFIED.,.F.,
  .F.,(2,2),(-4.435980001313,-3.743351631214),.PIECEWISE_BEZIER_KNOTS.);
#2926 = CARTESIAN_POINT('',(0.,0.3));
#2927 = CARTESIAN_POINT('',(0.692628370099,0.3));
#2928 = ( GEOMETRIC_REPRESENTATION_CONTEXT(2) 
PARAMETRIC_REPRESENTATION_CONTEXT() REPRESENTATION_CONTEXT('2D SPACE',''
  ) );
#2929 = ORIENTED_EDGE('',*,*,#2930,.F.);
#2930 = EDGE_CURVE('',#2931,#2905,#2933,.T.);
#2931 = VERTEX_POINT('',#2932);
#2932 = CARTESIAN_POINT('',(-8.957304668121,3.383388550324,1.2));
#2933 = SURFACE_CURVE('',#2934,(#2938,#2944),.PCURVE_S1.);
#2934 = LINE('',#2935,#2936);
#2935 = CARTESIAN_POINT('',(-4.409198012577,1.905424557754,1.2));
#2936 = VECTOR('',#2937,1.);
#2937 = DIRECTION('',(0.951044558875,-0.309053793106,0.));
#2938 = PCURVE('',#43,#2939);
#2939 = DEFINITIONAL_REPRESENTATION('',(#2940),#2943);
#2940 = B_SPLINE_CURVE_WITH_KNOTS('',1,(#2941,#2942),.UNSPECIFIED.,.F.,
  .F.,(2,2),(-4.782222465918,-4.089732953562),.PIECEWISE_BEZIER_KNOTS.);
#2941 = CARTESIAN_POINT('',(-8.957304668121,3.383388550324));
#2942 = CARTESIAN_POINT('',(-8.298716285316,3.169372039844));
#2943 = ( GEOMETRIC_REPRESENTATION_CONTEXT(2) 
PARAMETRIC_REPRESENTATION_CONTEXT() REPRESENTATION_CONTEXT('2D SPACE',''
  ) );
#2944 = PCURVE('',#2945,#2950);
#2945 = PLANE('',#2946);
#2946 = AXIS2_PLACEMENT_3D('',#2947,#2948,#2949);
#2947 = CARTESIAN_POINT('',(-8.957304668121,3.383388550324,0.9));
#2948 = DIRECTION('',(-0.309053793106,-0.951044558875,0.));
#2949 = DIRECTION('',(0.951044558875,-0.309053793106,0.));
#2950 = DEFINITIONAL_REPRESENTATION('',(#2951),#2954);
#2951 = B_SPLINE_CURVE_WITH_KNOTS('',1,(#2952,#2953),.UNSPECIFIED.,.F.,
  .F.,(2,2),(-4.782222465918,-4.089732953562),.PIECEWISE_BEZIER_KNOTS.);
#2952 = CARTESIAN_POINT('',(0.,0.3));
#2953 = CARTESIAN_POINT('',(0.692489512356,0.3));
#2954 = ( GEOMETRIC_REPRESENTATION_CONTEXT(2) 
PARAMETRIC_REPRESENTATION_CONTEXT() REPRESENTATION_CONTEXT('2D SPACE',''
  ) );
#2955 = ORIENTED_EDGE('',*,*,#2956,.F.);
#2956 = EDGE_CURVE('',#2957,#2931,#2959,.T.);
#2957 = VERTEX_POINT('',#2958);
#2958 = CARTESIAN_POINT('',(-9.61578927761,3.597365843647,1.2));
#2959 = SURFACE_CURVE('',#2960,(#2964,#2970),.PCURVE_S1.);
#2960 = LINE('',#2961,#2962);
#2961 = CARTESIAN_POINT('',(-4.738430775784,2.01244805552,1.2));
#2962 = VECTOR('',#2963,1.);
#2963 = DIRECTION('',(0.951046891431,-0.30904661509,0.));
#2964 = PCURVE('',#43,#2965);
#2965 = DEFINITIONAL_REPRESENTATION('',(#2966),#2969);
#2966 = B_SPLINE_CURVE_WITH_KNOTS('',1,(#2967,#2968),.UNSPECIFIED.,.F.,
  .F.,(2,2),(-5.128410119175,-4.436031420057),.PIECEWISE_BEZIER_KNOTS.);
#2967 = CARTESIAN_POINT('',(-9.61578927761,3.597365843647));
#2968 = CARTESIAN_POINT('',(-8.957304668121,3.383388550324));
#2969 = ( GEOMETRIC_REPRESENTATION_CONTEXT(2) 
PARAMETRIC_REPRESENTATION_CONTEXT() REPRESENTATION_CONTEXT('2D SPACE',''
  ) );
#2970 = PCURVE('',#2971,#2976);
#2971 = PLANE('',#2972);
#2972 = AXIS2_PLACEMENT_3D('',#2973,#2974,#2975);
#2973 = CARTESIAN_POINT('',(-9.61578927761,3.597365843647,0.9));
#2974 = DIRECTION('',(-0.30904661509,-0.951046891431,0.));
#2975 = DIRECTION('',(0.951046891431,-0.30904661509,0.));
#2976 = DEFINITIONAL_REPRESENTATION('',(#2977),#2980);
#2977 = B_SPLINE_CURVE_WITH_KNOTS('',1,(#2978,#2979),.UNSPECIFIED.,.F.,
  .F.,(2,2),(-5.128410119175,-4.436031420057),.PIECEWISE_BEZIER_KNOTS.);
#2978 = CARTESIAN_POINT('',(0.,0.3));
#2979 = CARTESIAN_POINT('',(0.692378699118,0.3));
#2980 = ( GEOMETRIC_REPRESENTATION_CONTEXT(2) 
PARAMETRIC_REPRESENTATION_CONTEXT() REPRESENTATION_CONTEXT('2D SPACE',''
  ) );
#2981 = ORIENTED_EDGE('',*,*,#2982,.F.);
#2982 = EDGE_CURVE('',#2983,#2957,#2985,.T.);
#2983 = VERTEX_POINT('',#2984);
#2984 = CARTESIAN_POINT('',(-10.2741896624,3.81131161485,1.2));
#2985 = SURFACE_CURVE('',#2986,(#2990,#2996),.PCURVE_S1.);
#2986 = LINE('',#2987,#2988);
#2987 = CARTESIAN_POINT('',(-5.06762314562,2.119449163848,1.2));
#2988 = VECTOR('',#2989,1.);
#2989 = DIRECTION('',(0.951048654593,-0.309041189159,0.));
#2990 = PCURVE('',#43,#2991);
#2991 = DEFINITIONAL_REPRESENTATION('',(#2992),#2995);
#2992 = B_SPLINE_CURVE_WITH_KNOTS('',1,(#2993,#2994),.UNSPECIFIED.,.F.,
  .F.,(2,2),(-5.474553264584,-4.782264408898),.PIECEWISE_BEZIER_KNOTS.);
#2993 = CARTESIAN_POINT('',(-10.2741896624,3.81131161485));
#2994 = CARTESIAN_POINT('',(-9.61578927761,3.597365843647));
#2995 = ( GEOMETRIC_REPRESENTATION_CONTEXT(2) 
PARAMETRIC_REPRESENTATION_CONTEXT() REPRESENTATION_CONTEXT('2D SPACE',''
  ) );
#2996 = PCURVE('',#2997,#3002);
#2997 = PLANE('',#2998);
#2998 = AXIS2_PLACEMENT_3D('',#2999,#3000,#3001);
#2999 = CARTESIAN_POINT('',(-10.2741896624,3.81131161485,0.9));
#3000 = DIRECTION('',(-0.309041189159,-0.951048654593,0.));
#3001 = DIRECTION('',(0.951048654593,-0.309041189159,0.));
#3002 = DEFINITIONAL_REPRESENTATION('',(#3003),#3006);
#3003 = B_SPLINE_CURVE_WITH_KNOTS('',1,(#3004,#3005),.UNSPECIFIED.,.F.,
  .F.,(2,2),(-5.474553264584,-4.782264408898),.PIECEWISE_BEZIER_KNOTS.);
#3004 = CARTESIAN_POINT('',(0.,0.3));
#3005 = CARTESIAN_POINT('',(0.692288855685,0.3));
#3006 = ( GEOMETRIC_REPRESENTATION_CONTEXT(2) 
PARAMETRIC_REPRESENTATION_CONTEXT() REPRESENTATION_CONTEXT('2D SPACE',''
  ) );
#3007 = ORIENTED_EDGE('',*,*,#3008,.F.);
#3008 = EDGE_CURVE('',#3009,#2983,#3011,.T.);
#3009 = VERTEX_POINT('',#3010);
#3010 = CARTESIAN_POINT('',(-10.93252075185,4.025231671634,1.2));
#3011 = SURFACE_CURVE('',#3012,(#3016,#3022),.PCURVE_S1.);
#3012 = LINE('',#3013,#3014);
#3013 = CARTESIAN_POINT('',(-5.396782198039,2.226432367231,1.2));
#3014 = VECTOR('',#3015,1.);
#3015 = DIRECTION('',(0.951050012045,-0.309037011681,0.));
#3016 = PCURVE('',#43,#3017);
#3017 = DEFINITIONAL_REPRESENTATION('',(#3018),#3021);
#3018 = B_SPLINE_CURVE_WITH_KNOTS('',1,(#3019,#3020),.UNSPECIFIED.,.F.,
  .F.,(2,2),(-5.82065977993,-5.128444774289),.PIECEWISE_BEZIER_KNOTS.);
#3019 = CARTESIAN_POINT('',(-10.93252075185,4.025231671634));
#3020 = CARTESIAN_POINT('',(-10.2741896624,3.81131161485));
#3021 = ( GEOMETRIC_REPRESENTATION_CONTEXT(2) 
PARAMETRIC_REPRESENTATION_CONTEXT() REPRESENTATION_CONTEXT('2D SPACE',''
  ) );
#3022 = PCURVE('',#3023,#3028);
#3023 = PLANE('',#3024);
#3024 = AXIS2_PLACEMENT_3D('',#3025,#3026,#3027);
#3025 = CARTESIAN_POINT('',(-10.93252075185,4.025231671634,0.9));
#3026 = DIRECTION('',(-0.309037011681,-0.951050012045,0.));
#3027 = DIRECTION('',(0.951050012045,-0.309037011681,0.));
#3028 = DEFINITIONAL_REPRESENTATION('',(#3029),#3032);
#3029 = B_SPLINE_CURVE_WITH_KNOTS('',1,(#3030,#3031),.UNSPECIFIED.,.F.,
  .F.,(2,2),(-5.82065977993,-5.128444774289),.PIECEWISE_BEZIER_KNOTS.);
#3030 = CARTESIAN_POINT('',(0.,0.3));
#3031 = CARTESIAN_POINT('',(0.692215005641,0.3));
#3032 = ( GEOMETRIC_REPRESENTATION_CONTEXT(2) 
PARAMETRIC_REPRESENTATION_CONTEXT() REPRESENTATION_CONTEXT('2D SPACE',''
  ) );
#3033 = ORIENTED_EDGE('',*,*,#3034,.F.);
#3034 = EDGE_CURVE('',#3035,#3009,#3037,.T.);
#3035 = VERTEX_POINT('',#3036);
#3036 = CARTESIAN_POINT('',(-11.59079414418,4.239130479018,1.2));
#3037 = SURFACE_CURVE('',#3038,(#3042,#3048),.PCURVE_S1.);
#3038 = LINE('',#3039,#3040);
#3039 = CARTESIAN_POINT('',(-5.725913447224,2.333401034178,1.2));
#3040 = VECTOR('',#3041,1.);
#3041 = DIRECTION('',(0.951051074095,-0.309033743242,0.));
#3042 = PCURVE('',#43,#3043);
#3043 = DEFINITIONAL_REPRESENTATION('',(#3044),#3047);
#3044 = B_SPLINE_CURVE_WITH_KNOTS('',1,(#3045,#3046),.UNSPECIFIED.,.F.,
  .F.,(2,2),(-6.166735790235,-5.474582224284),.PIECEWISE_BEZIER_KNOTS.);
#3045 = CARTESIAN_POINT('',(-11.59079414418,4.239130479018));
#3046 = CARTESIAN_POINT('',(-10.93252075185,4.025231671634));
#3047 = ( GEOMETRIC_REPRESENTATION_CONTEXT(2) 
PARAMETRIC_REPRESENTATION_CONTEXT() REPRESENTATION_CONTEXT('2D SPACE',''
  ) );
#3048 = PCURVE('',#3049,#3054);
#3049 = PLANE('',#3050);
#3050 = AXIS2_PLACEMENT_3D('',#3051,#3052,#3053);
#3051 = CARTESIAN_POINT('',(-11.59079414418,4.239130479018,0.9));
#3052 = DIRECTION('',(-0.309033743242,-0.951051074095,0.));
#3053 = DIRECTION('',(0.951051074095,-0.309033743242,0.));
#3054 = DEFINITIONAL_REPRESENTATION('',(#3055),#3058);
#3055 = B_SPLINE_CURVE_WITH_KNOTS('',1,(#3056,#3057),.UNSPECIFIED.,.F.,
  .F.,(2,2),(-6.166735790235,-5.474582224284),.PIECEWISE_BEZIER_KNOTS.);
#3056 = CARTESIAN_POINT('',(0.,0.3));
#3057 = CARTESIAN_POINT('',(0.692153565952,0.3));
#3058 = ( GEOMETRIC_REPRESENTATION_CONTEXT(2) 
PARAMETRIC_REPRESENTATION_CONTEXT() REPRESENTATION_CONTEXT('2D SPACE',''
  ) );
#3059 = ORIENTED_EDGE('',*,*,#3060,.F.);
#3060 = EDGE_CURVE('',#3061,#3035,#3063,.T.);
#3061 = VERTEX_POINT('',#3062);
#3062 = CARTESIAN_POINT('',(-12.24901898638,4.453011525819,1.2));
#3063 = SURFACE_CURVE('',#3064,(#3068,#3074),.PCURVE_S1.);
#3064 = LINE('',#3065,#3066);
#3065 = CARTESIAN_POINT('',(-6.055021254015,2.440357742547,1.2));
#3066 = VECTOR('',#3067,1.);
#3067 = DIRECTION('',(0.951051916928,-0.309031149413,0.));
#3068 = PCURVE('',#43,#3069);
#3069 = DEFINITIONAL_REPRESENTATION('',(#3070),#3073);
#3070 = B_SPLINE_CURVE_WITH_KNOTS('',1,(#3071,#3072),.UNSPECIFIED.,.F.,
  .F.,(2,2),(-6.512786128829,-5.820684225163),.PIECEWISE_BEZIER_KNOTS.);
#3071 = CARTESIAN_POINT('',(-12.24901898638,4.453011525819));
#3072 = CARTESIAN_POINT('',(-11.59079414418,4.239130479018));
#3073 = ( GEOMETRIC_REPRESENTATION_CONTEXT(2) 
PARAMETRIC_REPRESENTATION_CONTEXT() REPRESENTATION_CONTEXT('2D SPACE',''
  ) );
#3074 = PCURVE('',#3075,#3080);
#3075 = PLANE('',#3076);
#3076 = AXIS2_PLACEMENT_3D('',#3077,#3078,#3079);
#3077 = CARTESIAN_POINT('',(-12.24901898638,4.453011525819,0.9));
#3078 = DIRECTION('',(-0.309031149413,-0.951051916928,0.));
#3079 = DIRECTION('',(0.951051916928,-0.309031149413,0.));
#3080 = DEFINITIONAL_REPRESENTATION('',(#3081),#3084);
#3081 = B_SPLINE_CURVE_WITH_KNOTS('',1,(#3082,#3083),.UNSPECIFIED.,.F.,
  .F.,(2,2),(-6.512786128829,-5.820684225163),.PIECEWISE_BEZIER_KNOTS.);
#3082 = CARTESIAN_POINT('',(0.,0.3));
#3083 = CARTESIAN_POINT('',(0.692101903666,0.3));
#3084 = ( GEOMETRIC_REPRESENTATION_CONTEXT(2) 
PARAMETRIC_REPRESENTATION_CONTEXT() REPRESENTATION_CONTEXT('2D SPACE',''
  ) );
#3085 = ORIENTED_EDGE('',*,*,#3086,.F.);
#3086 = EDGE_CURVE('',#3087,#3061,#3089,.T.);
#3087 = VERTEX_POINT('',#3088);
#3088 = CARTESIAN_POINT('',(-12.90720258915,4.666877577397,1.2));
#3089 = SURFACE_CURVE('',#3090,(#3094,#3100),.PCURVE_S1.);
#3090 = LINE('',#3091,#3092);
#3091 = CARTESIAN_POINT('',(-6.384109112512,2.547304497728,1.2));
#3092 = VECTOR('',#3093,1.);
#3093 = DIRECTION('',(0.951052594313,-0.309029064733,0.));
#3094 = PCURVE('',#43,#3095);
#3095 = DEFINITIONAL_REPRESENTATION('',(#3096),#3099);
#3096 = B_SPLINE_CURVE_WITH_KNOTS('',1,(#3097,#3098),.UNSPECIFIED.,.F.,
  .F.,(2,2),(-6.858814660357,-6.166756611503),.PIECEWISE_BEZIER_KNOTS.);
#3097 = CARTESIAN_POINT('',(-12.90720258915,4.666877577397));
#3098 = CARTESIAN_POINT('',(-12.24901898638,4.453011525819));
#3099 = ( GEOMETRIC_REPRESENTATION_CONTEXT(2) 
PARAMETRIC_REPRESENTATION_CONTEXT() REPRESENTATION_CONTEXT('2D SPACE',''
  ) );
#3100 = PCURVE('',#3101,#3106);
#3101 = PLANE('',#3102);
#3102 = AXIS2_PLACEMENT_3D('',#3103,#3104,#3105);
#3103 = CARTESIAN_POINT('',(-12.90720258915,4.666877577397,0.9));
#3104 = DIRECTION('',(-0.309029064733,-0.951052594313,0.));
#3105 = DIRECTION('',(0.951052594313,-0.309029064733,0.));
#3106 = DEFINITIONAL_REPRESENTATION('',(#3107),#3110);
#3107 = B_SPLINE_CURVE_WITH_KNOTS('',1,(#3108,#3109),.UNSPECIFIED.,.F.,
  .F.,(2,2),(-6.858814660357,-6.166756611503),.PIECEWISE_BEZIER_KNOTS.);
#3108 = CARTESIAN_POINT('',(0.,0.3));
#3109 = CARTESIAN_POINT('',(0.692058048855,0.3));
#3110 = ( GEOMETRIC_REPRESENTATION_CONTEXT(2) 
PARAMETRIC_REPRESENTATION_CONTEXT() REPRESENTATION_CONTEXT('2D SPACE',''
  ) );
#3111 = ORIENTED_EDGE('',*,*,#3112,.F.);
#3112 = EDGE_CURVE('',#3113,#3087,#3115,.T.);
#3113 = VERTEX_POINT('',#3114);
#3114 = CARTESIAN_POINT('',(-13.56535086573,4.880730853802,1.2));
#3115 = SURFACE_CURVE('',#3116,(#3120,#3126),.PCURVE_S1.);
#3116 = LINE('',#3117,#3118);
#3117 = CARTESIAN_POINT('',(-6.713179855241,2.654242882574,1.2));
#3118 = VECTOR('',#3119,1.);
#3119 = DIRECTION('',(0.951053144938,-0.309027370152,0.));
#3120 = PCURVE('',#43,#3121);
#3121 = DEFINITIONAL_REPRESENTATION('',(#3122),#3125);
#3122 = B_SPLINE_CURVE_WITH_KNOTS('',1,(#3123,#3124),.UNSPECIFIED.,.F.,
  .F.,(2,2),(-7.20482451161,-6.512804007729),.PIECEWISE_BEZIER_KNOTS.);
#3123 = CARTESIAN_POINT('',(-13.56535086573,4.880730853802));
#3124 = CARTESIAN_POINT('',(-12.90720258915,4.666877577397));
#3125 = ( GEOMETRIC_REPRESENTATION_CONTEXT(2) 
PARAMETRIC_REPRESENTATION_CONTEXT() REPRESENTATION_CONTEXT('2D SPACE',''
  ) );
#3126 = PCURVE('',#3127,#3132);
#3127 = PLANE('',#3128);
#3128 = AXIS2_PLACEMENT_3D('',#3129,#3130,#3131);
#3129 = CARTESIAN_POINT('',(-13.56535086573,4.880730853802,0.9));
#3130 = DIRECTION('',(-0.309027370152,-0.951053144938,0.));
#3131 = DIRECTION('',(0.951053144938,-0.309027370152,0.));
#3132 = DEFINITIONAL_REPRESENTATION('',(#3133),#3136);
#3133 = B_SPLINE_CURVE_WITH_KNOTS('',1,(#3134,#3135),.UNSPECIFIED.,.F.,
  .F.,(2,2),(-7.20482451161,-6.512804007729),.PIECEWISE_BEZIER_KNOTS.);
#3134 = CARTESIAN_POINT('',(0.,0.3));
#3135 = CARTESIAN_POINT('',(0.69202050388,0.3));
#3136 = ( GEOMETRIC_REPRESENTATION_CONTEXT(2) 
PARAMETRIC_REPRESENTATION_CONTEXT() REPRESENTATION_CONTEXT('2D SPACE',''
  ) );
#3137 = ORIENTED_EDGE('',*,*,#3138,.F.);
#3138 = EDGE_CURVE('',#3139,#3113,#3141,.T.);
#3139 = VERTEX_POINT('',#3140);
#3140 = CARTESIAN_POINT('',(-14.22346865047,5.094573157778,1.2));
#3141 = SURFACE_CURVE('',#3142,(#3146,#3152),.PCURVE_S1.);
#3142 = LINE('',#3143,#3144);
#3143 = CARTESIAN_POINT('',(-7.042235802671,2.761174162707,1.2));
#3144 = VECTOR('',#3145,1.);
#3145 = DIRECTION('',(0.951053597122,-0.309025978521,0.));
#3146 = PCURVE('',#43,#3147);
#3147 = DEFINITIONAL_REPRESENTATION('',(#3148),#3151);
#3148 = B_SPLINE_CURVE_WITH_KNOTS('',1,(#3149,#3150),.UNSPECIFIED.,.F.,
  .F.,(2,2),(-7.550818239411,-6.858830125666),.PIECEWISE_BEZIER_KNOTS.);
#3149 = CARTESIAN_POINT('',(-14.22346865047,5.094573157778));
#3150 = CARTESIAN_POINT('',(-13.56535086573,4.880730853802));
#3151 = ( GEOMETRIC_REPRESENTATION_CONTEXT(2) 
PARAMETRIC_REPRESENTATION_CONTEXT() REPRESENTATION_CONTEXT('2D SPACE',''
  ) );
#3152 = PCURVE('',#3153,#3158);
#3153 = PLANE('',#3154);
#3154 = AXIS2_PLACEMENT_3D('',#3155,#3156,#3157);
#3155 = CARTESIAN_POINT('',(-14.22346865047,5.094573157778,0.9));
#3156 = DIRECTION('',(-0.309025978521,-0.951053597122,0.));
#3157 = DIRECTION('',(0.951053597122,-0.309025978521,0.));
#3158 = DEFINITIONAL_REPRESENTATION('',(#3159),#3162);
#3159 = B_SPLINE_CURVE_WITH_KNOTS('',1,(#3160,#3161),.UNSPECIFIED.,.F.,
  .F.,(2,2),(-7.550818239411,-6.858830125666),.PIECEWISE_BEZIER_KNOTS.);
#3160 = CARTESIAN_POINT('',(0.,0.3));
#3161 = CARTESIAN_POINT('',(0.691988113745,0.3));
#3162 = ( GEOMETRIC_REPRESENTATION_CONTEXT(2) 
PARAMETRIC_REPRESENTATION_CONTEXT() REPRESENTATION_CONTEXT('2D SPACE',''
  ) );
#3163 = ORIENTED_EDGE('',*,*,#3164,.F.);
#3164 = EDGE_CURVE('',#3165,#3139,#3167,.T.);
#3165 = VERTEX_POINT('',#3166);
#3166 = CARTESIAN_POINT('',(-14.8815599342,5.308405968349,1.2));
#3167 = SURFACE_CURVE('',#3168,(#3172,#3178),.PCURVE_S1.);
#3168 = LINE('',#3169,#3170);
#3169 = CARTESIAN_POINT('',(-7.37127887393,2.86809936192,1.2));
#3170 = VECTOR('',#3171,1.);
#3171 = DIRECTION('',(0.951053971918,-0.309024825052,0.));
#3172 = PCURVE('',#43,#3173);
#3173 = DEFINITIONAL_REPRESENTATION('',(#3174),#3177);
#3174 = B_SPLINE_CURVE_WITH_KNOTS('',1,(#3175,#3176),.UNSPECIFIED.,.F.,
  .F.,(2,2),(-7.896797954718,-7.204837978573),.PIECEWISE_BEZIER_KNOTS.);
#3175 = CARTESIAN_POINT('',(-14.8815599342,5.308405968349));
#3176 = CARTESIAN_POINT('',(-14.22346865047,5.094573157778));
#3177 = ( GEOMETRIC_REPRESENTATION_CONTEXT(2) 
PARAMETRIC_REPRESENTATION_CONTEXT() REPRESENTATION_CONTEXT('2D SPACE',''
  ) );
#3178 = PCURVE('',#3179,#3184);
#3179 = PLANE('',#3180);
#3180 = AXIS2_PLACEMENT_3D('',#3181,#3182,#3183);
#3181 = CARTESIAN_POINT('',(-14.8815599342,5.308405968349,0.9));
#3182 = DIRECTION('',(-0.309024825052,-0.951053971918,0.));
#3183 = DIRECTION('',(0.951053971918,-0.309024825052,0.));
#3184 = DEFINITIONAL_REPRESENTATION('',(#3185),#3188);
#3185 = B_SPLINE_CURVE_WITH_KNOTS('',1,(#3186,#3187),.UNSPECIFIED.,.F.,
  .F.,(2,2),(-7.896797954718,-7.204837978573),.PIECEWISE_BEZIER_KNOTS.);
#3186 = CARTESIAN_POINT('',(0.,0.3));
#3187 = CARTESIAN_POINT('',(0.691959976145,0.3));
#3188 = ( GEOMETRIC_REPRESENTATION_CONTEXT(2) 
PARAMETRIC_REPRESENTATION_CONTEXT() REPRESENTATION_CONTEXT('2D SPACE',''
  ) );
#3189 = ORIENTED_EDGE('',*,*,#3190,.F.);
#3190 = EDGE_CURVE('',#3191,#3165,#3193,.T.);
#3191 = VERTEX_POINT('',#3192);
#3192 = CARTESIAN_POINT('',(-14.27646180161,6.769242086596,1.2));
#3193 = SURFACE_CURVE('',#3194,(#3198,#3204),.PCURVE_S1.);
#3194 = LINE('',#3195,#3196);
#3195 = CARTESIAN_POINT('',(-14.42773633476,6.404033057034,1.2));
#3196 = VECTOR('',#3197,1.);
#3197 = DIRECTION('',(-0.382683432365,-0.923879532511,0.));
#3198 = PCURVE('',#43,#3199);
#3199 = DEFINITIONAL_REPRESENTATION('',(#3200),#3203);
#3200 = B_SPLINE_CURVE_WITH_KNOTS('',1,(#3201,#3202),.UNSPECIFIED.,.F.,
  .F.,(2,2),(-0.395299405074,1.185898215222),.PIECEWISE_BEZIER_KNOTS.);
#3201 = CARTESIAN_POINT('',(-14.27646180161,6.769242086596));
#3202 = CARTESIAN_POINT('',(-14.8815599342,5.308405968349));
#3203 = ( GEOMETRIC_REPRESENTATION_CONTEXT(2) 
PARAMETRIC_REPRESENTATION_CONTEXT() REPRESENTATION_CONTEXT('2D SPACE',''
  ) );
#3204 = PCURVE('',#3205,#3210);
#3205 = PLANE('',#3206);
#3206 = AXIS2_PLACEMENT_3D('',#3207,#3208,#3209);
#3207 = CARTESIAN_POINT('',(-14.27646180161,6.769242086596,0.9));
#3208 = DIRECTION('',(-0.923879532511,0.382683432365,0.));
#3209 = DIRECTION('',(-0.382683432365,-0.923879532511,0.));
#3210 = DEFINITIONAL_REPRESENTATION('',(#3211),#3214);
#3211 = B_SPLINE_CURVE_WITH_KNOTS('',1,(#3212,#3213),.UNSPECIFIED.,.F.,
  .F.,(2,2),(-0.395299405074,1.185898215222),.PIECEWISE_BEZIER_KNOTS.);
#3212 = CARTESIAN_POINT('',(0.,0.3));
#3213 = CARTESIAN_POINT('',(1.581197620296,0.3));
#3214 = ( GEOMETRIC_REPRESENTATION_CONTEXT(2) 
PARAMETRIC_REPRESENTATION_CONTEXT() REPRESENTATION_CONTEXT('2D SPACE',''
  ) );
#3215 = ORIENTED_EDGE('',*,*,#3216,.F.);
#3216 = EDGE_CURVE('',#3217,#3191,#3219,.T.);
#3217 = VERTEX_POINT('',#3218);
#3218 = CARTESIAN_POINT('',(-13.65991836186,6.455103907632,1.2));
#3219 = SURFACE_CURVE('',#3220,(#3224,#3230),.PCURVE_S1.);
#3220 = LINE('',#3221,#3222);
#3221 = CARTESIAN_POINT('',(-6.932062065826,3.027159680361,1.2));
#3222 = VECTOR('',#3223,1.);
#3223 = DIRECTION('',(-0.891010262167,0.453983163468,0.));
#3224 = PCURVE('',#43,#3225);
#3225 = DEFINITIONAL_REPRESENTATION('',(#3226),#3229);
#3226 = B_SPLINE_CURVE_WITH_KNOTS('',1,(#3227,#3228),.UNSPECIFIED.,.F.,
  .F.,(2,2),(7.550817966645,8.24277794279),.PIECEWISE_BEZIER_KNOTS.);
#3227 = CARTESIAN_POINT('',(-13.65991836186,6.455103907632));
#3228 = CARTESIAN_POINT('',(-14.27646180161,6.769242086596));
#3229 = ( GEOMETRIC_REPRESENTATION_CONTEXT(2) 
PARAMETRIC_REPRESENTATION_CONTEXT() REPRESENTATION_CONTEXT('2D SPACE',''
  ) );
#3230 = PCURVE('',#3231,#3236);
#3231 = PLANE('',#3232);
#3232 = AXIS2_PLACEMENT_3D('',#3233,#3234,#3235);
#3233 = CARTESIAN_POINT('',(-13.65991836186,6.455103907632,0.9));
#3234 = DIRECTION('',(0.453983163468,0.891010262167,-0.));
#3235 = DIRECTION('',(-0.891010262167,0.453983163468,0.));
#3236 = DEFINITIONAL_REPRESENTATION('',(#3237),#3240);
#3237 = B_SPLINE_CURVE_WITH_KNOTS('',1,(#3238,#3239),.UNSPECIFIED.,.F.,
  .F.,(2,2),(7.550817966645,8.24277794279),.PIECEWISE_BEZIER_KNOTS.);
#3238 = CARTESIAN_POINT('',(0.,0.3));
#3239 = CARTESIAN_POINT('',(0.691959976145,0.3));
#3240 = ( GEOMETRIC_REPRESENTATION_CONTEXT(2) 
PARAMETRIC_REPRESENTATION_CONTEXT() REPRESENTATION_CONTEXT('2D SPACE',''
  ) );
#3241 = ORIENTED_EDGE('',*,*,#3242,.F.);
#3242 = EDGE_CURVE('',#3243,#3217,#3245,.T.);
#3243 = VERTEX_POINT('',#3244);
#3244 = CARTESIAN_POINT('',(-13.0433494702,6.140953702466,1.2));
#3245 = SURFACE_CURVE('',#3246,(#3250,#3256),.PCURVE_S1.);
#3246 = LINE('',#3247,#3248);
#3247 = CARTESIAN_POINT('',(-6.623773219443,2.870092613713,1.2));
#3248 = VECTOR('',#3249,1.);
#3249 = DIRECTION('',(-0.891010812772,0.453982082822,0.));
#3250 = PCURVE('',#43,#3251);
#3251 = DEFINITIONAL_REPRESENTATION('',(#3252),#3255);
#3252 = B_SPLINE_CURVE_WITH_KNOTS('',1,(#3253,#3254),.UNSPECIFIED.,.F.,
  .F.,(2,2),(7.204824182539,7.896812296284),.PIECEWISE_BEZIER_KNOTS.);
#3253 = CARTESIAN_POINT('',(-13.0433494702,6.140953702466));
#3254 = CARTESIAN_POINT('',(-13.65991836186,6.455103907632));
#3255 = ( GEOMETRIC_REPRESENTATION_CONTEXT(2) 
PARAMETRIC_REPRESENTATION_CONTEXT() REPRESENTATION_CONTEXT('2D SPACE',''
  ) );
#3256 = PCURVE('',#3257,#3262);
#3257 = PLANE('',#3258);
#3258 = AXIS2_PLACEMENT_3D('',#3259,#3260,#3261);
#3259 = CARTESIAN_POINT('',(-13.0433494702,6.140953702466,0.9));
#3260 = DIRECTION('',(0.453982082822,0.891010812772,-0.));
#3261 = DIRECTION('',(-0.891010812772,0.453982082822,0.));
#3262 = DEFINITIONAL_REPRESENTATION('',(#3263),#3266);
#3263 = B_SPLINE_CURVE_WITH_KNOTS('',1,(#3264,#3265),.UNSPECIFIED.,.F.,
  .F.,(2,2),(7.204824182539,7.896812296284),.PIECEWISE_BEZIER_KNOTS.);
#3264 = CARTESIAN_POINT('',(0.,0.3));
#3265 = CARTESIAN_POINT('',(0.691988113745,0.3));
#3266 = ( GEOMETRIC_REPRESENTATION_CONTEXT(2) 
PARAMETRIC_REPRESENTATION_CONTEXT() REPRESENTATION_CONTEXT('2D SPACE',''
  ) );
#3267 = ORIENTED_EDGE('',*,*,#3268,.F.);
#3268 = EDGE_CURVE('',#3269,#3243,#3271,.T.);
#3269 = VERTEX_POINT('',#3270);
#3270 = CARTESIAN_POINT('',(-12.42675125888,5.826789694998,1.2));
#3271 = SURFACE_CURVE('',#3272,(#3276,#3282),.PCURVE_S1.);
#3272 = LINE('',#3273,#3274);
#3273 = CARTESIAN_POINT('',(-6.315469034491,2.713019854047,1.2));
#3274 = VECTOR('',#3275,1.);
#3275 = DIRECTION('',(-0.891011477061,0.453980779048,0.));
#3276 = PCURVE('',#43,#3277);
#3277 = DEFINITIONAL_REPRESENTATION('',(#3278),#3281);
#3278 = B_SPLINE_CURVE_WITH_KNOTS('',1,(#3279,#3280),.UNSPECIFIED.,.F.,
  .F.,(2,2),(6.858814259669,7.55083476355),.PIECEWISE_BEZIER_KNOTS.);
#3279 = CARTESIAN_POINT('',(-12.42675125888,5.826789694998));
#3280 = CARTESIAN_POINT('',(-13.0433494702,6.140953702466));
#3281 = ( GEOMETRIC_REPRESENTATION_CONTEXT(2) 
PARAMETRIC_REPRESENTATION_CONTEXT() REPRESENTATION_CONTEXT('2D SPACE',''
  ) );
#3282 = PCURVE('',#3283,#3288);
#3283 = PLANE('',#3284);
#3284 = AXIS2_PLACEMENT_3D('',#3285,#3286,#3287);
#3285 = CARTESIAN_POINT('',(-12.42675125888,5.826789694998,0.9));
#3286 = DIRECTION('',(0.453980779048,0.891011477061,-0.));
#3287 = DIRECTION('',(-0.891011477061,0.453980779048,0.));
#3288 = DEFINITIONAL_REPRESENTATION('',(#3289),#3292);
#3289 = B_SPLINE_CURVE_WITH_KNOTS('',1,(#3290,#3291),.UNSPECIFIED.,.F.,
  .F.,(2,2),(6.858814259669,7.55083476355),.PIECEWISE_BEZIER_KNOTS.);
#3290 = CARTESIAN_POINT('',(0.,0.3));
#3291 = CARTESIAN_POINT('',(0.69202050388,0.3));
#3292 = ( GEOMETRIC_REPRESENTATION_CONTEXT(2) 
PARAMETRIC_REPRESENTATION_CONTEXT() REPRESENTATION_CONTEXT('2D SPACE',''
  ) );
#3293 = ORIENTED_EDGE('',*,*,#3294,.F.);
#3294 = EDGE_CURVE('',#3295,#3269,#3297,.T.);
#3295 = VERTEX_POINT('',#3296);
#3296 = CARTESIAN_POINT('',(-11.81011903476,5.512609741544,1.2));
#3297 = SURFACE_CURVE('',#3298,(#3302,#3308),.PCURVE_S1.);
#3298 = LINE('',#3299,#3300);
#3299 = CARTESIAN_POINT('',(-6.007147017319,2.555940584474,1.2));
#3300 = VECTOR('',#3301,1.);
#3301 = DIRECTION('',(-0.891012285961,0.453979191447,0.));
#3302 = PCURVE('',#43,#3303);
#3303 = DEFINITIONAL_REPRESENTATION('',(#3304),#3307);
#3304 = B_SPLINE_CURVE_WITH_KNOTS('',1,(#3305,#3306),.UNSPECIFIED.,.F.,
  .F.,(2,2),(6.51278563593,7.204843684785),.PIECEWISE_BEZIER_KNOTS.);
#3305 = CARTESIAN_POINT('',(-11.81011903476,5.512609741544));
#3306 = CARTESIAN_POINT('',(-12.42675125888,5.826789694998));
#3307 = ( GEOMETRIC_REPRESENTATION_CONTEXT(2) 
PARAMETRIC_REPRESENTATION_CONTEXT() REPRESENTATION_CONTEXT('2D SPACE',''
  ) );
#3308 = PCURVE('',#3309,#3314);
#3309 = PLANE('',#3310);
#3310 = AXIS2_PLACEMENT_3D('',#3311,#3312,#3313);
#3311 = CARTESIAN_POINT('',(-11.81011903476,5.512609741544,0.9));
#3312 = DIRECTION('',(0.453979191447,0.891012285961,-0.));
#3313 = DIRECTION('',(-0.891012285961,0.453979191447,0.));
#3314 = DEFINITIONAL_REPRESENTATION('',(#3315),#3318);
#3315 = B_SPLINE_CURVE_WITH_KNOTS('',1,(#3316,#3317),.UNSPECIFIED.,.F.,
  .F.,(2,2),(6.51278563593,7.204843684785),.PIECEWISE_BEZIER_KNOTS.);
#3316 = CARTESIAN_POINT('',(0.,0.3));
#3317 = CARTESIAN_POINT('',(0.692058048855,0.3));
#3318 = ( GEOMETRIC_REPRESENTATION_CONTEXT(2) 
PARAMETRIC_REPRESENTATION_CONTEXT() REPRESENTATION_CONTEXT('2D SPACE',''
  ) );
#3319 = ORIENTED_EDGE('',*,*,#3320,.F.);
#3320 = EDGE_CURVE('',#3321,#3295,#3323,.T.);
#3321 = VERTEX_POINT('',#3322);
#3322 = CARTESIAN_POINT('',(-11.19344704674,5.198411230645,1.2));
#3323 = SURFACE_CURVE('',#3324,(#3328,#3334),.PCURVE_S1.);
#3324 = LINE('',#3325,#3326);
#3325 = CARTESIAN_POINT('',(-5.698804103209,2.398853825217,1.2));
#3326 = VECTOR('',#3327,1.);
#3327 = DIRECTION('',(-0.891013281068,0.453977238373,0.));
#3328 = PCURVE('',#43,#3329);
#3329 = DEFINITIONAL_REPRESENTATION('',(#3330),#3333);
#3330 = B_SPLINE_CURVE_WITH_KNOTS('',1,(#3331,#3332),.UNSPECIFIED.,.F.,
  .F.,(2,2),(6.166735176996,6.858837080662),.PIECEWISE_BEZIER_KNOTS.);
#3331 = CARTESIAN_POINT('',(-11.19344704674,5.198411230645));
#3332 = CARTESIAN_POINT('',(-11.81011903476,5.512609741544));
#3333 = ( GEOMETRIC_REPRESENTATION_CONTEXT(2) 
PARAMETRIC_REPRESENTATION_CONTEXT() REPRESENTATION_CONTEXT('2D SPACE',''
  ) );
#3334 = PCURVE('',#3335,#3340);
#3335 = PLANE('',#3336);
#3336 = AXIS2_PLACEMENT_3D('',#3337,#3338,#3339);
#3337 = CARTESIAN_POINT('',(-11.19344704674,5.198411230645,0.9));
#3338 = DIRECTION('',(0.453977238373,0.891013281068,-0.));
#3339 = DIRECTION('',(-0.891013281068,0.453977238373,0.));
#3340 = DEFINITIONAL_REPRESENTATION('',(#3341),#3344);
#3341 = B_SPLINE_CURVE_WITH_KNOTS('',1,(#3342,#3343),.UNSPECIFIED.,.F.,
  .F.,(2,2),(6.166735176996,6.858837080662),.PIECEWISE_BEZIER_KNOTS.);
#3342 = CARTESIAN_POINT('',(0.,0.3));
#3343 = CARTESIAN_POINT('',(0.692101903666,0.3));
#3344 = ( GEOMETRIC_REPRESENTATION_CONTEXT(2) 
PARAMETRIC_REPRESENTATION_CONTEXT() REPRESENTATION_CONTEXT('2D SPACE',''
  ) );
#3345 = ORIENTED_EDGE('',*,*,#3346,.F.);
#3346 = EDGE_CURVE('',#3347,#3321,#3349,.T.);
#3347 = VERTEX_POINT('',#3348);
#3348 = CARTESIAN_POINT('',(-10.57672816995,4.884190948238,1.2));
#3349 = SURFACE_CURVE('',#3350,(#3354,#3360),.PCURVE_S1.);
#3350 = LINE('',#3351,#3352);
#3351 = CARTESIAN_POINT('',(-5.390436483121,2.241758391321,1.2));
#3352 = VECTOR('',#3353,1.);
#3353 = DIRECTION('',(-0.891014519209,0.453974808286,0.));
#3354 = PCURVE('',#43,#3355);
#3355 = DEFINITIONAL_REPRESENTATION('',(#3356),#3359);
#3356 = B_SPLINE_CURVE_WITH_KNOTS('',1,(#3357,#3358),.UNSPECIFIED.,.F.,
  .F.,(2,2),(5.82065900726,6.512812573211),.PIECEWISE_BEZIER_KNOTS.);
#3357 = CARTESIAN_POINT('',(-10.57672816995,4.884190948238));
#3358 = CARTESIAN_POINT('',(-11.19344704674,5.198411230645));
#3359 = ( GEOMETRIC_REPRESENTATION_CONTEXT(2) 
PARAMETRIC_REPRESENTATION_CONTEXT() REPRESENTATION_CONTEXT('2D SPACE',''
  ) );
#3360 = PCURVE('',#3361,#3366);
#3361 = PLANE('',#3362);
#3362 = AXIS2_PLACEMENT_3D('',#3363,#3364,#3365);
#3363 = CARTESIAN_POINT('',(-10.57672816995,4.884190948238,0.9));
#3364 = DIRECTION('',(0.453974808286,0.891014519209,-0.));
#3365 = DIRECTION('',(-0.891014519209,0.453974808286,0.));
#3366 = DEFINITIONAL_REPRESENTATION('',(#3367),#3370);
#3367 = B_SPLINE_CURVE_WITH_KNOTS('',1,(#3368,#3369),.UNSPECIFIED.,.F.,
  .F.,(2,2),(5.82065900726,6.512812573211),.PIECEWISE_BEZIER_KNOTS.);
#3368 = CARTESIAN_POINT('',(0.,0.3));
#3369 = CARTESIAN_POINT('',(0.692153565952,0.3));
#3370 = ( GEOMETRIC_REPRESENTATION_CONTEXT(2) 
PARAMETRIC_REPRESENTATION_CONTEXT() REPRESENTATION_CONTEXT('2D SPACE',''
  ) );
#3371 = ORIENTED_EDGE('',*,*,#3372,.F.);
#3372 = EDGE_CURVE('',#3373,#3347,#3375,.T.);
#3373 = VERTEX_POINT('',#3374);
#3374 = CARTESIAN_POINT('',(-9.959953469555,4.569944893404,1.2));
#3375 = SURFACE_CURVE('',#3376,(#3380,#3386),.PCURVE_S1.);
#3376 = LINE('',#3377,#3378);
#3377 = CARTESIAN_POINT('',(-5.082039363342,2.084652836681,1.2));
#3378 = VECTOR('',#3379,1.);
#3379 = DIRECTION('',(-0.891016079362,0.453971746167,0.));
#3380 = PCURVE('',#43,#3381);
#3381 = DEFINITIONAL_REPRESENTATION('',(#3382),#3385);
#3382 = B_SPLINE_CURVE_WITH_KNOTS('',1,(#3383,#3384),.UNSPECIFIED.,.F.,
  .F.,(2,2),(5.474552277109,6.16676728275),.PIECEWISE_BEZIER_KNOTS.);
#3383 = CARTESIAN_POINT('',(-9.959953469555,4.569944893404));
#3384 = CARTESIAN_POINT('',(-10.57672816995,4.884190948238));
#3385 = ( GEOMETRIC_REPRESENTATION_CONTEXT(2) 
PARAMETRIC_REPRESENTATION_CONTEXT() REPRESENTATION_CONTEXT('2D SPACE',''
  ) );
#3386 = PCURVE('',#3387,#3392);
#3387 = PLANE('',#3388);
#3388 = AXIS2_PLACEMENT_3D('',#3389,#3390,#3391);
#3389 = CARTESIAN_POINT('',(-9.959953469555,4.569944893404,0.9));
#3390 = DIRECTION('',(0.453971746167,0.891016079362,-0.));
#3391 = DIRECTION('',(-0.891016079362,0.453971746167,0.));
#3392 = DEFINITIONAL_REPRESENTATION('',(#3393),#3396);
#3393 = B_SPLINE_CURVE_WITH_KNOTS('',1,(#3394,#3395),.UNSPECIFIED.,.F.,
  .F.,(2,2),(5.474552277109,6.16676728275),.PIECEWISE_BEZIER_KNOTS.);
#3394 = CARTESIAN_POINT('',(0.,0.3));
#3395 = CARTESIAN_POINT('',(0.692215005641,0.3));
#3396 = ( GEOMETRIC_REPRESENTATION_CONTEXT(2) 
PARAMETRIC_REPRESENTATION_CONTEXT() REPRESENTATION_CONTEXT('2D SPACE',''
  ) );
#3397 = ORIENTED_EDGE('',*,*,#3398,.F.);
#3398 = EDGE_CURVE('',#3399,#3373,#3401,.T.);
#3399 = VERTEX_POINT('',#3400);
#3400 = CARTESIAN_POINT('',(-9.343111587111,4.255668022207,1.2));
#3401 = SURFACE_CURVE('',#3402,(#3406,#3412),.PCURVE_S1.);
#3402 = LINE('',#3403,#3404);
#3403 = CARTESIAN_POINT('',(-4.773606625681,1.92753537903,1.2));
#3404 = VECTOR('',#3405,1.);
#3405 = DIRECTION('',(-0.891018073421,0.453967832381,0.));
#3406 = PCURVE('',#43,#3407);
#3407 = DEFINITIONAL_REPRESENTATION('',(#3408),#3411);
#3408 = B_SPLINE_CURVE_WITH_KNOTS('',1,(#3409,#3410),.UNSPECIFIED.,.F.,
  .F.,(2,2),(5.128408836741,5.820697692426),.PIECEWISE_BEZIER_KNOTS.);
#3409 = CARTESIAN_POINT('',(-9.343111587111,4.255668022207));
#3410 = CARTESIAN_POINT('',(-9.959953469555,4.569944893404));
#3411 = ( GEOMETRIC_REPRESENTATION_CONTEXT(2) 
PARAMETRIC_REPRESENTATION_CONTEXT() REPRESENTATION_CONTEXT('2D SPACE',''
  ) );
#3412 = PCURVE('',#3413,#3418);
#3413 = PLANE('',#3414);
#3414 = AXIS2_PLACEMENT_3D('',#3415,#3416,#3417);
#3415 = CARTESIAN_POINT('',(-9.343111587111,4.255668022207,0.9));
#3416 = DIRECTION('',(0.453967832381,0.891018073421,-0.));
#3417 = DIRECTION('',(-0.891018073421,0.453967832381,0.));
#3418 = DEFINITIONAL_REPRESENTATION('',(#3419),#3422);
#3419 = B_SPLINE_CURVE_WITH_KNOTS('',1,(#3420,#3421),.UNSPECIFIED.,.F.,
  .F.,(2,2),(5.128408836741,5.820697692426),.PIECEWISE_BEZIER_KNOTS.);
#3420 = CARTESIAN_POINT('',(0.,0.3));
#3421 = CARTESIAN_POINT('',(0.692288855685,0.3));
#3422 = ( GEOMETRIC_REPRESENTATION_CONTEXT(2) 
PARAMETRIC_REPRESENTATION_CONTEXT() REPRESENTATION_CONTEXT('2D SPACE',''
  ) );
#3423 = ORIENTED_EDGE('',*,*,#3424,.F.);
#3424 = EDGE_CURVE('',#3425,#3399,#3427,.T.);
#3425 = VERTEX_POINT('',#3426);
#3426 = CARTESIAN_POINT('',(-8.726187859305,3.941353884659,1.2));
#3427 = SURFACE_CURVE('',#3428,(#3432,#3438),.PCURVE_S1.);
#3428 = LINE('',#3429,#3430);
#3429 = CARTESIAN_POINT('',(-4.465130336681,1.770403798121,1.2));
#3430 = VECTOR('',#3431,1.);
#3431 = DIRECTION('',(-0.891020663391,0.453962748924,0.));
#3432 = PCURVE('',#43,#3433);
#3433 = DEFINITIONAL_REPRESENTATION('',(#3434),#3437);
#3434 = B_SPLINE_CURVE_WITH_KNOTS('',1,(#3435,#3436),.UNSPECIFIED.,.F.,
  .F.,(2,2),(4.782220769616,5.474599468735),.PIECEWISE_BEZIER_KNOTS.);
#3435 = CARTESIAN_POINT('',(-8.726187859305,3.941353884659));
#3436 = CARTESIAN_POINT('',(-9.343111587111,4.255668022207));
#3437 = ( GEOMETRIC_REPRESENTATION_CONTEXT(2) 
PARAMETRIC_REPRESENTATION_CONTEXT() REPRESENTATION_CONTEXT('2D SPACE',''
  ) );
#3438 = PCURVE('',#3439,#3444);
#3439 = PLANE('',#3440);
#3440 = AXIS2_PLACEMENT_3D('',#3441,#3442,#3443);
#3441 = CARTESIAN_POINT('',(-8.726187859305,3.941353884659,0.9));
#3442 = DIRECTION('',(0.453962748924,0.891020663391,-0.));
#3443 = DIRECTION('',(-0.891020663391,0.453962748924,0.));
#3444 = DEFINITIONAL_REPRESENTATION('',(#3445),#3448);
#3445 = B_SPLINE_CURVE_WITH_KNOTS('',1,(#3446,#3447),.UNSPECIFIED.,.F.,
  .F.,(2,2),(4.782220769616,5.474599468735),.PIECEWISE_BEZIER_KNOTS.);
#3446 = CARTESIAN_POINT('',(0.,0.3));
#3447 = CARTESIAN_POINT('',(0.692378699118,0.3));
#3448 = ( GEOMETRIC_REPRESENTATION_CONTEXT(2) 
PARAMETRIC_REPRESENTATION_CONTEXT() REPRESENTATION_CONTEXT('2D SPACE',''
  ) );
#3449 = ORIENTED_EDGE('',*,*,#3450,.F.);
#3450 = EDGE_CURVE('',#3451,#3425,#3453,.T.);
#3451 = VERTEX_POINT('',#3452);
#3452 = CARTESIAN_POINT('',(-8.109163021967,3.626994099014,1.2));
#3453 = SURFACE_CURVE('',#3454,(#3458,#3464),.PCURVE_S1.);
#3454 = LINE('',#3455,#3456);
#3455 = CARTESIAN_POINT('',(-4.156600021446,1.613255295638,1.2));
#3456 = VECTOR('',#3457,1.);
#3457 = DIRECTION('',(-0.891024089648,0.453956023935,0.));
#3458 = PCURVE('',#43,#3459);
#3459 = DEFINITIONAL_REPRESENTATION('',(#3460),#3463);
#3460 = B_SPLINE_CURVE_WITH_KNOTS('',1,(#3461,#3462),.UNSPECIFIED.,.F.,
  .F.,(2,2),(4.43597770974,5.128467222096),.PIECEWISE_BEZIER_KNOTS.);
#3461 = CARTESIAN_POINT('',(-8.109163021967,3.626994099014));
#3462 = CARTESIAN_POINT('',(-8.726187859305,3.941353884659));
#3463 = ( GEOMETRIC_REPRESENTATION_CONTEXT(2) 
PARAMETRIC_REPRESENTATION_CONTEXT() REPRESENTATION_CONTEXT('2D SPACE',''
  ) );
#3464 = PCURVE('',#3465,#3470);
#3465 = PLANE('',#3466);
#3466 = AXIS2_PLACEMENT_3D('',#3467,#3468,#3469);
#3467 = CARTESIAN_POINT('',(-8.109163021967,3.626994099014,0.9));
#3468 = DIRECTION('',(0.453956023935,0.891024089648,-0.));
#3469 = DIRECTION('',(-0.891024089648,0.453956023935,0.));
#3470 = DEFINITIONAL_REPRESENTATION('',(#3471),#3474);
#3471 = B_SPLINE_CURVE_WITH_KNOTS('',1,(#3472,#3473),.UNSPECIFIED.,.F.,
  .F.,(2,2),(4.43597770974,5.128467222096),.PIECEWISE_BEZIER_KNOTS.);
#3472 = CARTESIAN_POINT('',(0.,0.3));
#3473 = CARTESIAN_POINT('',(0.692489512356,0.3));
#3474 = ( GEOMETRIC_REPRESENTATION_CONTEXT(2) 
PARAMETRIC_REPRESENTATION_CONTEXT() REPRESENTATION_CONTEXT('2D SPACE',''
  ) );
#3475 = ORIENTED_EDGE('',*,*,#3476,.F.);
#3476 = EDGE_CURVE('',#2827,#3451,#3477,.T.);
#3477 = SURFACE_CURVE('',#3478,(#3482,#3488),.PCURVE_S1.);
#3478 = LINE('',#3479,#3480);
#3479 = CARTESIAN_POINT('',(-3.848001559133,1.456086299826,1.2));
#3480 = VECTOR('',#3481,1.);
#3481 = DIRECTION('',(-0.891028719016,0.453946937304,0.));
#3482 = PCURVE('',#43,#3483);
#3483 = DEFINITIONAL_REPRESENTATION('',(#3484),#3487);
#3484 = B_SPLINE_CURVE_WITH_KNOTS('',1,(#3485,#3486),.UNSPECIFIED.,.F.,
  .F.,(2,2),(4.089665816264,4.782294186362),.PIECEWISE_BEZIER_KNOTS.);
#3485 = CARTESIAN_POINT('',(-7.492011252603,3.312577571717));
#3486 = CARTESIAN_POINT('',(-8.109163021967,3.626994099014));
#3487 = ( GEOMETRIC_REPRESENTATION_CONTEXT(2) 
PARAMETRIC_REPRESENTATION_CONTEXT() REPRESENTATION_CONTEXT('2D SPACE',''
  ) );
#3488 = PCURVE('',#3489,#3494);
#3489 = PLANE('',#3490);
#3490 = AXIS2_PLACEMENT_3D('',#3491,#3492,#3493);
#3491 = CARTESIAN_POINT('',(-7.492011252603,3.312577571717,0.9));
#3492 = DIRECTION('',(0.453946937304,0.891028719016,-0.));
#3493 = DIRECTION('',(-0.891028719016,0.453946937304,0.));
#3494 = DEFINITIONAL_REPRESENTATION('',(#3495),#3498);
#3495 = B_SPLINE_CURVE_WITH_KNOTS('',1,(#3496,#3497),.UNSPECIFIED.,.F.,
  .F.,(2,2),(4.089665816264,4.782294186362),.PIECEWISE_BEZIER_KNOTS.);
#3496 = CARTESIAN_POINT('',(0.,0.3));
#3497 = CARTESIAN_POINT('',(0.692628370099,0.3));
#3498 = ( GEOMETRIC_REPRESENTATION_CONTEXT(2) 
PARAMETRIC_REPRESENTATION_CONTEXT() REPRESENTATION_CONTEXT('2D SPACE',''
  ) );
#3499 = FACE_BOUND('',#3500,.T.);
#3500 = EDGE_LOOP('',(#3501,#3529,#3555,#3581,#3607,#3633,#3659,#3685,
    #3711,#3737,#3763,#3789,#3815,#3841,#3867,#3893,#3919,#3945,#3971,
    #3997,#4023,#4049,#4075,#4101,#4127,#4153));
#3501 = ORIENTED_EDGE('',*,*,#3502,.F.);
#3502 = EDGE_CURVE('',#3503,#3505,#3507,.T.);
#3503 = VERTEX_POINT('',#3504);
#3504 = CARTESIAN_POINT('',(-2.741175673048,6.981114232663,1.2));
#3505 = VERTEX_POINT('',#3506);
#3506 = CARTESIAN_POINT('',(-2.955305897274,7.639998025609,1.2));
#3507 = SURFACE_CURVE('',#3508,(#3512,#3518),.PCURVE_S1.);
#3508 = LINE('',#3509,#3510);
#3509 = CARTESIAN_POINT('',(-1.584218479316,3.421129429792,1.2));
#3510 = VECTOR('',#3511,1.);
#3511 = DIRECTION('',(-0.30907692267,0.951037042324,0.));
#3512 = PCURVE('',#43,#3513);
#3513 = DEFINITIONAL_REPRESENTATION('',(#3514),#3517);
#3514 = B_SPLINE_CURVE_WITH_KNOTS('',1,(#3515,#3516),.UNSPECIFIED.,.F.,
  .F.,(2,2),(3.743266186741,4.436071791175),.PIECEWISE_BEZIER_KNOTS.);
#3515 = CARTESIAN_POINT('',(-2.741175673048,6.981114232663));
#3516 = CARTESIAN_POINT('',(-2.955305897274,7.639998025609));
#3517 = ( GEOMETRIC_REPRESENTATION_CONTEXT(2) 
PARAMETRIC_REPRESENTATION_CONTEXT() REPRESENTATION_CONTEXT('2D SPACE',''
  ) );
#3518 = PCURVE('',#3519,#3524);
#3519 = PLANE('',#3520);
#3520 = AXIS2_PLACEMENT_3D('',#3521,#3522,#3523);
#3521 = CARTESIAN_POINT('',(-2.741175673048,6.981114232663,0.9));
#3522 = DIRECTION('',(0.951037042324,0.30907692267,-0.));
#3523 = DIRECTION('',(-0.30907692267,0.951037042324,0.));
#3524 = DEFINITIONAL_REPRESENTATION('',(#3525),#3528);
#3525 = B_SPLINE_CURVE_WITH_KNOTS('',1,(#3526,#3527),.UNSPECIFIED.,.F.,
  .F.,(2,2),(3.743266186741,4.436071791175),.PIECEWISE_BEZIER_KNOTS.);
#3526 = CARTESIAN_POINT('',(0.,0.3));
#3527 = CARTESIAN_POINT('',(0.692805604433,0.3));
#3528 = ( GEOMETRIC_REPRESENTATION_CONTEXT(2) 
PARAMETRIC_REPRESENTATION_CONTEXT() REPRESENTATION_CONTEXT('2D SPACE',''
  ) );
#3529 = ORIENTED_EDGE('',*,*,#3530,.F.);
#3530 = EDGE_CURVE('',#3531,#3503,#3533,.T.);
#3531 = VERTEX_POINT('',#3532);
#3532 = CARTESIAN_POINT('',(-2.998089307319,6.87469712099,1.2));
#3533 = SURFACE_CURVE('',#3534,(#3538,#3544),.PCURVE_S1.);
#3534 = LINE('',#3535,#3536);
#3535 = CARTESIAN_POINT('',(-2.933860898751,6.901301398908,1.2));
#3536 = VECTOR('',#3537,1.);
#3537 = DIRECTION('',(0.923879532511,0.382683432365,-0.));
#3538 = PCURVE('',#43,#3539);
#3539 = DEFINITIONAL_REPRESENTATION('',(#3540),#3543);
#3540 = B_SPLINE_CURVE_WITH_KNOTS('',1,(#3541,#3542),.UNSPECIFIED.,.F.,
  .F.,(2,2),(-6.952032847095E-02,0.208560985413),
  .PIECEWISE_BEZIER_KNOTS.);
#3541 = CARTESIAN_POINT('',(-2.998089307319,6.87469712099));
#3542 = CARTESIAN_POINT('',(-2.741175673048,6.981114232663));
#3543 = ( GEOMETRIC_REPRESENTATION_CONTEXT(2) 
PARAMETRIC_REPRESENTATION_CONTEXT() REPRESENTATION_CONTEXT('2D SPACE',''
  ) );
#3544 = PCURVE('',#3545,#3550);
#3545 = PLANE('',#3546);
#3546 = AXIS2_PLACEMENT_3D('',#3547,#3548,#3549);
#3547 = CARTESIAN_POINT('',(-2.998089307319,6.87469712099,0.9));
#3548 = DIRECTION('',(0.382683432365,-0.923879532511,0.));
#3549 = DIRECTION('',(0.923879532511,0.382683432365,0.));
#3550 = DEFINITIONAL_REPRESENTATION('',(#3551),#3554);
#3551 = B_SPLINE_CURVE_WITH_KNOTS('',1,(#3552,#3553),.UNSPECIFIED.,.F.,
  .F.,(2,2),(-6.952032847095E-02,0.208560985413),
  .PIECEWISE_BEZIER_KNOTS.);
#3552 = CARTESIAN_POINT('',(0.,0.3));
#3553 = CARTESIAN_POINT('',(0.278081313884,0.3));
#3554 = ( GEOMETRIC_REPRESENTATION_CONTEXT(2) 
PARAMETRIC_REPRESENTATION_CONTEXT() REPRESENTATION_CONTEXT('2D SPACE',''
  ) );
#3555 = ORIENTED_EDGE('',*,*,#3556,.F.);
#3556 = EDGE_CURVE('',#3557,#3531,#3559,.T.);
#3557 = VERTEX_POINT('',#3558);
#3558 = CARTESIAN_POINT('',(-3.312577571717,7.492011252603,1.2));
#3559 = SURFACE_CURVE('',#3560,(#3564,#3570),.PCURVE_S1.);
#3560 = LINE('',#3561,#3562);
#3561 = CARTESIAN_POINT('',(-1.456136321716,3.847972514535,1.2));
#3562 = VECTOR('',#3563,1.);
#3563 = DIRECTION('',(0.453934353859,-0.891035129715,0.));
#3564 = PCURVE('',#43,#3565);
#3565 = DEFINITIONAL_REPRESENTATION('',(#3566),#3569);
#3566 = B_SPLINE_CURVE_WITH_KNOTS('',1,(#3567,#3568),.UNSPECIFIED.,.F.,
  .F.,(2,2),(-4.089668988958,-3.396863384525),.PIECEWISE_BEZIER_KNOTS.);
#3567 = CARTESIAN_POINT('',(-3.312577571717,7.492011252603));
#3568 = CARTESIAN_POINT('',(-2.998089307319,6.87469712099));
#3569 = ( GEOMETRIC_REPRESENTATION_CONTEXT(2) 
PARAMETRIC_REPRESENTATION_CONTEXT() REPRESENTATION_CONTEXT('2D SPACE',''
  ) );
#3570 = PCURVE('',#3571,#3576);
#3571 = PLANE('',#3572);
#3572 = AXIS2_PLACEMENT_3D('',#3573,#3574,#3575);
#3573 = CARTESIAN_POINT('',(-3.312577571717,7.492011252603,0.9));
#3574 = DIRECTION('',(-0.891035129715,-0.453934353859,0.));
#3575 = DIRECTION('',(0.453934353859,-0.891035129715,0.));
#3576 = DEFINITIONAL_REPRESENTATION('',(#3577),#3580);
#3577 = B_SPLINE_CURVE_WITH_KNOTS('',1,(#3578,#3579),.UNSPECIFIED.,.F.,
  .F.,(2,2),(-4.089668988958,-3.396863384525),.PIECEWISE_BEZIER_KNOTS.);
#3578 = CARTESIAN_POINT('',(0.,0.3));
#3579 = CARTESIAN_POINT('',(0.692805604433,0.3));
#3580 = ( GEOMETRIC_REPRESENTATION_CONTEXT(2) 
PARAMETRIC_REPRESENTATION_CONTEXT() REPRESENTATION_CONTEXT('2D SPACE',''
  ) );
#3581 = ORIENTED_EDGE('',*,*,#3582,.F.);
#3582 = EDGE_CURVE('',#3583,#3557,#3585,.T.);
#3583 = VERTEX_POINT('',#3584);
#3584 = CARTESIAN_POINT('',(-3.626994099013,8.109163021967,1.2));
#3585 = SURFACE_CURVE('',#3586,(#3590,#3596),.PCURVE_S1.);
#3586 = LINE('',#3587,#3588);
#3587 = CARTESIAN_POINT('',(-1.613294563474,4.156577443814,1.2));
#3588 = VECTOR('',#3589,1.);
#3589 = DIRECTION('',(0.453946937304,-0.891028719016,0.));
#3590 = PCURVE('',#43,#3591);
#3591 = DEFINITIONAL_REPRESENTATION('',(#3592),#3595);
#3592 = B_SPLINE_CURVE_WITH_KNOTS('',1,(#3593,#3594),.UNSPECIFIED.,.F.,
  .F.,(2,2),(-4.435980001313,-3.743351631214),.PIECEWISE_BEZIER_KNOTS.);
#3593 = CARTESIAN_POINT('',(-3.626994099013,8.109163021967));
#3594 = CARTESIAN_POINT('',(-3.312577571717,7.492011252603));
#3595 = ( GEOMETRIC_REPRESENTATION_CONTEXT(2) 
PARAMETRIC_REPRESENTATION_CONTEXT() REPRESENTATION_CONTEXT('2D SPACE',''
  ) );
#3596 = PCURVE('',#3597,#3602);
#3597 = PLANE('',#3598);
#3598 = AXIS2_PLACEMENT_3D('',#3599,#3600,#3601);
#3599 = CARTESIAN_POINT('',(-3.626994099013,8.109163021967,0.9));
#3600 = DIRECTION('',(-0.891028719016,-0.453946937304,0.));
#3601 = DIRECTION('',(0.453946937304,-0.891028719016,0.));
#3602 = DEFINITIONAL_REPRESENTATION('',(#3603),#3606);
#3603 = B_SPLINE_CURVE_WITH_KNOTS('',1,(#3604,#3605),.UNSPECIFIED.,.F.,
  .F.,(2,2),(-4.435980001313,-3.743351631214),.PIECEWISE_BEZIER_KNOTS.);
#3604 = CARTESIAN_POINT('',(0.,0.3));
#3605 = CARTESIAN_POINT('',(0.692628370099,0.3));
#3606 = ( GEOMETRIC_REPRESENTATION_CONTEXT(2) 
PARAMETRIC_REPRESENTATION_CONTEXT() REPRESENTATION_CONTEXT('2D SPACE',''
  ) );
#3607 = ORIENTED_EDGE('',*,*,#3608,.F.);
#3608 = EDGE_CURVE('',#3609,#3583,#3611,.T.);
#3609 = VERTEX_POINT('',#3610);
#3610 = CARTESIAN_POINT('',(-3.941353884659,8.726187859305,1.2));
#3611 = SURFACE_CURVE('',#3612,(#3616,#3622),.PCURVE_S1.);
#3612 = LINE('',#3613,#3614);
#3613 = CARTESIAN_POINT('',(-1.770435188461,4.465112440115,1.2));
#3614 = VECTOR('',#3615,1.);
#3615 = DIRECTION('',(0.453956023935,-0.891024089648,0.));
#3616 = PCURVE('',#43,#3617);
#3617 = DEFINITIONAL_REPRESENTATION('',(#3618),#3621);
#3618 = B_SPLINE_CURVE_WITH_KNOTS('',1,(#3619,#3620),.UNSPECIFIED.,.F.,
  .F.,(2,2),(-4.782222465918,-4.089732953562),.PIECEWISE_BEZIER_KNOTS.);
#3619 = CARTESIAN_POINT('',(-3.941353884659,8.726187859305));
#3620 = CARTESIAN_POINT('',(-3.626994099013,8.109163021967));
#3621 = ( GEOMETRIC_REPRESENTATION_CONTEXT(2) 
PARAMETRIC_REPRESENTATION_CONTEXT() REPRESENTATION_CONTEXT('2D SPACE',''
  ) );
#3622 = PCURVE('',#3623,#3628);
#3623 = PLANE('',#3624);
#3624 = AXIS2_PLACEMENT_3D('',#3625,#3626,#3627);
#3625 = CARTESIAN_POINT('',(-3.941353884659,8.726187859305,0.9));
#3626 = DIRECTION('',(-0.891024089648,-0.453956023935,0.));
#3627 = DIRECTION('',(0.453956023935,-0.891024089648,0.));
#3628 = DEFINITIONAL_REPRESENTATION('',(#3629),#3632);
#3629 = B_SPLINE_CURVE_WITH_KNOTS('',1,(#3630,#3631),.UNSPECIFIED.,.F.,
  .F.,(2,2),(-4.782222465918,-4.089732953562),.PIECEWISE_BEZIER_KNOTS.);
#3630 = CARTESIAN_POINT('',(0.,0.3));
#3631 = CARTESIAN_POINT('',(0.692489512356,0.3));
#3632 = ( GEOMETRIC_REPRESENTATION_CONTEXT(2) 
PARAMETRIC_REPRESENTATION_CONTEXT() REPRESENTATION_CONTEXT('2D SPACE',''
  ) );
#3633 = ORIENTED_EDGE('',*,*,#3634,.F.);
#3634 = EDGE_CURVE('',#3635,#3609,#3637,.T.);
#3635 = VERTEX_POINT('',#3636);
#3636 = CARTESIAN_POINT('',(-4.255668022207,9.343111587111,1.2));
#3637 = SURFACE_CURVE('',#3638,(#3642,#3648),.PCURVE_S1.);
#3638 = LINE('',#3639,#3640);
#3639 = CARTESIAN_POINT('',(-1.927560866896,4.773592200584,1.2));
#3640 = VECTOR('',#3641,1.);
#3641 = DIRECTION('',(0.453962748924,-0.891020663391,0.));
#3642 = PCURVE('',#43,#3643);
#3643 = DEFINITIONAL_REPRESENTATION('',(#3644),#3647);
#3644 = B_SPLINE_CURVE_WITH_KNOTS('',1,(#3645,#3646),.UNSPECIFIED.,.F.,
  .F.,(2,2),(-5.128410119175,-4.436031420057),.PIECEWISE_BEZIER_KNOTS.);
#3645 = CARTESIAN_POINT('',(-4.255668022207,9.343111587111));
#3646 = CARTESIAN_POINT('',(-3.941353884659,8.726187859305));
#3647 = ( GEOMETRIC_REPRESENTATION_CONTEXT(2) 
PARAMETRIC_REPRESENTATION_CONTEXT() REPRESENTATION_CONTEXT('2D SPACE',''
  ) );
#3648 = PCURVE('',#3649,#3654);
#3649 = PLANE('',#3650);
#3650 = AXIS2_PLACEMENT_3D('',#3651,#3652,#3653);
#3651 = CARTESIAN_POINT('',(-4.255668022207,9.343111587111,0.9));
#3652 = DIRECTION('',(-0.891020663391,-0.453962748924,0.));
#3653 = DIRECTION('',(0.453962748924,-0.891020663391,0.));
#3654 = DEFINITIONAL_REPRESENTATION('',(#3655),#3658);
#3655 = B_SPLINE_CURVE_WITH_KNOTS('',1,(#3656,#3657),.UNSPECIFIED.,.F.,
  .F.,(2,2),(-5.128410119175,-4.436031420057),.PIECEWISE_BEZIER_KNOTS.);
#3656 = CARTESIAN_POINT('',(0.,0.3));
#3657 = CARTESIAN_POINT('',(0.692378699118,0.3));
#3658 = ( GEOMETRIC_REPRESENTATION_CONTEXT(2) 
PARAMETRIC_REPRESENTATION_CONTEXT() REPRESENTATION_CONTEXT('2D SPACE',''
  ) );
#3659 = ORIENTED_EDGE('',*,*,#3660,.F.);
#3660 = EDGE_CURVE('',#3661,#3635,#3663,.T.);
#3661 = VERTEX_POINT('',#3662);
#3662 = CARTESIAN_POINT('',(-4.569944893404,9.959953469555,1.2));
#3663 = SURFACE_CURVE('',#3664,(#3668,#3674),.PCURVE_S1.);
#3664 = LINE('',#3665,#3666);
#3665 = CARTESIAN_POINT('',(-2.084673814628,5.082027566903,1.2));
#3666 = VECTOR('',#3667,1.);
#3667 = DIRECTION('',(0.453967832381,-0.891018073421,0.));
#3668 = PCURVE('',#43,#3669);
#3669 = DEFINITIONAL_REPRESENTATION('',(#3670),#3673);
#3670 = B_SPLINE_CURVE_WITH_KNOTS('',1,(#3671,#3672),.UNSPECIFIED.,.F.,
  .F.,(2,2),(-5.474553264584,-4.782264408898),.PIECEWISE_BEZIER_KNOTS.);
#3671 = CARTESIAN_POINT('',(-4.569944893404,9.959953469555));
#3672 = CARTESIAN_POINT('',(-4.255668022207,9.343111587111));
#3673 = ( GEOMETRIC_REPRESENTATION_CONTEXT(2) 
PARAMETRIC_REPRESENTATION_CONTEXT() REPRESENTATION_CONTEXT('2D SPACE',''
  ) );
#3674 = PCURVE('',#3675,#3680);
#3675 = PLANE('',#3676);
#3676 = AXIS2_PLACEMENT_3D('',#3677,#3678,#3679);
#3677 = CARTESIAN_POINT('',(-4.569944893404,9.959953469555,0.9));
#3678 = DIRECTION('',(-0.891018073421,-0.453967832381,0.));
#3679 = DIRECTION('',(0.453967832381,-0.891018073421,0.));
#3680 = DEFINITIONAL_REPRESENTATION('',(#3681),#3684);
#3681 = B_SPLINE_CURVE_WITH_KNOTS('',1,(#3682,#3683),.UNSPECIFIED.,.F.,
  .F.,(2,2),(-5.474553264584,-4.782264408898),.PIECEWISE_BEZIER_KNOTS.);
#3682 = CARTESIAN_POINT('',(0.,0.3));
#3683 = CARTESIAN_POINT('',(0.692288855685,0.3));
#3684 = ( GEOMETRIC_REPRESENTATION_CONTEXT(2) 
PARAMETRIC_REPRESENTATION_CONTEXT() REPRESENTATION_CONTEXT('2D SPACE',''
  ) );
#3685 = ORIENTED_EDGE('',*,*,#3686,.F.);
#3686 = EDGE_CURVE('',#3687,#3661,#3689,.T.);
#3687 = VERTEX_POINT('',#3688);
#3688 = CARTESIAN_POINT('',(-4.884190948238,10.576728169956,1.2));
#3689 = SURFACE_CURVE('',#3690,(#3694,#3700),.PCURVE_S1.);
#3690 = LINE('',#3691,#3692);
#3691 = CARTESIAN_POINT('',(-2.241775864098,5.390426713543,1.2));
#3692 = VECTOR('',#3693,1.);
#3693 = DIRECTION('',(0.453971746167,-0.891016079362,0.));
#3694 = PCURVE('',#43,#3695);
#3695 = DEFINITIONAL_REPRESENTATION('',(#3696),#3699);
#3696 = B_SPLINE_CURVE_WITH_KNOTS('',1,(#3697,#3698),.UNSPECIFIED.,.F.,
  .F.,(2,2),(-5.82065977993,-5.128444774289),.PIECEWISE_BEZIER_KNOTS.);
#3697 = CARTESIAN_POINT('',(-4.884190948238,10.576728169956));
#3698 = CARTESIAN_POINT('',(-4.569944893404,9.959953469555));
#3699 = ( GEOMETRIC_REPRESENTATION_CONTEXT(2) 
PARAMETRIC_REPRESENTATION_CONTEXT() REPRESENTATION_CONTEXT('2D SPACE',''
  ) );
#3700 = PCURVE('',#3701,#3706);
#3701 = PLANE('',#3702);
#3702 = AXIS2_PLACEMENT_3D('',#3703,#3704,#3705);
#3703 = CARTESIAN_POINT('',(-4.884190948238,10.576728169956,0.9));
#3704 = DIRECTION('',(-0.891016079362,-0.453971746167,0.));
#3705 = DIRECTION('',(0.453971746167,-0.891016079362,0.));
#3706 = DEFINITIONAL_REPRESENTATION('',(#3707),#3710);
#3707 = B_SPLINE_CURVE_WITH_KNOTS('',1,(#3708,#3709),.UNSPECIFIED.,.F.,
  .F.,(2,2),(-5.82065977993,-5.128444774289),.PIECEWISE_BEZIER_KNOTS.);
#3708 = CARTESIAN_POINT('',(0.,0.3));
#3709 = CARTESIAN_POINT('',(0.692215005641,0.3));
#3710 = ( GEOMETRIC_REPRESENTATION_CONTEXT(2) 
PARAMETRIC_REPRESENTATION_CONTEXT() REPRESENTATION_CONTEXT('2D SPACE',''
  ) );
#3711 = ORIENTED_EDGE('',*,*,#3712,.F.);
#3712 = EDGE_CURVE('',#3713,#3687,#3715,.T.);
#3713 = VERTEX_POINT('',#3714);
#3714 = CARTESIAN_POINT('',(-5.198411230645,11.193447046742,1.2));
#3715 = SURFACE_CURVE('',#3716,(#3720,#3726),.PCURVE_S1.);
#3716 = LINE('',#3717,#3718);
#3717 = CARTESIAN_POINT('',(-2.398868532524,5.698795921514,1.2));
#3718 = VECTOR('',#3719,1.);
#3719 = DIRECTION('',(0.453974808286,-0.891014519209,0.));
#3720 = PCURVE('',#43,#3721);
#3721 = DEFINITIONAL_REPRESENTATION('',(#3722),#3725);
#3722 = B_SPLINE_CURVE_WITH_KNOTS('',1,(#3723,#3724),.UNSPECIFIED.,.F.,
  .F.,(2,2),(-6.166735790235,-5.474582224284),.PIECEWISE_BEZIER_KNOTS.);
#3723 = CARTESIAN_POINT('',(-5.198411230645,11.193447046742));
#3724 = CARTESIAN_POINT('',(-4.884190948238,10.576728169956));
#3725 = ( GEOMETRIC_REPRESENTATION_CONTEXT(2) 
PARAMETRIC_REPRESENTATION_CONTEXT() REPRESENTATION_CONTEXT('2D SPACE',''
  ) );
#3726 = PCURVE('',#3727,#3732);
#3727 = PLANE('',#3728);
#3728 = AXIS2_PLACEMENT_3D('',#3729,#3730,#3731);
#3729 = CARTESIAN_POINT('',(-5.198411230645,11.193447046742,0.9));
#3730 = DIRECTION('',(-0.891014519209,-0.453974808286,0.));
#3731 = DIRECTION('',(0.453974808286,-0.891014519209,0.));
#3732 = DEFINITIONAL_REPRESENTATION('',(#3733),#3736);
#3733 = B_SPLINE_CURVE_WITH_KNOTS('',1,(#3734,#3735),.UNSPECIFIED.,.F.,
  .F.,(2,2),(-6.166735790235,-5.474582224284),.PIECEWISE_BEZIER_KNOTS.);
#3734 = CARTESIAN_POINT('',(0.,0.3));
#3735 = CARTESIAN_POINT('',(0.692153565952,0.3));
#3736 = ( GEOMETRIC_REPRESENTATION_CONTEXT(2) 
PARAMETRIC_REPRESENTATION_CONTEXT() REPRESENTATION_CONTEXT('2D SPACE',''
  ) );
#3737 = ORIENTED_EDGE('',*,*,#3738,.F.);
#3738 = EDGE_CURVE('',#3739,#3713,#3741,.T.);
#3739 = VERTEX_POINT('',#3740);
#3740 = CARTESIAN_POINT('',(-5.512609741544,11.81011903476,1.2));
#3741 = SURFACE_CURVE('',#3742,(#3746,#3752),.PCURVE_S1.);
#3742 = LINE('',#3743,#3744);
#3743 = CARTESIAN_POINT('',(-2.555953080666,6.007140097219,1.2));
#3744 = VECTOR('',#3745,1.);
#3745 = DIRECTION('',(0.453977238373,-0.891013281068,0.));
#3746 = PCURVE('',#43,#3747);
#3747 = DEFINITIONAL_REPRESENTATION('',(#3748),#3751);
#3748 = B_SPLINE_CURVE_WITH_KNOTS('',1,(#3749,#3750),.UNSPECIFIED.,.F.,
  .F.,(2,2),(-6.512786128829,-5.820684225163),.PIECEWISE_BEZIER_KNOTS.);
#3749 = CARTESIAN_POINT('',(-5.512609741544,11.81011903476));
#3750 = CARTESIAN_POINT('',(-5.198411230645,11.193447046742));
#3751 = ( GEOMETRIC_REPRESENTATION_CONTEXT(2) 
PARAMETRIC_REPRESENTATION_CONTEXT() REPRESENTATION_CONTEXT('2D SPACE',''
  ) );
#3752 = PCURVE('',#3753,#3758);
#3753 = PLANE('',#3754);
#3754 = AXIS2_PLACEMENT_3D('',#3755,#3756,#3757);
#3755 = CARTESIAN_POINT('',(-5.512609741544,11.81011903476,0.9));
#3756 = DIRECTION('',(-0.891013281068,-0.453977238373,0.));
#3757 = DIRECTION('',(0.453977238373,-0.891013281068,0.));
#3758 = DEFINITIONAL_REPRESENTATION('',(#3759),#3762);
#3759 = B_SPLINE_CURVE_WITH_KNOTS('',1,(#3760,#3761),.UNSPECIFIED.,.F.,
  .F.,(2,2),(-6.512786128829,-5.820684225163),.PIECEWISE_BEZIER_KNOTS.);
#3760 = CARTESIAN_POINT('',(0.,0.3));
#3761 = CARTESIAN_POINT('',(0.692101903666,0.3));
#3762 = ( GEOMETRIC_REPRESENTATION_CONTEXT(2) 
PARAMETRIC_REPRESENTATION_CONTEXT() REPRESENTATION_CONTEXT('2D SPACE',''
  ) );
#3763 = ORIENTED_EDGE('',*,*,#3764,.F.);
#3764 = EDGE_CURVE('',#3765,#3739,#3767,.T.);
#3765 = VERTEX_POINT('',#3766);
#3766 = CARTESIAN_POINT('',(-5.826789694998,12.426751258888,1.2));
#3767 = SURFACE_CURVE('',#3768,(#3772,#3778),.PCURVE_S1.);
#3768 = LINE('',#3769,#3770);
#3769 = CARTESIAN_POINT('',(-2.713030561201,6.315463129383,1.2));
#3770 = VECTOR('',#3771,1.);
#3771 = DIRECTION('',(0.453979191447,-0.891012285961,0.));
#3772 = PCURVE('',#43,#3773);
#3773 = DEFINITIONAL_REPRESENTATION('',(#3774),#3777);
#3774 = B_SPLINE_CURVE_WITH_KNOTS('',1,(#3775,#3776),.UNSPECIFIED.,.F.,
  .F.,(2,2),(-6.858814660357,-6.166756611503),.PIECEWISE_BEZIER_KNOTS.);
#3775 = CARTESIAN_POINT('',(-5.826789694998,12.426751258888));
#3776 = CARTESIAN_POINT('',(-5.512609741544,11.81011903476));
#3777 = ( GEOMETRIC_REPRESENTATION_CONTEXT(2) 
PARAMETRIC_REPRESENTATION_CONTEXT() REPRESENTATION_CONTEXT('2D SPACE',''
  ) );
#3778 = PCURVE('',#3779,#3784);
#3779 = PLANE('',#3780);
#3780 = AXIS2_PLACEMENT_3D('',#3781,#3782,#3783);
#3781 = CARTESIAN_POINT('',(-5.826789694998,12.426751258888,0.9));
#3782 = DIRECTION('',(-0.891012285961,-0.453979191447,0.));
#3783 = DIRECTION('',(0.453979191447,-0.891012285961,0.));
#3784 = DEFINITIONAL_REPRESENTATION('',(#3785),#3788);
#3785 = B_SPLINE_CURVE_WITH_KNOTS('',1,(#3786,#3787),.UNSPECIFIED.,.F.,
  .F.,(2,2),(-6.858814660357,-6.166756611503),.PIECEWISE_BEZIER_KNOTS.);
#3786 = CARTESIAN_POINT('',(0.,0.3));
#3787 = CARTESIAN_POINT('',(0.692058048855,0.3));
#3788 = ( GEOMETRIC_REPRESENTATION_CONTEXT(2) 
PARAMETRIC_REPRESENTATION_CONTEXT() REPRESENTATION_CONTEXT('2D SPACE',''
  ) );
#3789 = ORIENTED_EDGE('',*,*,#3790,.F.);
#3790 = EDGE_CURVE('',#3791,#3765,#3793,.T.);
#3791 = VERTEX_POINT('',#3792);
#3792 = CARTESIAN_POINT('',(-6.140953702466,13.043349470207,1.2));
#3793 = SURFACE_CURVE('',#3794,(#3798,#3804),.PCURVE_S1.);
#3794 = LINE('',#3795,#3796);
#3795 = CARTESIAN_POINT('',(-2.870101857781,6.62376814015,1.2));
#3796 = VECTOR('',#3797,1.);
#3797 = DIRECTION('',(0.453980779048,-0.891011477061,0.));
#3798 = PCURVE('',#43,#3799);
#3799 = DEFINITIONAL_REPRESENTATION('',(#3800),#3803);
#3800 = B_SPLINE_CURVE_WITH_KNOTS('',1,(#3801,#3802),.UNSPECIFIED.,.F.,
  .F.,(2,2),(-7.20482451161,-6.512804007729),.PIECEWISE_BEZIER_KNOTS.);
#3801 = CARTESIAN_POINT('',(-6.140953702466,13.043349470207));
#3802 = CARTESIAN_POINT('',(-5.826789694998,12.426751258888));
#3803 = ( GEOMETRIC_REPRESENTATION_CONTEXT(2) 
PARAMETRIC_REPRESENTATION_CONTEXT() REPRESENTATION_CONTEXT('2D SPACE',''
  ) );
#3804 = PCURVE('',#3805,#3810);
#3805 = PLANE('',#3806);
#3806 = AXIS2_PLACEMENT_3D('',#3807,#3808,#3809);
#3807 = CARTESIAN_POINT('',(-6.140953702466,13.043349470207,0.9));
#3808 = DIRECTION('',(-0.891011477061,-0.453980779048,0.));
#3809 = DIRECTION('',(0.453980779048,-0.891011477061,0.));
#3810 = DEFINITIONAL_REPRESENTATION('',(#3811),#3814);
#3811 = B_SPLINE_CURVE_WITH_KNOTS('',1,(#3812,#3813),.UNSPECIFIED.,.F.,
  .F.,(2,2),(-7.20482451161,-6.512804007729),.PIECEWISE_BEZIER_KNOTS.);
#3812 = CARTESIAN_POINT('',(0.,0.3));
#3813 = CARTESIAN_POINT('',(0.69202050388,0.3));
#3814 = ( GEOMETRIC_REPRESENTATION_CONTEXT(2) 
PARAMETRIC_REPRESENTATION_CONTEXT() REPRESENTATION_CONTEXT('2D SPACE',''
  ) );
#3815 = ORIENTED_EDGE('',*,*,#3816,.F.);
#3816 = EDGE_CURVE('',#3817,#3791,#3819,.T.);
#3817 = VERTEX_POINT('',#3818);
#3818 = CARTESIAN_POINT('',(-6.455103907632,13.659918361864,1.2));
#3819 = SURFACE_CURVE('',#3820,(#3824,#3830),.PCURVE_S1.);
#3820 = LINE('',#3821,#3822);
#3821 = CARTESIAN_POINT('',(-3.027167716296,6.932057665271,1.2));
#3822 = VECTOR('',#3823,1.);
#3823 = DIRECTION('',(0.453982082822,-0.891010812772,0.));
#3824 = PCURVE('',#43,#3825);
#3825 = DEFINITIONAL_REPRESENTATION('',(#3826),#3829);
#3826 = B_SPLINE_CURVE_WITH_KNOTS('',1,(#3827,#3828),.UNSPECIFIED.,.F.,
  .F.,(2,2),(-7.550818239411,-6.858830125666),.PIECEWISE_BEZIER_KNOTS.);
#3827 = CARTESIAN_POINT('',(-6.455103907632,13.659918361864));
#3828 = CARTESIAN_POINT('',(-6.140953702466,13.043349470207));
#3829 = ( GEOMETRIC_REPRESENTATION_CONTEXT(2) 
PARAMETRIC_REPRESENTATION_CONTEXT() REPRESENTATION_CONTEXT('2D SPACE',''
  ) );
#3830 = PCURVE('',#3831,#3836);
#3831 = PLANE('',#3832);
#3832 = AXIS2_PLACEMENT_3D('',#3833,#3834,#3835);
#3833 = CARTESIAN_POINT('',(-6.455103907632,13.659918361864,0.9));
#3834 = DIRECTION('',(-0.891010812772,-0.453982082822,0.));
#3835 = DIRECTION('',(0.453982082822,-0.891010812772,0.));
#3836 = DEFINITIONAL_REPRESENTATION('',(#3837),#3840);
#3837 = B_SPLINE_CURVE_WITH_KNOTS('',1,(#3838,#3839),.UNSPECIFIED.,.F.,
  .F.,(2,2),(-7.550818239411,-6.858830125666),.PIECEWISE_BEZIER_KNOTS.);
#3838 = CARTESIAN_POINT('',(0.,0.3));
#3839 = CARTESIAN_POINT('',(0.691988113745,0.3));
#3840 = ( GEOMETRIC_REPRESENTATION_CONTEXT(2) 
PARAMETRIC_REPRESENTATION_CONTEXT() REPRESENTATION_CONTEXT('2D SPACE',''
  ) );
#3841 = ORIENTED_EDGE('',*,*,#3842,.F.);
#3842 = EDGE_CURVE('',#3843,#3817,#3845,.T.);
#3843 = VERTEX_POINT('',#3844);
#3844 = CARTESIAN_POINT('',(-6.769242086596,14.276461801618,1.2));
#3845 = SURFACE_CURVE('',#3846,(#3850,#3856),.PCURVE_S1.);
#3846 = LINE('',#3847,#3848);
#3847 = CARTESIAN_POINT('',(-3.184228769843,7.240333785703,1.2));
#3848 = VECTOR('',#3849,1.);
#3849 = DIRECTION('',(0.453983163468,-0.891010262167,0.));
#3850 = PCURVE('',#43,#3851);
#3851 = DEFINITIONAL_REPRESENTATION('',(#3852),#3855);
#3852 = B_SPLINE_CURVE_WITH_KNOTS('',1,(#3853,#3854),.UNSPECIFIED.,.F.,
  .F.,(2,2),(-7.896797954718,-7.204837978573),.PIECEWISE_BEZIER_KNOTS.);
#3853 = CARTESIAN_POINT('',(-6.769242086596,14.276461801618));
#3854 = CARTESIAN_POINT('',(-6.455103907632,13.659918361864));
#3855 = ( GEOMETRIC_REPRESENTATION_CONTEXT(2) 
PARAMETRIC_REPRESENTATION_CONTEXT() REPRESENTATION_CONTEXT('2D SPACE',''
  ) );
#3856 = PCURVE('',#3857,#3862);
#3857 = PLANE('',#3858);
#3858 = AXIS2_PLACEMENT_3D('',#3859,#3860,#3861);
#3859 = CARTESIAN_POINT('',(-6.769242086596,14.276461801618,0.9));
#3860 = DIRECTION('',(-0.891010262167,-0.453983163468,0.));
#3861 = DIRECTION('',(0.453983163468,-0.891010262167,0.));
#3862 = DEFINITIONAL_REPRESENTATION('',(#3863),#3866);
#3863 = B_SPLINE_CURVE_WITH_KNOTS('',1,(#3864,#3865),.UNSPECIFIED.,.F.,
  .F.,(2,2),(-7.896797954718,-7.204837978573),.PIECEWISE_BEZIER_KNOTS.);
#3864 = CARTESIAN_POINT('',(0.,0.3));
#3865 = CARTESIAN_POINT('',(0.691959976145,0.3));
#3866 = ( GEOMETRIC_REPRESENTATION_CONTEXT(2) 
PARAMETRIC_REPRESENTATION_CONTEXT() REPRESENTATION_CONTEXT('2D SPACE',''
  ) );
#3867 = ORIENTED_EDGE('',*,*,#3868,.F.);
#3868 = EDGE_CURVE('',#3869,#3843,#3871,.T.);
#3869 = VERTEX_POINT('',#3870);
#3870 = CARTESIAN_POINT('',(-5.308405968349,14.8815599342,1.2));
#3871 = SURFACE_CURVE('',#3872,(#3876,#3882),.PCURVE_S1.);
#3872 = LINE('',#3873,#3874);
#3873 = CARTESIAN_POINT('',(-5.673614997911,14.730285401055,1.2));
#3874 = VECTOR('',#3875,1.);
#3875 = DIRECTION('',(-0.923879532511,-0.382683432365,0.));
#3876 = PCURVE('',#43,#3877);
#3877 = DEFINITIONAL_REPRESENTATION('',(#3878),#3881);
#3878 = B_SPLINE_CURVE_WITH_KNOTS('',1,(#3879,#3880),.UNSPECIFIED.,.F.,
  .F.,(2,2),(-0.395299405074,1.185898215222),.PIECEWISE_BEZIER_KNOTS.);
#3879 = CARTESIAN_POINT('',(-5.308405968349,14.8815599342));
#3880 = CARTESIAN_POINT('',(-6.769242086596,14.276461801618));
#3881 = ( GEOMETRIC_REPRESENTATION_CONTEXT(2) 
PARAMETRIC_REPRESENTATION_CONTEXT() REPRESENTATION_CONTEXT('2D SPACE',''
  ) );
#3882 = PCURVE('',#3883,#3888);
#3883 = PLANE('',#3884);
#3884 = AXIS2_PLACEMENT_3D('',#3885,#3886,#3887);
#3885 = CARTESIAN_POINT('',(-5.308405968349,14.8815599342,0.9));
#3886 = DIRECTION('',(-0.382683432365,0.923879532511,0.));
#3887 = DIRECTION('',(-0.923879532511,-0.382683432365,0.));
#3888 = DEFINITIONAL_REPRESENTATION('',(#3889),#3892);
#3889 = B_SPLINE_CURVE_WITH_KNOTS('',1,(#3890,#3891),.UNSPECIFIED.,.F.,
  .F.,(2,2),(-0.395299405074,1.185898215222),.PIECEWISE_BEZIER_KNOTS.);
#3890 = CARTESIAN_POINT('',(0.,0.3));
#3891 = CARTESIAN_POINT('',(1.581197620296,0.3));
#3892 = ( GEOMETRIC_REPRESENTATION_CONTEXT(2) 
PARAMETRIC_REPRESENTATION_CONTEXT() REPRESENTATION_CONTEXT('2D SPACE',''
  ) );
#3893 = ORIENTED_EDGE('',*,*,#3894,.F.);
#3894 = EDGE_CURVE('',#3895,#3869,#3897,.T.);
#3895 = VERTEX_POINT('',#3896);
#3896 = CARTESIAN_POINT('',(-5.094573157778,14.223468650479,1.2));
#3897 = SURFACE_CURVE('',#3898,(#3902,#3908),.PCURVE_S1.);
#3898 = LINE('',#3899,#3900);
#3899 = CARTESIAN_POINT('',(-2.761182956634,7.04223323207,1.2));
#3900 = VECTOR('',#3901,1.);
#3901 = DIRECTION('',(-0.309024825052,0.951053971918,0.));
#3902 = PCURVE('',#43,#3903);
#3903 = DEFINITIONAL_REPRESENTATION('',(#3904),#3907);
#3904 = B_SPLINE_CURVE_WITH_KNOTS('',1,(#3905,#3906),.UNSPECIFIED.,.F.,
  .F.,(2,2),(7.550817966645,8.24277794279),.PIECEWISE_BEZIER_KNOTS.);
#3905 = CARTESIAN_POINT('',(-5.094573157778,14.223468650479));
#3906 = CARTESIAN_POINT('',(-5.308405968349,14.8815599342));
#3907 = ( GEOMETRIC_REPRESENTATION_CONTEXT(2) 
PARAMETRIC_REPRESENTATION_CONTEXT() REPRESENTATION_CONTEXT('2D SPACE',''
  ) );
#3908 = PCURVE('',#3909,#3914);
#3909 = PLANE('',#3910);
#3910 = AXIS2_PLACEMENT_3D('',#3911,#3912,#3913);
#3911 = CARTESIAN_POINT('',(-5.094573157778,14.223468650479,0.9));
#3912 = DIRECTION('',(0.951053971918,0.309024825052,-0.));
#3913 = DIRECTION('',(-0.309024825052,0.951053971918,0.));
#3914 = DEFINITIONAL_REPRESENTATION('',(#3915),#3918);
#3915 = B_SPLINE_CURVE_WITH_KNOTS('',1,(#3916,#3917),.UNSPECIFIED.,.F.,
  .F.,(2,2),(7.550817966645,8.24277794279),.PIECEWISE_BEZIER_KNOTS.);
#3916 = CARTESIAN_POINT('',(0.,0.3));
#3917 = CARTESIAN_POINT('',(0.691959976145,0.3));
#3918 = ( GEOMETRIC_REPRESENTATION_CONTEXT(2) 
PARAMETRIC_REPRESENTATION_CONTEXT() REPRESENTATION_CONTEXT('2D SPACE',''
  ) );
#3919 = ORIENTED_EDGE('',*,*,#3920,.F.);
#3920 = EDGE_CURVE('',#3921,#3895,#3923,.T.);
#3921 = VERTEX_POINT('',#3922);
#3922 = CARTESIAN_POINT('',(-4.880730853802,13.565350865736,1.2));
#3923 = SURFACE_CURVE('',#3924,(#3928,#3934),.PCURVE_S1.);
#3924 = LINE('',#3925,#3926);
#3925 = CARTESIAN_POINT('',(-2.65425301072,6.7131769103,1.2));
#3926 = VECTOR('',#3927,1.);
#3927 = DIRECTION('',(-0.309025978521,0.951053597122,0.));
#3928 = PCURVE('',#43,#3929);
#3929 = DEFINITIONAL_REPRESENTATION('',(#3930),#3933);
#3930 = B_SPLINE_CURVE_WITH_KNOTS('',1,(#3931,#3932),.UNSPECIFIED.,.F.,
  .F.,(2,2),(7.204824182539,7.896812296284),.PIECEWISE_BEZIER_KNOTS.);
#3931 = CARTESIAN_POINT('',(-4.880730853802,13.565350865736));
#3932 = CARTESIAN_POINT('',(-5.094573157778,14.223468650479));
#3933 = ( GEOMETRIC_REPRESENTATION_CONTEXT(2) 
PARAMETRIC_REPRESENTATION_CONTEXT() REPRESENTATION_CONTEXT('2D SPACE',''
  ) );
#3934 = PCURVE('',#3935,#3940);
#3935 = PLANE('',#3936);
#3936 = AXIS2_PLACEMENT_3D('',#3937,#3938,#3939);
#3937 = CARTESIAN_POINT('',(-4.880730853802,13.565350865736,0.9));
#3938 = DIRECTION('',(0.951053597122,0.309025978521,-0.));
#3939 = DIRECTION('',(-0.309025978521,0.951053597122,0.));
#3940 = DEFINITIONAL_REPRESENTATION('',(#3941),#3944);
#3941 = B_SPLINE_CURVE_WITH_KNOTS('',1,(#3942,#3943),.UNSPECIFIED.,.F.,
  .F.,(2,2),(7.204824182539,7.896812296284),.PIECEWISE_BEZIER_KNOTS.);
#3942 = CARTESIAN_POINT('',(0.,0.3));
#3943 = CARTESIAN_POINT('',(0.691988113745,0.3));
#3944 = ( GEOMETRIC_REPRESENTATION_CONTEXT(2) 
PARAMETRIC_REPRESENTATION_CONTEXT() REPRESENTATION_CONTEXT('2D SPACE',''
  ) );
#3945 = ORIENTED_EDGE('',*,*,#3946,.F.);
#3946 = EDGE_CURVE('',#3947,#3921,#3949,.T.);
#3947 = VERTEX_POINT('',#3948);
#3948 = CARTESIAN_POINT('',(-4.666877577397,12.907202589159,1.2));
#3949 = SURFACE_CURVE('',#3950,(#3954,#3960),.PCURVE_S1.);
#3950 = LINE('',#3951,#3952);
#3951 = CARTESIAN_POINT('',(-2.547316244372,6.384105716952,1.2));
#3952 = VECTOR('',#3953,1.);
#3953 = DIRECTION('',(-0.309027370152,0.951053144938,0.));
#3954 = PCURVE('',#43,#3955);
#3955 = DEFINITIONAL_REPRESENTATION('',(#3956),#3959);
#3956 = B_SPLINE_CURVE_WITH_KNOTS('',1,(#3957,#3958),.UNSPECIFIED.,.F.,
  .F.,(2,2),(6.858814259669,7.55083476355),.PIECEWISE_BEZIER_KNOTS.);
#3957 = CARTESIAN_POINT('',(-4.666877577397,12.907202589159));
#3958 = CARTESIAN_POINT('',(-4.880730853802,13.565350865736));
#3959 = ( GEOMETRIC_REPRESENTATION_CONTEXT(2) 
PARAMETRIC_REPRESENTATION_CONTEXT() REPRESENTATION_CONTEXT('2D SPACE',''
  ) );
#3960 = PCURVE('',#3961,#3966);
#3961 = PLANE('',#3962);
#3962 = AXIS2_PLACEMENT_3D('',#3963,#3964,#3965);
#3963 = CARTESIAN_POINT('',(-4.666877577397,12.907202589159,0.9));
#3964 = DIRECTION('',(0.951053144938,0.309027370152,-0.));
#3965 = DIRECTION('',(-0.309027370152,0.951053144938,0.));
#3966 = DEFINITIONAL_REPRESENTATION('',(#3967),#3970);
#3967 = B_SPLINE_CURVE_WITH_KNOTS('',1,(#3968,#3969),.UNSPECIFIED.,.F.,
  .F.,(2,2),(6.858814259669,7.55083476355),.PIECEWISE_BEZIER_KNOTS.);
#3968 = CARTESIAN_POINT('',(0.,0.3));
#3969 = CARTESIAN_POINT('',(0.69202050388,0.3));
#3970 = ( GEOMETRIC_REPRESENTATION_CONTEXT(2) 
PARAMETRIC_REPRESENTATION_CONTEXT() REPRESENTATION_CONTEXT('2D SPACE',''
  ) );
#3971 = ORIENTED_EDGE('',*,*,#3972,.F.);
#3972 = EDGE_CURVE('',#3973,#3947,#3975,.T.);
#3973 = VERTEX_POINT('',#3974);
#3974 = CARTESIAN_POINT('',(-4.453011525819,12.24901898638,1.2));
#3975 = SURFACE_CURVE('',#3976,(#3980,#3986),.PCURVE_S1.);
#3976 = LINE('',#3977,#3978);
#3977 = CARTESIAN_POINT('',(-2.440371471939,6.055017311122,1.2));
#3978 = VECTOR('',#3979,1.);
#3979 = DIRECTION('',(-0.309029064733,0.951052594313,0.));
#3980 = PCURVE('',#43,#3981);
#3981 = DEFINITIONAL_REPRESENTATION('',(#3982),#3985);
#3982 = B_SPLINE_CURVE_WITH_KNOTS('',1,(#3983,#3984),.UNSPECIFIED.,.F.,
  .F.,(2,2),(6.51278563593,7.204843684785),.PIECEWISE_BEZIER_KNOTS.);
#3983 = CARTESIAN_POINT('',(-4.453011525819,12.24901898638));
#3984 = CARTESIAN_POINT('',(-4.666877577397,12.907202589159));
#3985 = ( GEOMETRIC_REPRESENTATION_CONTEXT(2) 
PARAMETRIC_REPRESENTATION_CONTEXT() REPRESENTATION_CONTEXT('2D SPACE',''
  ) );
#3986 = PCURVE('',#3987,#3992);
#3987 = PLANE('',#3988);
#3988 = AXIS2_PLACEMENT_3D('',#3989,#3990,#3991);
#3989 = CARTESIAN_POINT('',(-4.453011525819,12.24901898638,0.9));
#3990 = DIRECTION('',(0.951052594313,0.309029064733,-0.));
#3991 = DIRECTION('',(-0.309029064733,0.951052594313,0.));
#3992 = DEFINITIONAL_REPRESENTATION('',(#3993),#3996);
#3993 = B_SPLINE_CURVE_WITH_KNOTS('',1,(#3994,#3995),.UNSPECIFIED.,.F.,
  .F.,(2,2),(6.51278563593,7.204843684785),.PIECEWISE_BEZIER_KNOTS.);
#3994 = CARTESIAN_POINT('',(0.,0.3));
#3995 = CARTESIAN_POINT('',(0.692058048855,0.3));
#3996 = ( GEOMETRIC_REPRESENTATION_CONTEXT(2) 
PARAMETRIC_REPRESENTATION_CONTEXT() REPRESENTATION_CONTEXT('2D SPACE',''
  ) );
#3997 = ORIENTED_EDGE('',*,*,#3998,.F.);
#3998 = EDGE_CURVE('',#3999,#3973,#4001,.T.);
#3999 = VERTEX_POINT('',#4000);
#4000 = CARTESIAN_POINT('',(-4.239130479018,11.590794144189,1.2));
#4001 = SURFACE_CURVE('',#4002,(#4006,#4012),.PCURVE_S1.);
#4002 = LINE('',#4003,#4004);
#4003 = CARTESIAN_POINT('',(-2.333417219147,5.725908832919,1.2));
#4004 = VECTOR('',#4005,1.);
#4005 = DIRECTION('',(-0.309031149413,0.951051916928,0.));
#4006 = PCURVE('',#43,#4007);
#4007 = DEFINITIONAL_REPRESENTATION('',(#4008),#4011);
#4008 = B_SPLINE_CURVE_WITH_KNOTS('',1,(#4009,#4010),.UNSPECIFIED.,.F.,
  .F.,(2,2),(6.166735176996,6.858837080662),.PIECEWISE_BEZIER_KNOTS.);
#4009 = CARTESIAN_POINT('',(-4.239130479018,11.590794144189));
#4010 = CARTESIAN_POINT('',(-4.453011525819,12.24901898638));
#4011 = ( GEOMETRIC_REPRESENTATION_CONTEXT(2) 
PARAMETRIC_REPRESENTATION_CONTEXT() REPRESENTATION_CONTEXT('2D SPACE',''
  ) );
#4012 = PCURVE('',#4013,#4018);
#4013 = PLANE('',#4014);
#4014 = AXIS2_PLACEMENT_3D('',#4015,#4016,#4017);
#4015 = CARTESIAN_POINT('',(-4.239130479018,11.590794144189,0.9));
#4016 = DIRECTION('',(0.951051916928,0.309031149413,-0.));
#4017 = DIRECTION('',(-0.309031149413,0.951051916928,0.));
#4018 = DEFINITIONAL_REPRESENTATION('',(#4019),#4022);
#4019 = B_SPLINE_CURVE_WITH_KNOTS('',1,(#4020,#4021),.UNSPECIFIED.,.F.,
  .F.,(2,2),(6.166735176996,6.858837080662),.PIECEWISE_BEZIER_KNOTS.);
#4020 = CARTESIAN_POINT('',(0.,0.3));
#4021 = CARTESIAN_POINT('',(0.692101903666,0.3));
#4022 = ( GEOMETRIC_REPRESENTATION_CONTEXT(2) 
PARAMETRIC_REPRESENTATION_CONTEXT() REPRESENTATION_CONTEXT('2D SPACE',''
  ) );
#4023 = ORIENTED_EDGE('',*,*,#4024,.F.);
#4024 = EDGE_CURVE('',#4025,#3999,#4027,.T.);
#4025 = VERTEX_POINT('',#4026);
#4026 = CARTESIAN_POINT('',(-4.025231671634,10.932520751852,1.2));
#4027 = SURFACE_CURVE('',#4028,(#4032,#4038),.PCURVE_S1.);
#4028 = LINE('',#4029,#4030);
#4029 = CARTESIAN_POINT('',(-2.226451630485,5.396776751055,1.2));
#4030 = VECTOR('',#4031,1.);
#4031 = DIRECTION('',(-0.309033743242,0.951051074095,0.));
#4032 = PCURVE('',#43,#4033);
#4033 = DEFINITIONAL_REPRESENTATION('',(#4034),#4037);
#4034 = B_SPLINE_CURVE_WITH_KNOTS('',1,(#4035,#4036),.UNSPECIFIED.,.F.,
  .F.,(2,2),(5.82065900726,6.512812573211),.PIECEWISE_BEZIER_KNOTS.);
#4035 = CARTESIAN_POINT('',(-4.025231671634,10.932520751852));
#4036 = CARTESIAN_POINT('',(-4.239130479018,11.590794144189));
#4037 = ( GEOMETRIC_REPRESENTATION_CONTEXT(2) 
PARAMETRIC_REPRESENTATION_CONTEXT() REPRESENTATION_CONTEXT('2D SPACE',''
  ) );
#4038 = PCURVE('',#4039,#4044);
#4039 = PLANE('',#4040);
#4040 = AXIS2_PLACEMENT_3D('',#4041,#4042,#4043);
#4041 = CARTESIAN_POINT('',(-4.025231671634,10.932520751852,0.9));
#4042 = DIRECTION('',(0.951051074095,0.309033743242,-0.));
#4043 = DIRECTION('',(-0.309033743242,0.951051074095,0.));
#4044 = DEFINITIONAL_REPRESENTATION('',(#4045),#4048);
#4045 = B_SPLINE_CURVE_WITH_KNOTS('',1,(#4046,#4047),.UNSPECIFIED.,.F.,
  .F.,(2,2),(5.82065900726,6.512812573211),.PIECEWISE_BEZIER_KNOTS.);
#4046 = CARTESIAN_POINT('',(0.,0.3));
#4047 = CARTESIAN_POINT('',(0.692153565952,0.3));
#4048 = ( GEOMETRIC_REPRESENTATION_CONTEXT(2) 
PARAMETRIC_REPRESENTATION_CONTEXT() REPRESENTATION_CONTEXT('2D SPACE',''
  ) );
#4049 = ORIENTED_EDGE('',*,*,#4050,.F.);
#4050 = EDGE_CURVE('',#4051,#4025,#4053,.T.);
#4051 = VERTEX_POINT('',#4052);
#4052 = CARTESIAN_POINT('',(-3.81131161485,10.2741896624,1.2));
#4053 = SURFACE_CURVE('',#4054,(#4058,#4064),.PCURVE_S1.);
#4054 = LINE('',#4055,#4056);
#4055 = CARTESIAN_POINT('',(-2.119472338839,5.067616653313,1.2));
#4056 = VECTOR('',#4057,1.);
#4057 = DIRECTION('',(-0.309037011681,0.951050012045,0.));
#4058 = PCURVE('',#43,#4059);
#4059 = DEFINITIONAL_REPRESENTATION('',(#4060),#4063);
#4060 = B_SPLINE_CURVE_WITH_KNOTS('',1,(#4061,#4062),.UNSPECIFIED.,.F.,
  .F.,(2,2),(5.474552277109,6.16676728275),.PIECEWISE_BEZIER_KNOTS.);
#4061 = CARTESIAN_POINT('',(-3.81131161485,10.2741896624));
#4062 = CARTESIAN_POINT('',(-4.025231671634,10.932520751852));
#4063 = ( GEOMETRIC_REPRESENTATION_CONTEXT(2) 
PARAMETRIC_REPRESENTATION_CONTEXT() REPRESENTATION_CONTEXT('2D SPACE',''
  ) );
#4064 = PCURVE('',#4065,#4070);
#4065 = PLANE('',#4066);
#4066 = AXIS2_PLACEMENT_3D('',#4067,#4068,#4069);
#4067 = CARTESIAN_POINT('',(-3.81131161485,10.2741896624,0.9));
#4068 = DIRECTION('',(0.951050012045,0.309037011681,-0.));
#4069 = DIRECTION('',(-0.309037011681,0.951050012045,0.));
#4070 = DEFINITIONAL_REPRESENTATION('',(#4071),#4074);
#4071 = B_SPLINE_CURVE_WITH_KNOTS('',1,(#4072,#4073),.UNSPECIFIED.,.F.,
  .F.,(2,2),(5.474552277109,6.16676728275),.PIECEWISE_BEZIER_KNOTS.);
#4072 = CARTESIAN_POINT('',(0.,0.3));
#4073 = CARTESIAN_POINT('',(0.692215005641,0.3));
#4074 = ( GEOMETRIC_REPRESENTATION_CONTEXT(2) 
PARAMETRIC_REPRESENTATION_CONTEXT() REPRESENTATION_CONTEXT('2D SPACE',''
  ) );
#4075 = ORIENTED_EDGE('',*,*,#4076,.F.);
#4076 = EDGE_CURVE('',#4077,#4051,#4079,.T.);
#4077 = VERTEX_POINT('',#4078);
#4078 = CARTESIAN_POINT('',(-3.597365843647,9.61578927761,1.2));
#4079 = SURFACE_CURVE('',#4080,(#4084,#4090),.PCURVE_S1.);
#4080 = LINE('',#4081,#4082);
#4081 = CARTESIAN_POINT('',(-2.012476278247,4.738422953225,1.2));
#4082 = VECTOR('',#4083,1.);
#4083 = DIRECTION('',(-0.309041189159,0.951048654593,0.));
#4084 = PCURVE('',#43,#4085);
#4085 = DEFINITIONAL_REPRESENTATION('',(#4086),#4089);
#4086 = B_SPLINE_CURVE_WITH_KNOTS('',1,(#4087,#4088),.UNSPECIFIED.,.F.,
  .F.,(2,2),(5.128408836741,5.820697692426),.PIECEWISE_BEZIER_KNOTS.);
#4087 = CARTESIAN_POINT('',(-3.597365843647,9.61578927761));
#4088 = CARTESIAN_POINT('',(-3.81131161485,10.2741896624));
#4089 = ( GEOMETRIC_REPRESENTATION_CONTEXT(2) 
PARAMETRIC_REPRESENTATION_CONTEXT() REPRESENTATION_CONTEXT('2D SPACE',''
  ) );
#4090 = PCURVE('',#4091,#4096);
#4091 = PLANE('',#4092);
#4092 = AXIS2_PLACEMENT_3D('',#4093,#4094,#4095);
#4093 = CARTESIAN_POINT('',(-3.597365843647,9.61578927761,0.9));
#4094 = DIRECTION('',(0.951048654593,0.309041189159,-0.));
#4095 = DIRECTION('',(-0.309041189159,0.951048654593,0.));
#4096 = DEFINITIONAL_REPRESENTATION('',(#4097),#4100);
#4097 = B_SPLINE_CURVE_WITH_KNOTS('',1,(#4098,#4099),.UNSPECIFIED.,.F.,
  .F.,(2,2),(5.128408836741,5.820697692426),.PIECEWISE_BEZIER_KNOTS.);
#4098 = CARTESIAN_POINT('',(0.,0.3));
#4099 = CARTESIAN_POINT('',(0.692288855685,0.3));
#4100 = ( GEOMETRIC_REPRESENTATION_CONTEXT(2) 
PARAMETRIC_REPRESENTATION_CONTEXT() REPRESENTATION_CONTEXT('2D SPACE',''
  ) );
#4101 = ORIENTED_EDGE('',*,*,#4102,.F.);
#4102 = EDGE_CURVE('',#4103,#4077,#4105,.T.);
#4103 = VERTEX_POINT('',#4104);
#4104 = CARTESIAN_POINT('',(-3.383388550324,8.957304668121,1.2));
#4105 = SURFACE_CURVE('',#4106,(#4110,#4116),.PCURVE_S1.);
#4106 = LINE('',#4107,#4108);
#4107 = CARTESIAN_POINT('',(-1.905459408859,4.409188471039,1.2));
#4108 = VECTOR('',#4109,1.);
#4109 = DIRECTION('',(-0.30904661509,0.951046891431,0.));
#4110 = PCURVE('',#43,#4111);
#4111 = DEFINITIONAL_REPRESENTATION('',(#4112),#4115);
#4112 = B_SPLINE_CURVE_WITH_KNOTS('',1,(#4113,#4114),.UNSPECIFIED.,.F.,
  .F.,(2,2),(4.782220769616,5.474599468735),.PIECEWISE_BEZIER_KNOTS.);
#4113 = CARTESIAN_POINT('',(-3.383388550324,8.957304668121));
#4114 = CARTESIAN_POINT('',(-3.597365843647,9.61578927761));
#4115 = ( GEOMETRIC_REPRESENTATION_CONTEXT(2) 
PARAMETRIC_REPRESENTATION_CONTEXT() REPRESENTATION_CONTEXT('2D SPACE',''
  ) );
#4116 = PCURVE('',#4117,#4122);
#4117 = PLANE('',#4118);
#4118 = AXIS2_PLACEMENT_3D('',#4119,#4120,#4121);
#4119 = CARTESIAN_POINT('',(-3.383388550324,8.957304668121,0.9));
#4120 = DIRECTION('',(0.951046891431,0.30904661509,-0.));
#4121 = DIRECTION('',(-0.30904661509,0.951046891431,0.));
#4122 = DEFINITIONAL_REPRESENTATION('',(#4123),#4126);
#4123 = B_SPLINE_CURVE_WITH_KNOTS('',1,(#4124,#4125),.UNSPECIFIED.,.F.,
  .F.,(2,2),(4.782220769616,5.474599468735),.PIECEWISE_BEZIER_KNOTS.);
#4124 = CARTESIAN_POINT('',(0.,0.3));
#4125 = CARTESIAN_POINT('',(0.692378699118,0.3));
#4126 = ( GEOMETRIC_REPRESENTATION_CONTEXT(2) 
PARAMETRIC_REPRESENTATION_CONTEXT() REPRESENTATION_CONTEXT('2D SPACE',''
  ) );
#4127 = ORIENTED_EDGE('',*,*,#4128,.F.);
#4128 = EDGE_CURVE('',#4129,#4103,#4131,.T.);
#4129 = VERTEX_POINT('',#4130);
#4130 = CARTESIAN_POINT('',(-3.169372039844,8.298716285316,1.2));
#4131 = SURFACE_CURVE('',#4132,(#4136,#4142),.PCURVE_S1.);
#4132 = LINE('',#4133,#4134);
#4133 = CARTESIAN_POINT('',(-1.798416302514,4.079903821175,1.2));
#4134 = VECTOR('',#4135,1.);
#4135 = DIRECTION('',(-0.309053793106,0.951044558875,0.));
#4136 = PCURVE('',#43,#4137);
#4137 = DEFINITIONAL_REPRESENTATION('',(#4138),#4141);
#4138 = B_SPLINE_CURVE_WITH_KNOTS('',1,(#4139,#4140),.UNSPECIFIED.,.F.,
  .F.,(2,2),(4.43597770974,5.128467222096),.PIECEWISE_BEZIER_KNOTS.);
#4139 = CARTESIAN_POINT('',(-3.169372039844,8.298716285316));
#4140 = CARTESIAN_POINT('',(-3.383388550324,8.957304668121));
#4141 = ( GEOMETRIC_REPRESENTATION_CONTEXT(2) 
PARAMETRIC_REPRESENTATION_CONTEXT() REPRESENTATION_CONTEXT('2D SPACE',''
  ) );
#4142 = PCURVE('',#4143,#4148);
#4143 = PLANE('',#4144);
#4144 = AXIS2_PLACEMENT_3D('',#4145,#4146,#4147);
#4145 = CARTESIAN_POINT('',(-3.169372039844,8.298716285316,0.9));
#4146 = DIRECTION('',(0.951044558875,0.309053793106,-0.));
#4147 = DIRECTION('',(-0.309053793106,0.951044558875,0.));
#4148 = DEFINITIONAL_REPRESENTATION('',(#4149),#4152);
#4149 = B_SPLINE_CURVE_WITH_KNOTS('',1,(#4150,#4151),.UNSPECIFIED.,.F.,
  .F.,(2,2),(4.43597770974,5.128467222096),.PIECEWISE_BEZIER_KNOTS.);
#4150 = CARTESIAN_POINT('',(0.,0.3));
#4151 = CARTESIAN_POINT('',(0.692489512356,0.3));
#4152 = ( GEOMETRIC_REPRESENTATION_CONTEXT(2) 
PARAMETRIC_REPRESENTATION_CONTEXT() REPRESENTATION_CONTEXT('2D SPACE',''
  ) );
#4153 = ORIENTED_EDGE('',*,*,#4154,.F.);
#4154 = EDGE_CURVE('',#3505,#4129,#4155,.T.);
#4155 = SURFACE_CURVE('',#4156,(#4160,#4166),.PCURVE_S1.);
#4156 = LINE('',#4157,#4158);
#4157 = CARTESIAN_POINT('',(-1.691339499879,3.750556493079,1.2));
#4158 = VECTOR('',#4159,1.);
#4159 = DIRECTION('',(-0.309063491782,0.951041407115,0.));
#4160 = PCURVE('',#43,#4161);
#4161 = DEFINITIONAL_REPRESENTATION('',(#4162),#4165);
#4162 = B_SPLINE_CURVE_WITH_KNOTS('',1,(#4163,#4164),.UNSPECIFIED.,.F.,
  .F.,(2,2),(4.089665816264,4.782294186362),.PIECEWISE_BEZIER_KNOTS.);
#4163 = CARTESIAN_POINT('',(-2.955305897274,7.639998025609));
#4164 = CARTESIAN_POINT('',(-3.169372039844,8.298716285316));
#4165 = ( GEOMETRIC_REPRESENTATION_CONTEXT(2) 
PARAMETRIC_REPRESENTATION_CONTEXT() REPRESENTATION_CONTEXT('2D SPACE',''
  ) );
#4166 = PCURVE('',#4167,#4172);
#4167 = PLANE('',#4168);
#4168 = AXIS2_PLACEMENT_3D('',#4169,#4170,#4171);
#4169 = CARTESIAN_POINT('',(-2.955305897274,7.639998025609,0.9));
#4170 = DIRECTION('',(0.951041407115,0.309063491782,-0.));
#4171 = DIRECTION('',(-0.309063491782,0.951041407115,0.));
#4172 = DEFINITIONAL_REPRESENTATION('',(#4173),#4176);
#4173 = B_SPLINE_CURVE_WITH_KNOTS('',1,(#4174,#4175),.UNSPECIFIED.,.F.,
  .F.,(2,2),(4.089665816264,4.782294186362),.PIECEWISE_BEZIER_KNOTS.);
#4174 = CARTESIAN_POINT('',(0.,0.3));
#4175 = CARTESIAN_POINT('',(0.692628370099,0.3));
#4176 = ( GEOMETRIC_REPRESENTATION_CONTEXT(2) 
PARAMETRIC_REPRESENTATION_CONTEXT() REPRESENTATION_CONTEXT('2D SPACE',''
  ) );
#4177 = FACE_BOUND('',#4178,.T.);
#4178 = EDGE_LOOP('',(#4179,#4207,#4233,#4259,#4285,#4311,#4337,#4363,
    #4389,#4415,#4441,#4467,#4493,#4519,#4545,#4571,#4597,#4623,#4649,
    #4675,#4701,#4727,#4753,#4779,#4805,#4831));
#4179 = ORIENTED_EDGE('',*,*,#4180,.F.);
#4180 = EDGE_CURVE('',#4181,#4183,#4185,.T.);
#4181 = VERTEX_POINT('',#4182);
#4182 = CARTESIAN_POINT('',(6.981114232663,2.741175673048,1.2));
#4183 = VERTEX_POINT('',#4184);
#4184 = CARTESIAN_POINT('',(7.639998025609,2.955305897274,1.2));
#4185 = SURFACE_CURVE('',#4186,(#4190,#4196),.PCURVE_S1.);
#4186 = LINE('',#4187,#4188);
#4187 = CARTESIAN_POINT('',(3.421129429792,1.584218479316,1.2));
#4188 = VECTOR('',#4189,1.);
#4189 = DIRECTION('',(0.951037042324,0.30907692267,-0.));
#4190 = PCURVE('',#43,#4191);
#4191 = DEFINITIONAL_REPRESENTATION('',(#4192),#4195);
#4192 = B_SPLINE_CURVE_WITH_KNOTS('',1,(#4193,#4194),.UNSPECIFIED.,.F.,
  .F.,(2,2),(3.743266186741,4.436071791175),.PIECEWISE_BEZIER_KNOTS.);
#4193 = CARTESIAN_POINT('',(6.981114232663,2.741175673048));
#4194 = CARTESIAN_POINT('',(7.639998025609,2.955305897274));
#4195 = ( GEOMETRIC_REPRESENTATION_CONTEXT(2) 
PARAMETRIC_REPRESENTATION_CONTEXT() REPRESENTATION_CONTEXT('2D SPACE',''
  ) );
#4196 = PCURVE('',#4197,#4202);
#4197 = PLANE('',#4198);
#4198 = AXIS2_PLACEMENT_3D('',#4199,#4200,#4201);
#4199 = CARTESIAN_POINT('',(6.981114232663,2.741175673048,0.9));
#4200 = DIRECTION('',(0.30907692267,-0.951037042324,0.));
#4201 = DIRECTION('',(0.951037042324,0.30907692267,0.));
#4202 = DEFINITIONAL_REPRESENTATION('',(#4203),#4206);
#4203 = B_SPLINE_CURVE_WITH_KNOTS('',1,(#4204,#4205),.UNSPECIFIED.,.F.,
  .F.,(2,2),(3.743266186741,4.436071791175),.PIECEWISE_BEZIER_KNOTS.);
#4204 = CARTESIAN_POINT('',(0.,0.3));
#4205 = CARTESIAN_POINT('',(0.692805604433,0.3));
#4206 = ( GEOMETRIC_REPRESENTATION_CONTEXT(2) 
PARAMETRIC_REPRESENTATION_CONTEXT() REPRESENTATION_CONTEXT('2D SPACE',''
  ) );
#4207 = ORIENTED_EDGE('',*,*,#4208,.F.);
#4208 = EDGE_CURVE('',#4209,#4181,#4211,.T.);
#4209 = VERTEX_POINT('',#4210);
#4210 = CARTESIAN_POINT('',(6.87469712099,2.998089307319,1.2));
#4211 = SURFACE_CURVE('',#4212,(#4216,#4222),.PCURVE_S1.);
#4212 = LINE('',#4213,#4214);
#4213 = CARTESIAN_POINT('',(6.901301398908,2.933860898751,1.2));
#4214 = VECTOR('',#4215,1.);
#4215 = DIRECTION('',(0.382683432365,-0.923879532511,0.));
#4216 = PCURVE('',#43,#4217);
#4217 = DEFINITIONAL_REPRESENTATION('',(#4218),#4221);
#4218 = B_SPLINE_CURVE_WITH_KNOTS('',1,(#4219,#4220),.UNSPECIFIED.,.F.,
  .F.,(2,2),(-6.952032847095E-02,0.208560985413),
  .PIECEWISE_BEZIER_KNOTS.);
#4219 = CARTESIAN_POINT('',(6.87469712099,2.998089307319));
#4220 = CARTESIAN_POINT('',(6.981114232663,2.741175673048));
#4221 = ( GEOMETRIC_REPRESENTATION_CONTEXT(2) 
PARAMETRIC_REPRESENTATION_CONTEXT() REPRESENTATION_CONTEXT('2D SPACE',''
  ) );
#4222 = PCURVE('',#4223,#4228);
#4223 = PLANE('',#4224);
#4224 = AXIS2_PLACEMENT_3D('',#4225,#4226,#4227);
#4225 = CARTESIAN_POINT('',(6.87469712099,2.998089307319,0.9));
#4226 = DIRECTION('',(-0.923879532511,-0.382683432365,0.));
#4227 = DIRECTION('',(0.382683432365,-0.923879532511,0.));
#4228 = DEFINITIONAL_REPRESENTATION('',(#4229),#4232);
#4229 = B_SPLINE_CURVE_WITH_KNOTS('',1,(#4230,#4231),.UNSPECIFIED.,.F.,
  .F.,(2,2),(-6.952032847095E-02,0.208560985413),
  .PIECEWISE_BEZIER_KNOTS.);
#4230 = CARTESIAN_POINT('',(0.,0.3));
#4231 = CARTESIAN_POINT('',(0.278081313884,0.3));
#4232 = ( GEOMETRIC_REPRESENTATION_CONTEXT(2) 
PARAMETRIC_REPRESENTATION_CONTEXT() REPRESENTATION_CONTEXT('2D SPACE',''
  ) );
#4233 = ORIENTED_EDGE('',*,*,#4234,.F.);
#4234 = EDGE_CURVE('',#4235,#4209,#4237,.T.);
#4235 = VERTEX_POINT('',#4236);
#4236 = CARTESIAN_POINT('',(7.492011252603,3.312577571717,1.2));
#4237 = SURFACE_CURVE('',#4238,(#4242,#4248),.PCURVE_S1.);
#4238 = LINE('',#4239,#4240);
#4239 = CARTESIAN_POINT('',(3.847972514535,1.456136321716,1.2));
#4240 = VECTOR('',#4241,1.);
#4241 = DIRECTION('',(-0.891035129715,-0.453934353859,0.));
#4242 = PCURVE('',#43,#4243);
#4243 = DEFINITIONAL_REPRESENTATION('',(#4244),#4247);
#4244 = B_SPLINE_CURVE_WITH_KNOTS('',1,(#4245,#4246),.UNSPECIFIED.,.F.,
  .F.,(2,2),(-4.089668988958,-3.396863384525),.PIECEWISE_BEZIER_KNOTS.);
#4245 = CARTESIAN_POINT('',(7.492011252603,3.312577571717));
#4246 = CARTESIAN_POINT('',(6.87469712099,2.998089307319));
#4247 = ( GEOMETRIC_REPRESENTATION_CONTEXT(2) 
PARAMETRIC_REPRESENTATION_CONTEXT() REPRESENTATION_CONTEXT('2D SPACE',''
  ) );
#4248 = PCURVE('',#4249,#4254);
#4249 = PLANE('',#4250);
#4250 = AXIS2_PLACEMENT_3D('',#4251,#4252,#4253);
#4251 = CARTESIAN_POINT('',(7.492011252603,3.312577571717,0.9));
#4252 = DIRECTION('',(-0.453934353859,0.891035129715,0.));
#4253 = DIRECTION('',(-0.891035129715,-0.453934353859,0.));
#4254 = DEFINITIONAL_REPRESENTATION('',(#4255),#4258);
#4255 = B_SPLINE_CURVE_WITH_KNOTS('',1,(#4256,#4257),.UNSPECIFIED.,.F.,
  .F.,(2,2),(-4.089668988958,-3.396863384525),.PIECEWISE_BEZIER_KNOTS.);
#4256 = CARTESIAN_POINT('',(0.,0.3));
#4257 = CARTESIAN_POINT('',(0.692805604433,0.3));
#4258 = ( GEOMETRIC_REPRESENTATION_CONTEXT(2) 
PARAMETRIC_REPRESENTATION_CONTEXT() REPRESENTATION_CONTEXT('2D SPACE',''
  ) );
#4259 = ORIENTED_EDGE('',*,*,#4260,.F.);
#4260 = EDGE_CURVE('',#4261,#4235,#4263,.T.);
#4261 = VERTEX_POINT('',#4262);
#4262 = CARTESIAN_POINT('',(8.109163021967,3.626994099014,1.2));
#4263 = SURFACE_CURVE('',#4264,(#4268,#4274),.PCURVE_S1.);
#4264 = LINE('',#4265,#4266);
#4265 = CARTESIAN_POINT('',(4.156577443814,1.613294563474,1.2));
#4266 = VECTOR('',#4267,1.);
#4267 = DIRECTION('',(-0.891028719016,-0.453946937304,0.));
#4268 = PCURVE('',#43,#4269);
#4269 = DEFINITIONAL_REPRESENTATION('',(#4270),#4273);
#4270 = B_SPLINE_CURVE_WITH_KNOTS('',1,(#4271,#4272),.UNSPECIFIED.,.F.,
  .F.,(2,2),(-4.435980001313,-3.743351631214),.PIECEWISE_BEZIER_KNOTS.);
#4271 = CARTESIAN_POINT('',(8.109163021967,3.626994099014));
#4272 = CARTESIAN_POINT('',(7.492011252603,3.312577571717));
#4273 = ( GEOMETRIC_REPRESENTATION_CONTEXT(2) 
PARAMETRIC_REPRESENTATION_CONTEXT() REPRESENTATION_CONTEXT('2D SPACE',''
  ) );
#4274 = PCURVE('',#4275,#4280);
#4275 = PLANE('',#4276);
#4276 = AXIS2_PLACEMENT_3D('',#4277,#4278,#4279);
#4277 = CARTESIAN_POINT('',(8.109163021967,3.626994099014,0.9));
#4278 = DIRECTION('',(-0.453946937304,0.891028719016,0.));
#4279 = DIRECTION('',(-0.891028719016,-0.453946937304,0.));
#4280 = DEFINITIONAL_REPRESENTATION('',(#4281),#4284);
#4281 = B_SPLINE_CURVE_WITH_KNOTS('',1,(#4282,#4283),.UNSPECIFIED.,.F.,
  .F.,(2,2),(-4.435980001313,-3.743351631214),.PIECEWISE_BEZIER_KNOTS.);
#4282 = CARTESIAN_POINT('',(0.,0.3));
#4283 = CARTESIAN_POINT('',(0.692628370099,0.3));
#4284 = ( GEOMETRIC_REPRESENTATION_CONTEXT(2) 
PARAMETRIC_REPRESENTATION_CONTEXT() REPRESENTATION_CONTEXT('2D SPACE',''
  ) );
#4285 = ORIENTED_EDGE('',*,*,#4286,.F.);
#4286 = EDGE_CURVE('',#4287,#4261,#4289,.T.);
#4287 = VERTEX_POINT('',#4288);
#4288 = CARTESIAN_POINT('',(8.726187859305,3.941353884659,1.2));
#4289 = SURFACE_CURVE('',#4290,(#4294,#4300),.PCURVE_S1.);
#4290 = LINE('',#4291,#4292);
#4291 = CARTESIAN_POINT('',(4.465112440115,1.770435188461,1.2));
#4292 = VECTOR('',#4293,1.);
#4293 = DIRECTION('',(-0.891024089648,-0.453956023935,0.));
#4294 = PCURVE('',#43,#4295);
#4295 = DEFINITIONAL_REPRESENTATION('',(#4296),#4299);
#4296 = B_SPLINE_CURVE_WITH_KNOTS('',1,(#4297,#4298),.UNSPECIFIED.,.F.,
  .F.,(2,2),(-4.782222465918,-4.089732953562),.PIECEWISE_BEZIER_KNOTS.);
#4297 = CARTESIAN_POINT('',(8.726187859305,3.941353884659));
#4298 = CARTESIAN_POINT('',(8.109163021967,3.626994099014));
#4299 = ( GEOMETRIC_REPRESENTATION_CONTEXT(2) 
PARAMETRIC_REPRESENTATION_CONTEXT() REPRESENTATION_CONTEXT('2D SPACE',''
  ) );
#4300 = PCURVE('',#4301,#4306);
#4301 = PLANE('',#4302);
#4302 = AXIS2_PLACEMENT_3D('',#4303,#4304,#4305);
#4303 = CARTESIAN_POINT('',(8.726187859305,3.941353884659,0.9));
#4304 = DIRECTION('',(-0.453956023935,0.891024089648,0.));
#4305 = DIRECTION('',(-0.891024089648,-0.453956023935,0.));
#4306 = DEFINITIONAL_REPRESENTATION('',(#4307),#4310);
#4307 = B_SPLINE_CURVE_WITH_KNOTS('',1,(#4308,#4309),.UNSPECIFIED.,.F.,
  .F.,(2,2),(-4.782222465918,-4.089732953562),.PIECEWISE_BEZIER_KNOTS.);
#4308 = CARTESIAN_POINT('',(0.,0.3));
#4309 = CARTESIAN_POINT('',(0.692489512356,0.3));
#4310 = ( GEOMETRIC_REPRESENTATION_CONTEXT(2) 
PARAMETRIC_REPRESENTATION_CONTEXT() REPRESENTATION_CONTEXT('2D SPACE',''
  ) );
#4311 = ORIENTED_EDGE('',*,*,#4312,.F.);
#4312 = EDGE_CURVE('',#4313,#4287,#4315,.T.);
#4313 = VERTEX_POINT('',#4314);
#4314 = CARTESIAN_POINT('',(9.343111587111,4.255668022207,1.2));
#4315 = SURFACE_CURVE('',#4316,(#4320,#4326),.PCURVE_S1.);
#4316 = LINE('',#4317,#4318);
#4317 = CARTESIAN_POINT('',(4.773592200584,1.927560866896,1.2));
#4318 = VECTOR('',#4319,1.);
#4319 = DIRECTION('',(-0.891020663391,-0.453962748924,0.));
#4320 = PCURVE('',#43,#4321);
#4321 = DEFINITIONAL_REPRESENTATION('',(#4322),#4325);
#4322 = B_SPLINE_CURVE_WITH_KNOTS('',1,(#4323,#4324),.UNSPECIFIED.,.F.,
  .F.,(2,2),(-5.128410119175,-4.436031420057),.PIECEWISE_BEZIER_KNOTS.);
#4323 = CARTESIAN_POINT('',(9.343111587111,4.255668022207));
#4324 = CARTESIAN_POINT('',(8.726187859305,3.941353884659));
#4325 = ( GEOMETRIC_REPRESENTATION_CONTEXT(2) 
PARAMETRIC_REPRESENTATION_CONTEXT() REPRESENTATION_CONTEXT('2D SPACE',''
  ) );
#4326 = PCURVE('',#4327,#4332);
#4327 = PLANE('',#4328);
#4328 = AXIS2_PLACEMENT_3D('',#4329,#4330,#4331);
#4329 = CARTESIAN_POINT('',(9.343111587111,4.255668022207,0.9));
#4330 = DIRECTION('',(-0.453962748924,0.891020663391,0.));
#4331 = DIRECTION('',(-0.891020663391,-0.453962748924,0.));
#4332 = DEFINITIONAL_REPRESENTATION('',(#4333),#4336);
#4333 = B_SPLINE_CURVE_WITH_KNOTS('',1,(#4334,#4335),.UNSPECIFIED.,.F.,
  .F.,(2,2),(-5.128410119175,-4.436031420057),.PIECEWISE_BEZIER_KNOTS.);
#4334 = CARTESIAN_POINT('',(0.,0.3));
#4335 = CARTESIAN_POINT('',(0.692378699118,0.3));
#4336 = ( GEOMETRIC_REPRESENTATION_CONTEXT(2) 
PARAMETRIC_REPRESENTATION_CONTEXT() REPRESENTATION_CONTEXT('2D SPACE',''
  ) );
#4337 = ORIENTED_EDGE('',*,*,#4338,.F.);
#4338 = EDGE_CURVE('',#4339,#4313,#4341,.T.);
#4339 = VERTEX_POINT('',#4340);
#4340 = CARTESIAN_POINT('',(9.959953469555,4.569944893404,1.2));
#4341 = SURFACE_CURVE('',#4342,(#4346,#4352),.PCURVE_S1.);
#4342 = LINE('',#4343,#4344);
#4343 = CARTESIAN_POINT('',(5.082027566903,2.084673814628,1.2));
#4344 = VECTOR('',#4345,1.);
#4345 = DIRECTION('',(-0.891018073421,-0.453967832381,0.));
#4346 = PCURVE('',#43,#4347);
#4347 = DEFINITIONAL_REPRESENTATION('',(#4348),#4351);
#4348 = B_SPLINE_CURVE_WITH_KNOTS('',1,(#4349,#4350),.UNSPECIFIED.,.F.,
  .F.,(2,2),(-5.474553264584,-4.782264408898),.PIECEWISE_BEZIER_KNOTS.);
#4349 = CARTESIAN_POINT('',(9.959953469555,4.569944893404));
#4350 = CARTESIAN_POINT('',(9.343111587111,4.255668022207));
#4351 = ( GEOMETRIC_REPRESENTATION_CONTEXT(2) 
PARAMETRIC_REPRESENTATION_CONTEXT() REPRESENTATION_CONTEXT('2D SPACE',''
  ) );
#4352 = PCURVE('',#4353,#4358);
#4353 = PLANE('',#4354);
#4354 = AXIS2_PLACEMENT_3D('',#4355,#4356,#4357);
#4355 = CARTESIAN_POINT('',(9.959953469555,4.569944893404,0.9));
#4356 = DIRECTION('',(-0.453967832381,0.891018073421,0.));
#4357 = DIRECTION('',(-0.891018073421,-0.453967832381,0.));
#4358 = DEFINITIONAL_REPRESENTATION('',(#4359),#4362);
#4359 = B_SPLINE_CURVE_WITH_KNOTS('',1,(#4360,#4361),.UNSPECIFIED.,.F.,
  .F.,(2,2),(-5.474553264584,-4.782264408898),.PIECEWISE_BEZIER_KNOTS.);
#4360 = CARTESIAN_POINT('',(0.,0.3));
#4361 = CARTESIAN_POINT('',(0.692288855685,0.3));
#4362 = ( GEOMETRIC_REPRESENTATION_CONTEXT(2) 
PARAMETRIC_REPRESENTATION_CONTEXT() REPRESENTATION_CONTEXT('2D SPACE',''
  ) );
#4363 = ORIENTED_EDGE('',*,*,#4364,.F.);
#4364 = EDGE_CURVE('',#4365,#4339,#4367,.T.);
#4365 = VERTEX_POINT('',#4366);
#4366 = CARTESIAN_POINT('',(10.576728169956,4.884190948238,1.2));
#4367 = SURFACE_CURVE('',#4368,(#4372,#4378),.PCURVE_S1.);
#4368 = LINE('',#4369,#4370);
#4369 = CARTESIAN_POINT('',(5.390426713543,2.241775864098,1.2));
#4370 = VECTOR('',#4371,1.);
#4371 = DIRECTION('',(-0.891016079362,-0.453971746167,0.));
#4372 = PCURVE('',#43,#4373);
#4373 = DEFINITIONAL_REPRESENTATION('',(#4374),#4377);
#4374 = B_SPLINE_CURVE_WITH_KNOTS('',1,(#4375,#4376),.UNSPECIFIED.,.F.,
  .F.,(2,2),(-5.82065977993,-5.128444774289),.PIECEWISE_BEZIER_KNOTS.);
#4375 = CARTESIAN_POINT('',(10.576728169956,4.884190948238));
#4376 = CARTESIAN_POINT('',(9.959953469555,4.569944893404));
#4377 = ( GEOMETRIC_REPRESENTATION_CONTEXT(2) 
PARAMETRIC_REPRESENTATION_CONTEXT() REPRESENTATION_CONTEXT('2D SPACE',''
  ) );
#4378 = PCURVE('',#4379,#4384);
#4379 = PLANE('',#4380);
#4380 = AXIS2_PLACEMENT_3D('',#4381,#4382,#4383);
#4381 = CARTESIAN_POINT('',(10.576728169956,4.884190948238,0.9));
#4382 = DIRECTION('',(-0.453971746167,0.891016079362,0.));
#4383 = DIRECTION('',(-0.891016079362,-0.453971746167,0.));
#4384 = DEFINITIONAL_REPRESENTATION('',(#4385),#4388);
#4385 = B_SPLINE_CURVE_WITH_KNOTS('',1,(#4386,#4387),.UNSPECIFIED.,.F.,
  .F.,(2,2),(-5.82065977993,-5.128444774289),.PIECEWISE_BEZIER_KNOTS.);
#4386 = CARTESIAN_POINT('',(0.,0.3));
#4387 = CARTESIAN_POINT('',(0.692215005641,0.3));
#4388 = ( GEOMETRIC_REPRESENTATION_CONTEXT(2) 
PARAMETRIC_REPRESENTATION_CONTEXT() REPRESENTATION_CONTEXT('2D SPACE',''
  ) );
#4389 = ORIENTED_EDGE('',*,*,#4390,.F.);
#4390 = EDGE_CURVE('',#4391,#4365,#4393,.T.);
#4391 = VERTEX_POINT('',#4392);
#4392 = CARTESIAN_POINT('',(11.193447046742,5.198411230645,1.2));
#4393 = SURFACE_CURVE('',#4394,(#4398,#4404),.PCURVE_S1.);
#4394 = LINE('',#4395,#4396);
#4395 = CARTESIAN_POINT('',(5.698795921514,2.398868532525,1.2));
#4396 = VECTOR('',#4397,1.);
#4397 = DIRECTION('',(-0.891014519209,-0.453974808286,0.));
#4398 = PCURVE('',#43,#4399);
#4399 = DEFINITIONAL_REPRESENTATION('',(#4400),#4403);
#4400 = B_SPLINE_CURVE_WITH_KNOTS('',1,(#4401,#4402),.UNSPECIFIED.,.F.,
  .F.,(2,2),(-6.166735790235,-5.474582224284),.PIECEWISE_BEZIER_KNOTS.);
#4401 = CARTESIAN_POINT('',(11.193447046742,5.198411230645));
#4402 = CARTESIAN_POINT('',(10.576728169956,4.884190948238));
#4403 = ( GEOMETRIC_REPRESENTATION_CONTEXT(2) 
PARAMETRIC_REPRESENTATION_CONTEXT() REPRESENTATION_CONTEXT('2D SPACE',''
  ) );
#4404 = PCURVE('',#4405,#4410);
#4405 = PLANE('',#4406);
#4406 = AXIS2_PLACEMENT_3D('',#4407,#4408,#4409);
#4407 = CARTESIAN_POINT('',(11.193447046742,5.198411230645,0.9));
#4408 = DIRECTION('',(-0.453974808286,0.891014519209,0.));
#4409 = DIRECTION('',(-0.891014519209,-0.453974808286,0.));
#4410 = DEFINITIONAL_REPRESENTATION('',(#4411),#4414);
#4411 = B_SPLINE_CURVE_WITH_KNOTS('',1,(#4412,#4413),.UNSPECIFIED.,.F.,
  .F.,(2,2),(-6.166735790235,-5.474582224284),.PIECEWISE_BEZIER_KNOTS.);
#4412 = CARTESIAN_POINT('',(0.,0.3));
#4413 = CARTESIAN_POINT('',(0.692153565952,0.3));
#4414 = ( GEOMETRIC_REPRESENTATION_CONTEXT(2) 
PARAMETRIC_REPRESENTATION_CONTEXT() REPRESENTATION_CONTEXT('2D SPACE',''
  ) );
#4415 = ORIENTED_EDGE('',*,*,#4416,.F.);
#4416 = EDGE_CURVE('',#4417,#4391,#4419,.T.);
#4417 = VERTEX_POINT('',#4418);
#4418 = CARTESIAN_POINT('',(11.81011903476,5.512609741544,1.2));
#4419 = SURFACE_CURVE('',#4420,(#4424,#4430),.PCURVE_S1.);
#4420 = LINE('',#4421,#4422);
#4421 = CARTESIAN_POINT('',(6.007140097219,2.555953080666,1.2));
#4422 = VECTOR('',#4423,1.);
#4423 = DIRECTION('',(-0.891013281068,-0.453977238373,0.));
#4424 = PCURVE('',#43,#4425);
#4425 = DEFINITIONAL_REPRESENTATION('',(#4426),#4429);
#4426 = B_SPLINE_CURVE_WITH_KNOTS('',1,(#4427,#4428),.UNSPECIFIED.,.F.,
  .F.,(2,2),(-6.512786128829,-5.820684225163),.PIECEWISE_BEZIER_KNOTS.);
#4427 = CARTESIAN_POINT('',(11.81011903476,5.512609741544));
#4428 = CARTESIAN_POINT('',(11.193447046742,5.198411230645));
#4429 = ( GEOMETRIC_REPRESENTATION_CONTEXT(2) 
PARAMETRIC_REPRESENTATION_CONTEXT() REPRESENTATION_CONTEXT('2D SPACE',''
  ) );
#4430 = PCURVE('',#4431,#4436);
#4431 = PLANE('',#4432);
#4432 = AXIS2_PLACEMENT_3D('',#4433,#4434,#4435);
#4433 = CARTESIAN_POINT('',(11.81011903476,5.512609741544,0.9));
#4434 = DIRECTION('',(-0.453977238373,0.891013281068,0.));
#4435 = DIRECTION('',(-0.891013281068,-0.453977238373,0.));
#4436 = DEFINITIONAL_REPRESENTATION('',(#4437),#4440);
#4437 = B_SPLINE_CURVE_WITH_KNOTS('',1,(#4438,#4439),.UNSPECIFIED.,.F.,
  .F.,(2,2),(-6.512786128829,-5.820684225163),.PIECEWISE_BEZIER_KNOTS.);
#4438 = CARTESIAN_POINT('',(0.,0.3));
#4439 = CARTESIAN_POINT('',(0.692101903666,0.3));
#4440 = ( GEOMETRIC_REPRESENTATION_CONTEXT(2) 
PARAMETRIC_REPRESENTATION_CONTEXT() REPRESENTATION_CONTEXT('2D SPACE',''
  ) );
#4441 = ORIENTED_EDGE('',*,*,#4442,.F.);
#4442 = EDGE_CURVE('',#4443,#4417,#4445,.T.);
#4443 = VERTEX_POINT('',#4444);
#4444 = CARTESIAN_POINT('',(12.426751258888,5.826789694998,1.2));
#4445 = SURFACE_CURVE('',#4446,(#4450,#4456),.PCURVE_S1.);
#4446 = LINE('',#4447,#4448);
#4447 = CARTESIAN_POINT('',(6.315463129383,2.713030561201,1.2));
#4448 = VECTOR('',#4449,1.);
#4449 = DIRECTION('',(-0.891012285961,-0.453979191447,0.));
#4450 = PCURVE('',#43,#4451);
#4451 = DEFINITIONAL_REPRESENTATION('',(#4452),#4455);
#4452 = B_SPLINE_CURVE_WITH_KNOTS('',1,(#4453,#4454),.UNSPECIFIED.,.F.,
  .F.,(2,2),(-6.858814660357,-6.166756611503),.PIECEWISE_BEZIER_KNOTS.);
#4453 = CARTESIAN_POINT('',(12.426751258888,5.826789694998));
#4454 = CARTESIAN_POINT('',(11.81011903476,5.512609741544));
#4455 = ( GEOMETRIC_REPRESENTATION_CONTEXT(2) 
PARAMETRIC_REPRESENTATION_CONTEXT() REPRESENTATION_CONTEXT('2D SPACE',''
  ) );
#4456 = PCURVE('',#4457,#4462);
#4457 = PLANE('',#4458);
#4458 = AXIS2_PLACEMENT_3D('',#4459,#4460,#4461);
#4459 = CARTESIAN_POINT('',(12.426751258888,5.826789694998,0.9));
#4460 = DIRECTION('',(-0.453979191447,0.891012285961,0.));
#4461 = DIRECTION('',(-0.891012285961,-0.453979191447,0.));
#4462 = DEFINITIONAL_REPRESENTATION('',(#4463),#4466);
#4463 = B_SPLINE_CURVE_WITH_KNOTS('',1,(#4464,#4465),.UNSPECIFIED.,.F.,
  .F.,(2,2),(-6.858814660357,-6.166756611503),.PIECEWISE_BEZIER_KNOTS.);
#4464 = CARTESIAN_POINT('',(0.,0.3));
#4465 = CARTESIAN_POINT('',(0.692058048855,0.3));
#4466 = ( GEOMETRIC_REPRESENTATION_CONTEXT(2) 
PARAMETRIC_REPRESENTATION_CONTEXT() REPRESENTATION_CONTEXT('2D SPACE',''
  ) );
#4467 = ORIENTED_EDGE('',*,*,#4468,.F.);
#4468 = EDGE_CURVE('',#4469,#4443,#4471,.T.);
#4469 = VERTEX_POINT('',#4470);
#4470 = CARTESIAN_POINT('',(13.043349470207,6.140953702466,1.2));
#4471 = SURFACE_CURVE('',#4472,(#4476,#4482),.PCURVE_S1.);
#4472 = LINE('',#4473,#4474);
#4473 = CARTESIAN_POINT('',(6.62376814015,2.870101857781,1.2));
#4474 = VECTOR('',#4475,1.);
#4475 = DIRECTION('',(-0.891011477061,-0.453980779048,0.));
#4476 = PCURVE('',#43,#4477);
#4477 = DEFINITIONAL_REPRESENTATION('',(#4478),#4481);
#4478 = B_SPLINE_CURVE_WITH_KNOTS('',1,(#4479,#4480),.UNSPECIFIED.,.F.,
  .F.,(2,2),(-7.20482451161,-6.512804007729),.PIECEWISE_BEZIER_KNOTS.);
#4479 = CARTESIAN_POINT('',(13.043349470207,6.140953702466));
#4480 = CARTESIAN_POINT('',(12.426751258888,5.826789694998));
#4481 = ( GEOMETRIC_REPRESENTATION_CONTEXT(2) 
PARAMETRIC_REPRESENTATION_CONTEXT() REPRESENTATION_CONTEXT('2D SPACE',''
  ) );
#4482 = PCURVE('',#4483,#4488);
#4483 = PLANE('',#4484);
#4484 = AXIS2_PLACEMENT_3D('',#4485,#4486,#4487);
#4485 = CARTESIAN_POINT('',(13.043349470207,6.140953702466,0.9));
#4486 = DIRECTION('',(-0.453980779048,0.891011477061,0.));
#4487 = DIRECTION('',(-0.891011477061,-0.453980779048,0.));
#4488 = DEFINITIONAL_REPRESENTATION('',(#4489),#4492);
#4489 = B_SPLINE_CURVE_WITH_KNOTS('',1,(#4490,#4491),.UNSPECIFIED.,.F.,
  .F.,(2,2),(-7.20482451161,-6.512804007729),.PIECEWISE_BEZIER_KNOTS.);
#4490 = CARTESIAN_POINT('',(0.,0.3));
#4491 = CARTESIAN_POINT('',(0.69202050388,0.3));
#4492 = ( GEOMETRIC_REPRESENTATION_CONTEXT(2) 
PARAMETRIC_REPRESENTATION_CONTEXT() REPRESENTATION_CONTEXT('2D SPACE',''
  ) );
#4493 = ORIENTED_EDGE('',*,*,#4494,.F.);
#4494 = EDGE_CURVE('',#4495,#4469,#4497,.T.);
#4495 = VERTEX_POINT('',#4496);
#4496 = CARTESIAN_POINT('',(13.659918361864,6.455103907632,1.2));
#4497 = SURFACE_CURVE('',#4498,(#4502,#4508),.PCURVE_S1.);
#4498 = LINE('',#4499,#4500);
#4499 = CARTESIAN_POINT('',(6.932057665271,3.027167716296,1.2));
#4500 = VECTOR('',#4501,1.);
#4501 = DIRECTION('',(-0.891010812772,-0.453982082822,0.));
#4502 = PCURVE('',#43,#4503);
#4503 = DEFINITIONAL_REPRESENTATION('',(#4504),#4507);
#4504 = B_SPLINE_CURVE_WITH_KNOTS('',1,(#4505,#4506),.UNSPECIFIED.,.F.,
  .F.,(2,2),(-7.550818239411,-6.858830125666),.PIECEWISE_BEZIER_KNOTS.);
#4505 = CARTESIAN_POINT('',(13.659918361864,6.455103907632));
#4506 = CARTESIAN_POINT('',(13.043349470207,6.140953702466));
#4507 = ( GEOMETRIC_REPRESENTATION_CONTEXT(2) 
PARAMETRIC_REPRESENTATION_CONTEXT() REPRESENTATION_CONTEXT('2D SPACE',''
  ) );
#4508 = PCURVE('',#4509,#4514);
#4509 = PLANE('',#4510);
#4510 = AXIS2_PLACEMENT_3D('',#4511,#4512,#4513);
#4511 = CARTESIAN_POINT('',(13.659918361864,6.455103907632,0.9));
#4512 = DIRECTION('',(-0.453982082822,0.891010812772,0.));
#4513 = DIRECTION('',(-0.891010812772,-0.453982082822,0.));
#4514 = DEFINITIONAL_REPRESENTATION('',(#4515),#4518);
#4515 = B_SPLINE_CURVE_WITH_KNOTS('',1,(#4516,#4517),.UNSPECIFIED.,.F.,
  .F.,(2,2),(-7.550818239411,-6.858830125666),.PIECEWISE_BEZIER_KNOTS.);
#4516 = CARTESIAN_POINT('',(0.,0.3));
#4517 = CARTESIAN_POINT('',(0.691988113745,0.3));
#4518 = ( GEOMETRIC_REPRESENTATION_CONTEXT(2) 
PARAMETRIC_REPRESENTATION_CONTEXT() REPRESENTATION_CONTEXT('2D SPACE',''
  ) );
#4519 = ORIENTED_EDGE('',*,*,#4520,.F.);
#4520 = EDGE_CURVE('',#4521,#4495,#4523,.T.);
#4521 = VERTEX_POINT('',#4522);
#4522 = CARTESIAN_POINT('',(14.276461801618,6.769242086596,1.2));
#4523 = SURFACE_CURVE('',#4524,(#4528,#4534),.PCURVE_S1.);
#4524 = LINE('',#4525,#4526);
#4525 = CARTESIAN_POINT('',(7.240333785703,3.184228769843,1.2));
#4526 = VECTOR('',#4527,1.);
#4527 = DIRECTION('',(-0.891010262167,-0.453983163468,0.));
#4528 = PCURVE('',#43,#4529);
#4529 = DEFINITIONAL_REPRESENTATION('',(#4530),#4533);
#4530 = B_SPLINE_CURVE_WITH_KNOTS('',1,(#4531,#4532),.UNSPECIFIED.,.F.,
  .F.,(2,2),(-7.896797954718,-7.204837978573),.PIECEWISE_BEZIER_KNOTS.);
#4531 = CARTESIAN_POINT('',(14.276461801618,6.769242086596));
#4532 = CARTESIAN_POINT('',(13.659918361864,6.455103907632));
#4533 = ( GEOMETRIC_REPRESENTATION_CONTEXT(2) 
PARAMETRIC_REPRESENTATION_CONTEXT() REPRESENTATION_CONTEXT('2D SPACE',''
  ) );
#4534 = PCURVE('',#4535,#4540);
#4535 = PLANE('',#4536);
#4536 = AXIS2_PLACEMENT_3D('',#4537,#4538,#4539);
#4537 = CARTESIAN_POINT('',(14.276461801618,6.769242086596,0.9));
#4538 = DIRECTION('',(-0.453983163468,0.891010262167,0.));
#4539 = DIRECTION('',(-0.891010262167,-0.453983163468,0.));
#4540 = DEFINITIONAL_REPRESENTATION('',(#4541),#4544);
#4541 = B_SPLINE_CURVE_WITH_KNOTS('',1,(#4542,#4543),.UNSPECIFIED.,.F.,
  .F.,(2,2),(-7.896797954718,-7.204837978573),.PIECEWISE_BEZIER_KNOTS.);
#4542 = CARTESIAN_POINT('',(0.,0.3));
#4543 = CARTESIAN_POINT('',(0.691959976145,0.3));
#4544 = ( GEOMETRIC_REPRESENTATION_CONTEXT(2) 
PARAMETRIC_REPRESENTATION_CONTEXT() REPRESENTATION_CONTEXT('2D SPACE',''
  ) );
#4545 = ORIENTED_EDGE('',*,*,#4546,.F.);
#4546 = EDGE_CURVE('',#4547,#4521,#4549,.T.);
#4547 = VERTEX_POINT('',#4548);
#4548 = CARTESIAN_POINT('',(14.8815599342,5.308405968349,1.2));
#4549 = SURFACE_CURVE('',#4550,(#4554,#4560),.PCURVE_S1.);
#4550 = LINE('',#4551,#4552);
#4551 = CARTESIAN_POINT('',(14.730285401055,5.673614997911,1.2));
#4552 = VECTOR('',#4553,1.);
#4553 = DIRECTION('',(-0.382683432365,0.923879532511,0.));
#4554 = PCURVE('',#43,#4555);
#4555 = DEFINITIONAL_REPRESENTATION('',(#4556),#4559);
#4556 = B_SPLINE_CURVE_WITH_KNOTS('',1,(#4557,#4558),.UNSPECIFIED.,.F.,
  .F.,(2,2),(-0.395299405074,1.185898215222),.PIECEWISE_BEZIER_KNOTS.);
#4557 = CARTESIAN_POINT('',(14.8815599342,5.308405968349));
#4558 = CARTESIAN_POINT('',(14.276461801618,6.769242086596));
#4559 = ( GEOMETRIC_REPRESENTATION_CONTEXT(2) 
PARAMETRIC_REPRESENTATION_CONTEXT() REPRESENTATION_CONTEXT('2D SPACE',''
  ) );
#4560 = PCURVE('',#4561,#4566);
#4561 = PLANE('',#4562);
#4562 = AXIS2_PLACEMENT_3D('',#4563,#4564,#4565);
#4563 = CARTESIAN_POINT('',(14.8815599342,5.308405968349,0.9));
#4564 = DIRECTION('',(0.923879532511,0.382683432365,-0.));
#4565 = DIRECTION('',(-0.382683432365,0.923879532511,0.));
#4566 = DEFINITIONAL_REPRESENTATION('',(#4567),#4570);
#4567 = B_SPLINE_CURVE_WITH_KNOTS('',1,(#4568,#4569),.UNSPECIFIED.,.F.,
  .F.,(2,2),(-0.395299405074,1.185898215222),.PIECEWISE_BEZIER_KNOTS.);
#4568 = CARTESIAN_POINT('',(0.,0.3));
#4569 = CARTESIAN_POINT('',(1.581197620296,0.3));
#4570 = ( GEOMETRIC_REPRESENTATION_CONTEXT(2) 
PARAMETRIC_REPRESENTATION_CONTEXT() REPRESENTATION_CONTEXT('2D SPACE',''
  ) );
#4571 = ORIENTED_EDGE('',*,*,#4572,.F.);
#4572 = EDGE_CURVE('',#4573,#4547,#4575,.T.);
#4573 = VERTEX_POINT('',#4574);
#4574 = CARTESIAN_POINT('',(14.223468650479,5.094573157778,1.2));
#4575 = SURFACE_CURVE('',#4576,(#4580,#4586),.PCURVE_S1.);
#4576 = LINE('',#4577,#4578);
#4577 = CARTESIAN_POINT('',(7.04223323207,2.761182956634,1.2));
#4578 = VECTOR('',#4579,1.);
#4579 = DIRECTION('',(0.951053971918,0.309024825052,-0.));
#4580 = PCURVE('',#43,#4581);
#4581 = DEFINITIONAL_REPRESENTATION('',(#4582),#4585);
#4582 = B_SPLINE_CURVE_WITH_KNOTS('',1,(#4583,#4584),.UNSPECIFIED.,.F.,
  .F.,(2,2),(7.550817966645,8.24277794279),.PIECEWISE_BEZIER_KNOTS.);
#4583 = CARTESIAN_POINT('',(14.223468650479,5.094573157778));
#4584 = CARTESIAN_POINT('',(14.8815599342,5.308405968349));
#4585 = ( GEOMETRIC_REPRESENTATION_CONTEXT(2) 
PARAMETRIC_REPRESENTATION_CONTEXT() REPRESENTATION_CONTEXT('2D SPACE',''
  ) );
#4586 = PCURVE('',#4587,#4592);
#4587 = PLANE('',#4588);
#4588 = AXIS2_PLACEMENT_3D('',#4589,#4590,#4591);
#4589 = CARTESIAN_POINT('',(14.223468650479,5.094573157778,0.9));
#4590 = DIRECTION('',(0.309024825052,-0.951053971918,0.));
#4591 = DIRECTION('',(0.951053971918,0.309024825052,0.));
#4592 = DEFINITIONAL_REPRESENTATION('',(#4593),#4596);
#4593 = B_SPLINE_CURVE_WITH_KNOTS('',1,(#4594,#4595),.UNSPECIFIED.,.F.,
  .F.,(2,2),(7.550817966645,8.24277794279),.PIECEWISE_BEZIER_KNOTS.);
#4594 = CARTESIAN_POINT('',(0.,0.3));
#4595 = CARTESIAN_POINT('',(0.691959976145,0.3));
#4596 = ( GEOMETRIC_REPRESENTATION_CONTEXT(2) 
PARAMETRIC_REPRESENTATION_CONTEXT() REPRESENTATION_CONTEXT('2D SPACE',''
  ) );
#4597 = ORIENTED_EDGE('',*,*,#4598,.F.);
#4598 = EDGE_CURVE('',#4599,#4573,#4601,.T.);
#4599 = VERTEX_POINT('',#4600);
#4600 = CARTESIAN_POINT('',(13.565350865736,4.880730853802,1.2));
#4601 = SURFACE_CURVE('',#4602,(#4606,#4612),.PCURVE_S1.);
#4602 = LINE('',#4603,#4604);
#4603 = CARTESIAN_POINT('',(6.7131769103,2.65425301072,1.2));
#4604 = VECTOR('',#4605,1.);
#4605 = DIRECTION('',(0.951053597122,0.309025978521,-0.));
#4606 = PCURVE('',#43,#4607);
#4607 = DEFINITIONAL_REPRESENTATION('',(#4608),#4611);
#4608 = B_SPLINE_CURVE_WITH_KNOTS('',1,(#4609,#4610),.UNSPECIFIED.,.F.,
  .F.,(2,2),(7.204824182539,7.896812296284),.PIECEWISE_BEZIER_KNOTS.);
#4609 = CARTESIAN_POINT('',(13.565350865736,4.880730853802));
#4610 = CARTESIAN_POINT('',(14.223468650479,5.094573157778));
#4611 = ( GEOMETRIC_REPRESENTATION_CONTEXT(2) 
PARAMETRIC_REPRESENTATION_CONTEXT() REPRESENTATION_CONTEXT('2D SPACE',''
  ) );
#4612 = PCURVE('',#4613,#4618);
#4613 = PLANE('',#4614);
#4614 = AXIS2_PLACEMENT_3D('',#4615,#4616,#4617);
#4615 = CARTESIAN_POINT('',(13.565350865736,4.880730853802,0.9));
#4616 = DIRECTION('',(0.309025978521,-0.951053597122,0.));
#4617 = DIRECTION('',(0.951053597122,0.309025978521,0.));
#4618 = DEFINITIONAL_REPRESENTATION('',(#4619),#4622);
#4619 = B_SPLINE_CURVE_WITH_KNOTS('',1,(#4620,#4621),.UNSPECIFIED.,.F.,
  .F.,(2,2),(7.204824182539,7.896812296284),.PIECEWISE_BEZIER_KNOTS.);
#4620 = CARTESIAN_POINT('',(0.,0.3));
#4621 = CARTESIAN_POINT('',(0.691988113745,0.3));
#4622 = ( GEOMETRIC_REPRESENTATION_CONTEXT(2) 
PARAMETRIC_REPRESENTATION_CONTEXT() REPRESENTATION_CONTEXT('2D SPACE',''
  ) );
#4623 = ORIENTED_EDGE('',*,*,#4624,.F.);
#4624 = EDGE_CURVE('',#4625,#4599,#4627,.T.);
#4625 = VERTEX_POINT('',#4626);
#4626 = CARTESIAN_POINT('',(12.907202589159,4.666877577397,1.2));
#4627 = SURFACE_CURVE('',#4628,(#4632,#4638),.PCURVE_S1.);
#4628 = LINE('',#4629,#4630);
#4629 = CARTESIAN_POINT('',(6.384105716952,2.547316244372,1.2));
#4630 = VECTOR('',#4631,1.);
#4631 = DIRECTION('',(0.951053144938,0.309027370152,-0.));
#4632 = PCURVE('',#43,#4633);
#4633 = DEFINITIONAL_REPRESENTATION('',(#4634),#4637);
#4634 = B_SPLINE_CURVE_WITH_KNOTS('',1,(#4635,#4636),.UNSPECIFIED.,.F.,
  .F.,(2,2),(6.858814259669,7.55083476355),.PIECEWISE_BEZIER_KNOTS.);
#4635 = CARTESIAN_POINT('',(12.907202589159,4.666877577397));
#4636 = CARTESIAN_POINT('',(13.565350865736,4.880730853802));
#4637 = ( GEOMETRIC_REPRESENTATION_CONTEXT(2) 
PARAMETRIC_REPRESENTATION_CONTEXT() REPRESENTATION_CONTEXT('2D SPACE',''
  ) );
#4638 = PCURVE('',#4639,#4644);
#4639 = PLANE('',#4640);
#4640 = AXIS2_PLACEMENT_3D('',#4641,#4642,#4643);
#4641 = CARTESIAN_POINT('',(12.907202589159,4.666877577397,0.9));
#4642 = DIRECTION('',(0.309027370152,-0.951053144938,0.));
#4643 = DIRECTION('',(0.951053144938,0.309027370152,0.));
#4644 = DEFINITIONAL_REPRESENTATION('',(#4645),#4648);
#4645 = B_SPLINE_CURVE_WITH_KNOTS('',1,(#4646,#4647),.UNSPECIFIED.,.F.,
  .F.,(2,2),(6.858814259669,7.55083476355),.PIECEWISE_BEZIER_KNOTS.);
#4646 = CARTESIAN_POINT('',(0.,0.3));
#4647 = CARTESIAN_POINT('',(0.69202050388,0.3));
#4648 = ( GEOMETRIC_REPRESENTATION_CONTEXT(2) 
PARAMETRIC_REPRESENTATION_CONTEXT() REPRESENTATION_CONTEXT('2D SPACE',''
  ) );
#4649 = ORIENTED_EDGE('',*,*,#4650,.F.);
#4650 = EDGE_CURVE('',#4651,#4625,#4653,.T.);
#4651 = VERTEX_POINT('',#4652);
#4652 = CARTESIAN_POINT('',(12.24901898638,4.453011525819,1.2));
#4653 = SURFACE_CURVE('',#4654,(#4658,#4664),.PCURVE_S1.);
#4654 = LINE('',#4655,#4656);
#4655 = CARTESIAN_POINT('',(6.055017311122,2.440371471939,1.2));
#4656 = VECTOR('',#4657,1.);
#4657 = DIRECTION('',(0.951052594313,0.309029064733,-0.));
#4658 = PCURVE('',#43,#4659);
#4659 = DEFINITIONAL_REPRESENTATION('',(#4660),#4663);
#4660 = B_SPLINE_CURVE_WITH_KNOTS('',1,(#4661,#4662),.UNSPECIFIED.,.F.,
  .F.,(2,2),(6.51278563593,7.204843684785),.PIECEWISE_BEZIER_KNOTS.);
#4661 = CARTESIAN_POINT('',(12.24901898638,4.453011525819));
#4662 = CARTESIAN_POINT('',(12.907202589159,4.666877577397));
#4663 = ( GEOMETRIC_REPRESENTATION_CONTEXT(2) 
PARAMETRIC_REPRESENTATION_CONTEXT() REPRESENTATION_CONTEXT('2D SPACE',''
  ) );
#4664 = PCURVE('',#4665,#4670);
#4665 = PLANE('',#4666);
#4666 = AXIS2_PLACEMENT_3D('',#4667,#4668,#4669);
#4667 = CARTESIAN_POINT('',(12.24901898638,4.453011525819,0.9));
#4668 = DIRECTION('',(0.309029064733,-0.951052594313,0.));
#4669 = DIRECTION('',(0.951052594313,0.309029064733,0.));
#4670 = DEFINITIONAL_REPRESENTATION('',(#4671),#4674);
#4671 = B_SPLINE_CURVE_WITH_KNOTS('',1,(#4672,#4673),.UNSPECIFIED.,.F.,
  .F.,(2,2),(6.51278563593,7.204843684785),.PIECEWISE_BEZIER_KNOTS.);
#4672 = CARTESIAN_POINT('',(0.,0.3));
#4673 = CARTESIAN_POINT('',(0.692058048855,0.3));
#4674 = ( GEOMETRIC_REPRESENTATION_CONTEXT(2) 
PARAMETRIC_REPRESENTATION_CONTEXT() REPRESENTATION_CONTEXT('2D SPACE',''
  ) );
#4675 = ORIENTED_EDGE('',*,*,#4676,.F.);
#4676 = EDGE_CURVE('',#4677,#4651,#4679,.T.);
#4677 = VERTEX_POINT('',#4678);
#4678 = CARTESIAN_POINT('',(11.590794144189,4.239130479018,1.2));
#4679 = SURFACE_CURVE('',#4680,(#4684,#4690),.PCURVE_S1.);
#4680 = LINE('',#4681,#4682);
#4681 = CARTESIAN_POINT('',(5.725908832919,2.333417219147,1.2));
#4682 = VECTOR('',#4683,1.);
#4683 = DIRECTION('',(0.951051916928,0.309031149413,-0.));
#4684 = PCURVE('',#43,#4685);
#4685 = DEFINITIONAL_REPRESENTATION('',(#4686),#4689);
#4686 = B_SPLINE_CURVE_WITH_KNOTS('',1,(#4687,#4688),.UNSPECIFIED.,.F.,
  .F.,(2,2),(6.166735176996,6.858837080662),.PIECEWISE_BEZIER_KNOTS.);
#4687 = CARTESIAN_POINT('',(11.590794144189,4.239130479018));
#4688 = CARTESIAN_POINT('',(12.24901898638,4.453011525819));
#4689 = ( GEOMETRIC_REPRESENTATION_CONTEXT(2) 
PARAMETRIC_REPRESENTATION_CONTEXT() REPRESENTATION_CONTEXT('2D SPACE',''
  ) );
#4690 = PCURVE('',#4691,#4696);
#4691 = PLANE('',#4692);
#4692 = AXIS2_PLACEMENT_3D('',#4693,#4694,#4695);
#4693 = CARTESIAN_POINT('',(11.590794144189,4.239130479018,0.9));
#4694 = DIRECTION('',(0.309031149413,-0.951051916928,0.));
#4695 = DIRECTION('',(0.951051916928,0.309031149413,0.));
#4696 = DEFINITIONAL_REPRESENTATION('',(#4697),#4700);
#4697 = B_SPLINE_CURVE_WITH_KNOTS('',1,(#4698,#4699),.UNSPECIFIED.,.F.,
  .F.,(2,2),(6.166735176996,6.858837080662),.PIECEWISE_BEZIER_KNOTS.);
#4698 = CARTESIAN_POINT('',(0.,0.3));
#4699 = CARTESIAN_POINT('',(0.692101903666,0.3));
#4700 = ( GEOMETRIC_REPRESENTATION_CONTEXT(2) 
PARAMETRIC_REPRESENTATION_CONTEXT() REPRESENTATION_CONTEXT('2D SPACE',''
  ) );
#4701 = ORIENTED_EDGE('',*,*,#4702,.F.);
#4702 = EDGE_CURVE('',#4703,#4677,#4705,.T.);
#4703 = VERTEX_POINT('',#4704);
#4704 = CARTESIAN_POINT('',(10.932520751852,4.025231671634,1.2));
#4705 = SURFACE_CURVE('',#4706,(#4710,#4716),.PCURVE_S1.);
#4706 = LINE('',#4707,#4708);
#4707 = CARTESIAN_POINT('',(5.396776751055,2.226451630485,1.2));
#4708 = VECTOR('',#4709,1.);
#4709 = DIRECTION('',(0.951051074095,0.309033743242,-0.));
#4710 = PCURVE('',#43,#4711);
#4711 = DEFINITIONAL_REPRESENTATION('',(#4712),#4715);
#4712 = B_SPLINE_CURVE_WITH_KNOTS('',1,(#4713,#4714),.UNSPECIFIED.,.F.,
  .F.,(2,2),(5.82065900726,6.512812573211),.PIECEWISE_BEZIER_KNOTS.);
#4713 = CARTESIAN_POINT('',(10.932520751852,4.025231671634));
#4714 = CARTESIAN_POINT('',(11.590794144189,4.239130479018));
#4715 = ( GEOMETRIC_REPRESENTATION_CONTEXT(2) 
PARAMETRIC_REPRESENTATION_CONTEXT() REPRESENTATION_CONTEXT('2D SPACE',''
  ) );
#4716 = PCURVE('',#4717,#4722);
#4717 = PLANE('',#4718);
#4718 = AXIS2_PLACEMENT_3D('',#4719,#4720,#4721);
#4719 = CARTESIAN_POINT('',(10.932520751852,4.025231671634,0.9));
#4720 = DIRECTION('',(0.309033743242,-0.951051074095,0.));
#4721 = DIRECTION('',(0.951051074095,0.309033743242,0.));
#4722 = DEFINITIONAL_REPRESENTATION('',(#4723),#4726);
#4723 = B_SPLINE_CURVE_WITH_KNOTS('',1,(#4724,#4725),.UNSPECIFIED.,.F.,
  .F.,(2,2),(5.82065900726,6.512812573211),.PIECEWISE_BEZIER_KNOTS.);
#4724 = CARTESIAN_POINT('',(0.,0.3));
#4725 = CARTESIAN_POINT('',(0.692153565952,0.3));
#4726 = ( GEOMETRIC_REPRESENTATION_CONTEXT(2) 
PARAMETRIC_REPRESENTATION_CONTEXT() REPRESENTATION_CONTEXT('2D SPACE',''
  ) );
#4727 = ORIENTED_EDGE('',*,*,#4728,.F.);
#4728 = EDGE_CURVE('',#4729,#4703,#4731,.T.);
#4729 = VERTEX_POINT('',#4730);
#4730 = CARTESIAN_POINT('',(10.2741896624,3.81131161485,1.2));
#4731 = SURFACE_CURVE('',#4732,(#4736,#4742),.PCURVE_S1.);
#4732 = LINE('',#4733,#4734);
#4733 = CARTESIAN_POINT('',(5.067616653313,2.119472338839,1.2));
#4734 = VECTOR('',#4735,1.);
#4735 = DIRECTION('',(0.951050012045,0.309037011681,-0.));
#4736 = PCURVE('',#43,#4737);
#4737 = DEFINITIONAL_REPRESENTATION('',(#4738),#4741);
#4738 = B_SPLINE_CURVE_WITH_KNOTS('',1,(#4739,#4740),.UNSPECIFIED.,.F.,
  .F.,(2,2),(5.474552277109,6.16676728275),.PIECEWISE_BEZIER_KNOTS.);
#4739 = CARTESIAN_POINT('',(10.2741896624,3.81131161485));
#4740 = CARTESIAN_POINT('',(10.932520751852,4.025231671634));
#4741 = ( GEOMETRIC_REPRESENTATION_CONTEXT(2) 
PARAMETRIC_REPRESENTATION_CONTEXT() REPRESENTATION_CONTEXT('2D SPACE',''
  ) );
#4742 = PCURVE('',#4743,#4748);
#4743 = PLANE('',#4744);
#4744 = AXIS2_PLACEMENT_3D('',#4745,#4746,#4747);
#4745 = CARTESIAN_POINT('',(10.2741896624,3.81131161485,0.9));
#4746 = DIRECTION('',(0.309037011681,-0.951050012045,0.));
#4747 = DIRECTION('',(0.951050012045,0.309037011681,0.));
#4748 = DEFINITIONAL_REPRESENTATION('',(#4749),#4752);
#4749 = B_SPLINE_CURVE_WITH_KNOTS('',1,(#4750,#4751),.UNSPECIFIED.,.F.,
  .F.,(2,2),(5.474552277109,6.16676728275),.PIECEWISE_BEZIER_KNOTS.);
#4750 = CARTESIAN_POINT('',(0.,0.3));
#4751 = CARTESIAN_POINT('',(0.692215005641,0.3));
#4752 = ( GEOMETRIC_REPRESENTATION_CONTEXT(2) 
PARAMETRIC_REPRESENTATION_CONTEXT() REPRESENTATION_CONTEXT('2D SPACE',''
  ) );
#4753 = ORIENTED_EDGE('',*,*,#4754,.F.);
#4754 = EDGE_CURVE('',#4755,#4729,#4757,.T.);
#4755 = VERTEX_POINT('',#4756);
#4756 = CARTESIAN_POINT('',(9.61578927761,3.597365843647,1.2));
#4757 = SURFACE_CURVE('',#4758,(#4762,#4768),.PCURVE_S1.);
#4758 = LINE('',#4759,#4760);
#4759 = CARTESIAN_POINT('',(4.738422953225,2.012476278247,1.2));
#4760 = VECTOR('',#4761,1.);
#4761 = DIRECTION('',(0.951048654593,0.309041189159,-0.));
#4762 = PCURVE('',#43,#4763);
#4763 = DEFINITIONAL_REPRESENTATION('',(#4764),#4767);
#4764 = B_SPLINE_CURVE_WITH_KNOTS('',1,(#4765,#4766),.UNSPECIFIED.,.F.,
  .F.,(2,2),(5.128408836741,5.820697692426),.PIECEWISE_BEZIER_KNOTS.);
#4765 = CARTESIAN_POINT('',(9.61578927761,3.597365843647));
#4766 = CARTESIAN_POINT('',(10.2741896624,3.81131161485));
#4767 = ( GEOMETRIC_REPRESENTATION_CONTEXT(2) 
PARAMETRIC_REPRESENTATION_CONTEXT() REPRESENTATION_CONTEXT('2D SPACE',''
  ) );
#4768 = PCURVE('',#4769,#4774);
#4769 = PLANE('',#4770);
#4770 = AXIS2_PLACEMENT_3D('',#4771,#4772,#4773);
#4771 = CARTESIAN_POINT('',(9.61578927761,3.597365843647,0.9));
#4772 = DIRECTION('',(0.309041189159,-0.951048654593,0.));
#4773 = DIRECTION('',(0.951048654593,0.309041189159,0.));
#4774 = DEFINITIONAL_REPRESENTATION('',(#4775),#4778);
#4775 = B_SPLINE_CURVE_WITH_KNOTS('',1,(#4776,#4777),.UNSPECIFIED.,.F.,
  .F.,(2,2),(5.128408836741,5.820697692426),.PIECEWISE_BEZIER_KNOTS.);
#4776 = CARTESIAN_POINT('',(0.,0.3));
#4777 = CARTESIAN_POINT('',(0.692288855685,0.3));
#4778 = ( GEOMETRIC_REPRESENTATION_CONTEXT(2) 
PARAMETRIC_REPRESENTATION_CONTEXT() REPRESENTATION_CONTEXT('2D SPACE',''
  ) );
#4779 = ORIENTED_EDGE('',*,*,#4780,.F.);
#4780 = EDGE_CURVE('',#4781,#4755,#4783,.T.);
#4781 = VERTEX_POINT('',#4782);
#4782 = CARTESIAN_POINT('',(8.957304668121,3.383388550324,1.2));
#4783 = SURFACE_CURVE('',#4784,(#4788,#4794),.PCURVE_S1.);
#4784 = LINE('',#4785,#4786);
#4785 = CARTESIAN_POINT('',(4.409188471039,1.905459408859,1.2));
#4786 = VECTOR('',#4787,1.);
#4787 = DIRECTION('',(0.951046891431,0.30904661509,-0.));
#4788 = PCURVE('',#43,#4789);
#4789 = DEFINITIONAL_REPRESENTATION('',(#4790),#4793);
#4790 = B_SPLINE_CURVE_WITH_KNOTS('',1,(#4791,#4792),.UNSPECIFIED.,.F.,
  .F.,(2,2),(4.782220769616,5.474599468735),.PIECEWISE_BEZIER_KNOTS.);
#4791 = CARTESIAN_POINT('',(8.957304668121,3.383388550324));
#4792 = CARTESIAN_POINT('',(9.61578927761,3.597365843647));
#4793 = ( GEOMETRIC_REPRESENTATION_CONTEXT(2) 
PARAMETRIC_REPRESENTATION_CONTEXT() REPRESENTATION_CONTEXT('2D SPACE',''
  ) );
#4794 = PCURVE('',#4795,#4800);
#4795 = PLANE('',#4796);
#4796 = AXIS2_PLACEMENT_3D('',#4797,#4798,#4799);
#4797 = CARTESIAN_POINT('',(8.957304668121,3.383388550324,0.9));
#4798 = DIRECTION('',(0.30904661509,-0.951046891431,0.));
#4799 = DIRECTION('',(0.951046891431,0.30904661509,0.));
#4800 = DEFINITIONAL_REPRESENTATION('',(#4801),#4804);
#4801 = B_SPLINE_CURVE_WITH_KNOTS('',1,(#4802,#4803),.UNSPECIFIED.,.F.,
  .F.,(2,2),(4.782220769616,5.474599468735),.PIECEWISE_BEZIER_KNOTS.);
#4802 = CARTESIAN_POINT('',(0.,0.3));
#4803 = CARTESIAN_POINT('',(0.692378699118,0.3));
#4804 = ( GEOMETRIC_REPRESENTATION_CONTEXT(2) 
PARAMETRIC_REPRESENTATION_CONTEXT() REPRESENTATION_CONTEXT('2D SPACE',''
  ) );
#4805 = ORIENTED_EDGE('',*,*,#4806,.F.);
#4806 = EDGE_CURVE('',#4807,#4781,#4809,.T.);
#4807 = VERTEX_POINT('',#4808);
#4808 = CARTESIAN_POINT('',(8.298716285316,3.169372039844,1.2));
#4809 = SURFACE_CURVE('',#4810,(#4814,#4820),.PCURVE_S1.);
#4810 = LINE('',#4811,#4812);
#4811 = CARTESIAN_POINT('',(4.079903821175,1.798416302514,1.2));
#4812 = VECTOR('',#4813,1.);
#4813 = DIRECTION('',(0.951044558875,0.309053793106,-0.));
#4814 = PCURVE('',#43,#4815);
#4815 = DEFINITIONAL_REPRESENTATION('',(#4816),#4819);
#4816 = B_SPLINE_CURVE_WITH_KNOTS('',1,(#4817,#4818),.UNSPECIFIED.,.F.,
  .F.,(2,2),(4.43597770974,5.128467222096),.PIECEWISE_BEZIER_KNOTS.);
#4817 = CARTESIAN_POINT('',(8.298716285316,3.169372039844));
#4818 = CARTESIAN_POINT('',(8.957304668121,3.383388550324));
#4819 = ( GEOMETRIC_REPRESENTATION_CONTEXT(2) 
PARAMETRIC_REPRESENTATION_CONTEXT() REPRESENTATION_CONTEXT('2D SPACE',''
  ) );
#4820 = PCURVE('',#4821,#4826);
#4821 = PLANE('',#4822);
#4822 = AXIS2_PLACEMENT_3D('',#4823,#4824,#4825);
#4823 = CARTESIAN_POINT('',(8.298716285316,3.169372039844,0.9));
#4824 = DIRECTION('',(0.309053793106,-0.951044558875,0.));
#4825 = DIRECTION('',(0.951044558875,0.309053793106,0.));
#4826 = DEFINITIONAL_REPRESENTATION('',(#4827),#4830);
#4827 = B_SPLINE_CURVE_WITH_KNOTS('',1,(#4828,#4829),.UNSPECIFIED.,.F.,
  .F.,(2,2),(4.43597770974,5.128467222096),.PIECEWISE_BEZIER_KNOTS.);
#4828 = CARTESIAN_POINT('',(0.,0.3));
#4829 = CARTESIAN_POINT('',(0.692489512356,0.3));
#4830 = ( GEOMETRIC_REPRESENTATION_CONTEXT(2) 
PARAMETRIC_REPRESENTATION_CONTEXT() REPRESENTATION_CONTEXT('2D SPACE',''
  ) );
#4831 = ORIENTED_EDGE('',*,*,#4832,.F.);
#4832 = EDGE_CURVE('',#4183,#4807,#4833,.T.);
#4833 = SURFACE_CURVE('',#4834,(#4838,#4844),.PCURVE_S1.);
#4834 = LINE('',#4835,#4836);
#4835 = CARTESIAN_POINT('',(3.750556493079,1.691339499879,1.2));
#4836 = VECTOR('',#4837,1.);
#4837 = DIRECTION('',(0.951041407115,0.309063491782,-0.));
#4838 = PCURVE('',#43,#4839);
#4839 = DEFINITIONAL_REPRESENTATION('',(#4840),#4843);
#4840 = B_SPLINE_CURVE_WITH_KNOTS('',1,(#4841,#4842),.UNSPECIFIED.,.F.,
  .F.,(2,2),(4.089665816264,4.782294186362),.PIECEWISE_BEZIER_KNOTS.);
#4841 = CARTESIAN_POINT('',(7.639998025609,2.955305897274));
#4842 = CARTESIAN_POINT('',(8.298716285316,3.169372039844));
#4843 = ( GEOMETRIC_REPRESENTATION_CONTEXT(2) 
PARAMETRIC_REPRESENTATION_CONTEXT() REPRESENTATION_CONTEXT('2D SPACE',''
  ) );
#4844 = PCURVE('',#4845,#4850);
#4845 = PLANE('',#4846);
#4846 = AXIS2_PLACEMENT_3D('',#4847,#4848,#4849);
#4847 = CARTESIAN_POINT('',(7.639998025609,2.955305897274,0.9));
#4848 = DIRECTION('',(0.309063491782,-0.951041407115,0.));
#4849 = DIRECTION('',(0.951041407115,0.309063491782,0.));
#4850 = DEFINITIONAL_REPRESENTATION('',(#4851),#4854);
#4851 = B_SPLINE_CURVE_WITH_KNOTS('',1,(#4852,#4853),.UNSPECIFIED.,.F.,
  .F.,(2,2),(4.089665816264,4.782294186362),.PIECEWISE_BEZIER_KNOTS.);
#4852 = CARTESIAN_POINT('',(0.,0.3));
#4853 = CARTESIAN_POINT('',(0.692628370099,0.3));
#4854 = ( GEOMETRIC_REPRESENTATION_CONTEXT(2) 
PARAMETRIC_REPRESENTATION_CONTEXT() REPRESENTATION_CONTEXT('2D SPACE',''
  ) );
#4855 = FACE_BOUND('',#4856,.T.);
#4856 = EDGE_LOOP('',(#4857,#4885,#4911,#4937,#4963,#4989,#5015,#5041,
    #5067,#5093,#5119,#5145,#5171,#5197,#5223,#5249,#5275,#5301,#5327,
    #5353,#5379,#5405,#5431,#5457,#5483,#5509));
#4857 = ORIENTED_EDGE('',*,*,#4858,.F.);
#4858 = EDGE_CURVE('',#4859,#4861,#4863,.T.);
#4859 = VERTEX_POINT('',#4860);
#4860 = CARTESIAN_POINT('',(2.998089307319,6.87469712099,1.2));
#4861 = VERTEX_POINT('',#4862);
#4862 = CARTESIAN_POINT('',(3.312577571717,7.492011252603,1.2));
#4863 = SURFACE_CURVE('',#4864,(#4868,#4874),.PCURVE_S1.);
#4864 = LINE('',#4865,#4866);
#4865 = CARTESIAN_POINT('',(1.298892189517,3.539315448728,1.2));
#4866 = VECTOR('',#4867,1.);
#4867 = DIRECTION('',(0.453934353859,0.891035129715,-0.));
#4868 = PCURVE('',#43,#4869);
#4869 = DEFINITIONAL_REPRESENTATION('',(#4870),#4873);
#4870 = B_SPLINE_CURVE_WITH_KNOTS('',1,(#4871,#4872),.UNSPECIFIED.,.F.,
  .F.,(2,2),(3.743266186741,4.436071791175),.PIECEWISE_BEZIER_KNOTS.);
#4871 = CARTESIAN_POINT('',(2.998089307319,6.87469712099));
#4872 = CARTESIAN_POINT('',(3.312577571717,7.492011252603));
#4873 = ( GEOMETRIC_REPRESENTATION_CONTEXT(2) 
PARAMETRIC_REPRESENTATION_CONTEXT() REPRESENTATION_CONTEXT('2D SPACE',''
  ) );
#4874 = PCURVE('',#4875,#4880);
#4875 = PLANE('',#4876);
#4876 = AXIS2_PLACEMENT_3D('',#4877,#4878,#4879);
#4877 = CARTESIAN_POINT('',(2.998089307319,6.87469712099,0.9));
#4878 = DIRECTION('',(0.891035129715,-0.453934353859,0.));
#4879 = DIRECTION('',(0.453934353859,0.891035129715,0.));
#4880 = DEFINITIONAL_REPRESENTATION('',(#4881),#4884);
#4881 = B_SPLINE_CURVE_WITH_KNOTS('',1,(#4882,#4883),.UNSPECIFIED.,.F.,
  .F.,(2,2),(3.743266186741,4.436071791175),.PIECEWISE_BEZIER_KNOTS.);
#4882 = CARTESIAN_POINT('',(0.,0.3));
#4883 = CARTESIAN_POINT('',(0.692805604433,0.3));
#4884 = ( GEOMETRIC_REPRESENTATION_CONTEXT(2) 
PARAMETRIC_REPRESENTATION_CONTEXT() REPRESENTATION_CONTEXT('2D SPACE',''
  ) );
#4885 = ORIENTED_EDGE('',*,*,#4886,.F.);
#4886 = EDGE_CURVE('',#4887,#4859,#4889,.T.);
#4887 = VERTEX_POINT('',#4888);
#4888 = CARTESIAN_POINT('',(2.741175673048,6.981114232663,1.2));
#4889 = SURFACE_CURVE('',#4890,(#4894,#4900),.PCURVE_S1.);
#4890 = LINE('',#4891,#4892);
#4891 = CARTESIAN_POINT('',(2.805404081615,6.954509954745,1.2));
#4892 = VECTOR('',#4893,1.);
#4893 = DIRECTION('',(0.923879532511,-0.382683432365,0.));
#4894 = PCURVE('',#43,#4895);
#4895 = DEFINITIONAL_REPRESENTATION('',(#4896),#4899);
#4896 = B_SPLINE_CURVE_WITH_KNOTS('',1,(#4897,#4898),.UNSPECIFIED.,.F.,
  .F.,(2,2),(-6.952032847094E-02,0.208560985413),
  .PIECEWISE_BEZIER_KNOTS.);
#4897 = CARTESIAN_POINT('',(2.741175673048,6.981114232663));
#4898 = CARTESIAN_POINT('',(2.998089307319,6.87469712099));
#4899 = ( GEOMETRIC_REPRESENTATION_CONTEXT(2) 
PARAMETRIC_REPRESENTATION_CONTEXT() REPRESENTATION_CONTEXT('2D SPACE',''
  ) );
#4900 = PCURVE('',#4901,#4906);
#4901 = PLANE('',#4902);
#4902 = AXIS2_PLACEMENT_3D('',#4903,#4904,#4905);
#4903 = CARTESIAN_POINT('',(2.741175673048,6.981114232663,0.9));
#4904 = DIRECTION('',(-0.382683432365,-0.923879532511,0.));
#4905 = DIRECTION('',(0.923879532511,-0.382683432365,0.));
#4906 = DEFINITIONAL_REPRESENTATION('',(#4907),#4910);
#4907 = B_SPLINE_CURVE_WITH_KNOTS('',1,(#4908,#4909),.UNSPECIFIED.,.F.,
  .F.,(2,2),(-6.952032847094E-02,0.208560985413),
  .PIECEWISE_BEZIER_KNOTS.);
#4908 = CARTESIAN_POINT('',(0.,0.3));
#4909 = CARTESIAN_POINT('',(0.278081313884,0.3));
#4910 = ( GEOMETRIC_REPRESENTATION_CONTEXT(2) 
PARAMETRIC_REPRESENTATION_CONTEXT() REPRESENTATION_CONTEXT('2D SPACE',''
  ) );
#4911 = ORIENTED_EDGE('',*,*,#4912,.F.);
#4912 = EDGE_CURVE('',#4913,#4887,#4915,.T.);
#4913 = VERTEX_POINT('',#4914);
#4914 = CARTESIAN_POINT('',(2.955305897274,7.639998025609,1.2));
#4915 = SURFACE_CURVE('',#4916,(#4920,#4926),.PCURVE_S1.);
#4916 = LINE('',#4917,#4918);
#4917 = CARTESIAN_POINT('',(1.69128359143,3.750571326265,1.2));
#4918 = VECTOR('',#4919,1.);
#4919 = DIRECTION('',(-0.30907692267,-0.951037042324,0.));
#4920 = PCURVE('',#43,#4921);
#4921 = DEFINITIONAL_REPRESENTATION('',(#4922),#4925);
#4922 = B_SPLINE_CURVE_WITH_KNOTS('',1,(#4923,#4924),.UNSPECIFIED.,.F.,
  .F.,(2,2),(-4.089668988958,-3.396863384525),.PIECEWISE_BEZIER_KNOTS.);
#4923 = CARTESIAN_POINT('',(2.955305897274,7.639998025609));
#4924 = CARTESIAN_POINT('',(2.741175673048,6.981114232663));
#4925 = ( GEOMETRIC_REPRESENTATION_CONTEXT(2) 
PARAMETRIC_REPRESENTATION_CONTEXT() REPRESENTATION_CONTEXT('2D SPACE',''
  ) );
#4926 = PCURVE('',#4927,#4932);
#4927 = PLANE('',#4928);
#4928 = AXIS2_PLACEMENT_3D('',#4929,#4930,#4931);
#4929 = CARTESIAN_POINT('',(2.955305897274,7.639998025609,0.9));
#4930 = DIRECTION('',(-0.951037042324,0.30907692267,0.));
#4931 = DIRECTION('',(-0.30907692267,-0.951037042324,0.));
#4932 = DEFINITIONAL_REPRESENTATION('',(#4933),#4936);
#4933 = B_SPLINE_CURVE_WITH_KNOTS('',1,(#4934,#4935),.UNSPECIFIED.,.F.,
  .F.,(2,2),(-4.089668988958,-3.396863384525),.PIECEWISE_BEZIER_KNOTS.);
#4934 = CARTESIAN_POINT('',(0.,0.3));
#4935 = CARTESIAN_POINT('',(0.692805604433,0.3));
#4936 = ( GEOMETRIC_REPRESENTATION_CONTEXT(2) 
PARAMETRIC_REPRESENTATION_CONTEXT() REPRESENTATION_CONTEXT('2D SPACE',''
  ) );
#4937 = ORIENTED_EDGE('',*,*,#4938,.F.);
#4938 = EDGE_CURVE('',#4939,#4913,#4941,.T.);
#4939 = VERTEX_POINT('',#4940);
#4940 = CARTESIAN_POINT('',(3.169372039844,8.298716285316,1.2));
#4941 = SURFACE_CURVE('',#4942,(#4946,#4952),.PCURVE_S1.);
#4942 = LINE('',#4943,#4944);
#4943 = CARTESIAN_POINT('',(1.798372571164,4.079915622932,1.2));
#4944 = VECTOR('',#4945,1.);
#4945 = DIRECTION('',(-0.309063491782,-0.951041407115,0.));
#4946 = PCURVE('',#43,#4947);
#4947 = DEFINITIONAL_REPRESENTATION('',(#4948),#4951);
#4948 = B_SPLINE_CURVE_WITH_KNOTS('',1,(#4949,#4950),.UNSPECIFIED.,.F.,
  .F.,(2,2),(-4.435980001313,-3.743351631214),.PIECEWISE_BEZIER_KNOTS.);
#4949 = CARTESIAN_POINT('',(3.169372039844,8.298716285316));
#4950 = CARTESIAN_POINT('',(2.955305897274,7.639998025609));
#4951 = ( GEOMETRIC_REPRESENTATION_CONTEXT(2) 
PARAMETRIC_REPRESENTATION_CONTEXT() REPRESENTATION_CONTEXT('2D SPACE',''
  ) );
#4952 = PCURVE('',#4953,#4958);
#4953 = PLANE('',#4954);
#4954 = AXIS2_PLACEMENT_3D('',#4955,#4956,#4957);
#4955 = CARTESIAN_POINT('',(3.169372039844,8.298716285316,0.9));
#4956 = DIRECTION('',(-0.951041407115,0.309063491782,0.));
#4957 = DIRECTION('',(-0.309063491782,-0.951041407115,0.));
#4958 = DEFINITIONAL_REPRESENTATION('',(#4959),#4962);
#4959 = B_SPLINE_CURVE_WITH_KNOTS('',1,(#4960,#4961),.UNSPECIFIED.,.F.,
  .F.,(2,2),(-4.435980001313,-3.743351631214),.PIECEWISE_BEZIER_KNOTS.);
#4960 = CARTESIAN_POINT('',(0.,0.3));
#4961 = CARTESIAN_POINT('',(0.692628370099,0.3));
#4962 = ( GEOMETRIC_REPRESENTATION_CONTEXT(2) 
PARAMETRIC_REPRESENTATION_CONTEXT() REPRESENTATION_CONTEXT('2D SPACE',''
  ) );
#4963 = ORIENTED_EDGE('',*,*,#4964,.F.);
#4964 = EDGE_CURVE('',#4965,#4939,#4967,.T.);
#4965 = VERTEX_POINT('',#4966);
#4966 = CARTESIAN_POINT('',(3.383388550324,8.957304668121,1.2));
#4967 = SURFACE_CURVE('',#4968,(#4972,#4978),.PCURVE_S1.);
#4968 = LINE('',#4969,#4970);
#4969 = CARTESIAN_POINT('',(1.905424557754,4.409198012577,1.2));
#4970 = VECTOR('',#4971,1.);
#4971 = DIRECTION('',(-0.309053793106,-0.951044558875,0.));
#4972 = PCURVE('',#43,#4973);
#4973 = DEFINITIONAL_REPRESENTATION('',(#4974),#4977);
#4974 = B_SPLINE_CURVE_WITH_KNOTS('',1,(#4975,#4976),.UNSPECIFIED.,.F.,
  .F.,(2,2),(-4.782222465918,-4.089732953562),.PIECEWISE_BEZIER_KNOTS.);
#4975 = CARTESIAN_POINT('',(3.383388550324,8.957304668121));
#4976 = CARTESIAN_POINT('',(3.169372039844,8.298716285316));
#4977 = ( GEOMETRIC_REPRESENTATION_CONTEXT(2) 
PARAMETRIC_REPRESENTATION_CONTEXT() REPRESENTATION_CONTEXT('2D SPACE',''
  ) );
#4978 = PCURVE('',#4979,#4984);
#4979 = PLANE('',#4980);
#4980 = AXIS2_PLACEMENT_3D('',#4981,#4982,#4983);
#4981 = CARTESIAN_POINT('',(3.383388550324,8.957304668121,0.9));
#4982 = DIRECTION('',(-0.951044558875,0.309053793106,0.));
#4983 = DIRECTION('',(-0.309053793106,-0.951044558875,0.));
#4984 = DEFINITIONAL_REPRESENTATION('',(#4985),#4988);
#4985 = B_SPLINE_CURVE_WITH_KNOTS('',1,(#4986,#4987),.UNSPECIFIED.,.F.,
  .F.,(2,2),(-4.782222465918,-4.089732953562),.PIECEWISE_BEZIER_KNOTS.);
#4986 = CARTESIAN_POINT('',(0.,0.3));
#4987 = CARTESIAN_POINT('',(0.692489512356,0.3));
#4988 = ( GEOMETRIC_REPRESENTATION_CONTEXT(2) 
PARAMETRIC_REPRESENTATION_CONTEXT() REPRESENTATION_CONTEXT('2D SPACE',''
  ) );
#4989 = ORIENTED_EDGE('',*,*,#4990,.F.);
#4990 = EDGE_CURVE('',#4991,#4965,#4993,.T.);
#4991 = VERTEX_POINT('',#4992);
#4992 = CARTESIAN_POINT('',(3.597365843647,9.61578927761,1.2));
#4993 = SURFACE_CURVE('',#4994,(#4998,#5004),.PCURVE_S1.);
#4994 = LINE('',#4995,#4996);
#4995 = CARTESIAN_POINT('',(2.01244805552,4.738430775784,1.2));
#4996 = VECTOR('',#4997,1.);
#4997 = DIRECTION('',(-0.30904661509,-0.951046891431,0.));
#4998 = PCURVE('',#43,#4999);
#4999 = DEFINITIONAL_REPRESENTATION('',(#5000),#5003);
#5000 = B_SPLINE_CURVE_WITH_KNOTS('',1,(#5001,#5002),.UNSPECIFIED.,.F.,
  .F.,(2,2),(-5.128410119175,-4.436031420057),.PIECEWISE_BEZIER_KNOTS.);
#5001 = CARTESIAN_POINT('',(3.597365843647,9.61578927761));
#5002 = CARTESIAN_POINT('',(3.383388550324,8.957304668121));
#5003 = ( GEOMETRIC_REPRESENTATION_CONTEXT(2) 
PARAMETRIC_REPRESENTATION_CONTEXT() REPRESENTATION_CONTEXT('2D SPACE',''
  ) );
#5004 = PCURVE('',#5005,#5010);
#5005 = PLANE('',#5006);
#5006 = AXIS2_PLACEMENT_3D('',#5007,#5008,#5009);
#5007 = CARTESIAN_POINT('',(3.597365843647,9.61578927761,0.9));
#5008 = DIRECTION('',(-0.951046891431,0.30904661509,0.));
#5009 = DIRECTION('',(-0.30904661509,-0.951046891431,0.));
#5010 = DEFINITIONAL_REPRESENTATION('',(#5011),#5014);
#5011 = B_SPLINE_CURVE_WITH_KNOTS('',1,(#5012,#5013),.UNSPECIFIED.,.F.,
  .F.,(2,2),(-5.128410119175,-4.436031420057),.PIECEWISE_BEZIER_KNOTS.);
#5012 = CARTESIAN_POINT('',(0.,0.3));
#5013 = CARTESIAN_POINT('',(0.692378699118,0.3));
#5014 = ( GEOMETRIC_REPRESENTATION_CONTEXT(2) 
PARAMETRIC_REPRESENTATION_CONTEXT() REPRESENTATION_CONTEXT('2D SPACE',''
  ) );
#5015 = ORIENTED_EDGE('',*,*,#5016,.F.);
#5016 = EDGE_CURVE('',#5017,#4991,#5019,.T.);
#5017 = VERTEX_POINT('',#5018);
#5018 = CARTESIAN_POINT('',(3.81131161485,10.2741896624,1.2));
#5019 = SURFACE_CURVE('',#5020,(#5024,#5030),.PCURVE_S1.);
#5020 = LINE('',#5021,#5022);
#5021 = CARTESIAN_POINT('',(2.119449163848,5.06762314562,1.2));
#5022 = VECTOR('',#5023,1.);
#5023 = DIRECTION('',(-0.309041189159,-0.951048654593,0.));
#5024 = PCURVE('',#43,#5025);
#5025 = DEFINITIONAL_REPRESENTATION('',(#5026),#5029);
#5026 = B_SPLINE_CURVE_WITH_KNOTS('',1,(#5027,#5028),.UNSPECIFIED.,.F.,
  .F.,(2,2),(-5.474553264584,-4.782264408898),.PIECEWISE_BEZIER_KNOTS.);
#5027 = CARTESIAN_POINT('',(3.81131161485,10.2741896624));
#5028 = CARTESIAN_POINT('',(3.597365843647,9.61578927761));
#5029 = ( GEOMETRIC_REPRESENTATION_CONTEXT(2) 
PARAMETRIC_REPRESENTATION_CONTEXT() REPRESENTATION_CONTEXT('2D SPACE',''
  ) );
#5030 = PCURVE('',#5031,#5036);
#5031 = PLANE('',#5032);
#5032 = AXIS2_PLACEMENT_3D('',#5033,#5034,#5035);
#5033 = CARTESIAN_POINT('',(3.81131161485,10.2741896624,0.9));
#5034 = DIRECTION('',(-0.951048654593,0.309041189159,0.));
#5035 = DIRECTION('',(-0.309041189159,-0.951048654593,0.));
#5036 = DEFINITIONAL_REPRESENTATION('',(#5037),#5040);
#5037 = B_SPLINE_CURVE_WITH_KNOTS('',1,(#5038,#5039),.UNSPECIFIED.,.F.,
  .F.,(2,2),(-5.474553264584,-4.782264408898),.PIECEWISE_BEZIER_KNOTS.);
#5038 = CARTESIAN_POINT('',(0.,0.3));
#5039 = CARTESIAN_POINT('',(0.692288855685,0.3));
#5040 = ( GEOMETRIC_REPRESENTATION_CONTEXT(2) 
PARAMETRIC_REPRESENTATION_CONTEXT() REPRESENTATION_CONTEXT('2D SPACE',''
  ) );
#5041 = ORIENTED_EDGE('',*,*,#5042,.F.);
#5042 = EDGE_CURVE('',#5043,#5017,#5045,.T.);
#5043 = VERTEX_POINT('',#5044);
#5044 = CARTESIAN_POINT('',(4.025231671634,10.932520751852,1.2));
#5045 = SURFACE_CURVE('',#5046,(#5050,#5056),.PCURVE_S1.);
#5046 = LINE('',#5047,#5048);
#5047 = CARTESIAN_POINT('',(2.226432367231,5.396782198039,1.2));
#5048 = VECTOR('',#5049,1.);
#5049 = DIRECTION('',(-0.309037011681,-0.951050012045,0.));
#5050 = PCURVE('',#43,#5051);
#5051 = DEFINITIONAL_REPRESENTATION('',(#5052),#5055);
#5052 = B_SPLINE_CURVE_WITH_KNOTS('',1,(#5053,#5054),.UNSPECIFIED.,.F.,
  .F.,(2,2),(-5.82065977993,-5.128444774289),.PIECEWISE_BEZIER_KNOTS.);
#5053 = CARTESIAN_POINT('',(4.025231671634,10.932520751852));
#5054 = CARTESIAN_POINT('',(3.81131161485,10.2741896624));
#5055 = ( GEOMETRIC_REPRESENTATION_CONTEXT(2) 
PARAMETRIC_REPRESENTATION_CONTEXT() REPRESENTATION_CONTEXT('2D SPACE',''
  ) );
#5056 = PCURVE('',#5057,#5062);
#5057 = PLANE('',#5058);
#5058 = AXIS2_PLACEMENT_3D('',#5059,#5060,#5061);
#5059 = CARTESIAN_POINT('',(4.025231671634,10.932520751852,0.9));
#5060 = DIRECTION('',(-0.951050012045,0.309037011681,0.));
#5061 = DIRECTION('',(-0.309037011681,-0.951050012045,0.));
#5062 = DEFINITIONAL_REPRESENTATION('',(#5063),#5066);
#5063 = B_SPLINE_CURVE_WITH_KNOTS('',1,(#5064,#5065),.UNSPECIFIED.,.F.,
  .F.,(2,2),(-5.82065977993,-5.128444774289),.PIECEWISE_BEZIER_KNOTS.);
#5064 = CARTESIAN_POINT('',(0.,0.3));
#5065 = CARTESIAN_POINT('',(0.692215005641,0.3));
#5066 = ( GEOMETRIC_REPRESENTATION_CONTEXT(2) 
PARAMETRIC_REPRESENTATION_CONTEXT() REPRESENTATION_CONTEXT('2D SPACE',''
  ) );
#5067 = ORIENTED_EDGE('',*,*,#5068,.F.);
#5068 = EDGE_CURVE('',#5069,#5043,#5071,.T.);
#5069 = VERTEX_POINT('',#5070);
#5070 = CARTESIAN_POINT('',(4.239130479018,11.590794144189,1.2));
#5071 = SURFACE_CURVE('',#5072,(#5076,#5082),.PCURVE_S1.);
#5072 = LINE('',#5073,#5074);
#5073 = CARTESIAN_POINT('',(2.333401034177,5.725913447224,1.2));
#5074 = VECTOR('',#5075,1.);
#5075 = DIRECTION('',(-0.309033743242,-0.951051074095,0.));
#5076 = PCURVE('',#43,#5077);
#5077 = DEFINITIONAL_REPRESENTATION('',(#5078),#5081);
#5078 = B_SPLINE_CURVE_WITH_KNOTS('',1,(#5079,#5080),.UNSPECIFIED.,.F.,
  .F.,(2,2),(-6.166735790235,-5.474582224284),.PIECEWISE_BEZIER_KNOTS.);
#5079 = CARTESIAN_POINT('',(4.239130479018,11.590794144189));
#5080 = CARTESIAN_POINT('',(4.025231671634,10.932520751852));
#5081 = ( GEOMETRIC_REPRESENTATION_CONTEXT(2) 
PARAMETRIC_REPRESENTATION_CONTEXT() REPRESENTATION_CONTEXT('2D SPACE',''
  ) );
#5082 = PCURVE('',#5083,#5088);
#5083 = PLANE('',#5084);
#5084 = AXIS2_PLACEMENT_3D('',#5085,#5086,#5087);
#5085 = CARTESIAN_POINT('',(4.239130479018,11.590794144189,0.9));
#5086 = DIRECTION('',(-0.951051074095,0.309033743242,0.));
#5087 = DIRECTION('',(-0.309033743242,-0.951051074095,0.));
#5088 = DEFINITIONAL_REPRESENTATION('',(#5089),#5092);
#5089 = B_SPLINE_CURVE_WITH_KNOTS('',1,(#5090,#5091),.UNSPECIFIED.,.F.,
  .F.,(2,2),(-6.166735790235,-5.474582224284),.PIECEWISE_BEZIER_KNOTS.);
#5090 = CARTESIAN_POINT('',(0.,0.3));
#5091 = CARTESIAN_POINT('',(0.692153565952,0.3));
#5092 = ( GEOMETRIC_REPRESENTATION_CONTEXT(2) 
PARAMETRIC_REPRESENTATION_CONTEXT() REPRESENTATION_CONTEXT('2D SPACE',''
  ) );
#5093 = ORIENTED_EDGE('',*,*,#5094,.F.);
#5094 = EDGE_CURVE('',#5095,#5069,#5097,.T.);
#5095 = VERTEX_POINT('',#5096);
#5096 = CARTESIAN_POINT('',(4.453011525819,12.24901898638,1.2));
#5097 = SURFACE_CURVE('',#5098,(#5102,#5108),.PCURVE_S1.);
#5098 = LINE('',#5099,#5100);
#5099 = CARTESIAN_POINT('',(2.440357742547,6.055021254015,1.2));
#5100 = VECTOR('',#5101,1.);
#5101 = DIRECTION('',(-0.309031149413,-0.951051916928,0.));
#5102 = PCURVE('',#43,#5103);
#5103 = DEFINITIONAL_REPRESENTATION('',(#5104),#5107);
#5104 = B_SPLINE_CURVE_WITH_KNOTS('',1,(#5105,#5106),.UNSPECIFIED.,.F.,
  .F.,(2,2),(-6.512786128829,-5.820684225163),.PIECEWISE_BEZIER_KNOTS.);
#5105 = CARTESIAN_POINT('',(4.453011525819,12.24901898638));
#5106 = CARTESIAN_POINT('',(4.239130479018,11.590794144189));
#5107 = ( GEOMETRIC_REPRESENTATION_CONTEXT(2) 
PARAMETRIC_REPRESENTATION_CONTEXT() REPRESENTATION_CONTEXT('2D SPACE',''
  ) );
#5108 = PCURVE('',#5109,#5114);
#5109 = PLANE('',#5110);
#5110 = AXIS2_PLACEMENT_3D('',#5111,#5112,#5113);
#5111 = CARTESIAN_POINT('',(4.453011525819,12.24901898638,0.9));
#5112 = DIRECTION('',(-0.951051916928,0.309031149413,0.));
#5113 = DIRECTION('',(-0.309031149413,-0.951051916928,0.));
#5114 = DEFINITIONAL_REPRESENTATION('',(#5115),#5118);
#5115 = B_SPLINE_CURVE_WITH_KNOTS('',1,(#5116,#5117),.UNSPECIFIED.,.F.,
  .F.,(2,2),(-6.512786128829,-5.820684225163),.PIECEWISE_BEZIER_KNOTS.);
#5116 = CARTESIAN_POINT('',(0.,0.3));
#5117 = CARTESIAN_POINT('',(0.692101903666,0.3));
#5118 = ( GEOMETRIC_REPRESENTATION_CONTEXT(2) 
PARAMETRIC_REPRESENTATION_CONTEXT() REPRESENTATION_CONTEXT('2D SPACE',''
  ) );
#5119 = ORIENTED_EDGE('',*,*,#5120,.F.);
#5120 = EDGE_CURVE('',#5121,#5095,#5123,.T.);
#5121 = VERTEX_POINT('',#5122);
#5122 = CARTESIAN_POINT('',(4.666877577397,12.907202589159,1.2));
#5123 = SURFACE_CURVE('',#5124,(#5128,#5134),.PCURVE_S1.);
#5124 = LINE('',#5125,#5126);
#5125 = CARTESIAN_POINT('',(2.547304497728,6.384109112512,1.2));
#5126 = VECTOR('',#5127,1.);
#5127 = DIRECTION('',(-0.309029064733,-0.951052594313,0.));
#5128 = PCURVE('',#43,#5129);
#5129 = DEFINITIONAL_REPRESENTATION('',(#5130),#5133);
#5130 = B_SPLINE_CURVE_WITH_KNOTS('',1,(#5131,#5132),.UNSPECIFIED.,.F.,
  .F.,(2,2),(-6.858814660357,-6.166756611503),.PIECEWISE_BEZIER_KNOTS.);
#5131 = CARTESIAN_POINT('',(4.666877577397,12.907202589159));
#5132 = CARTESIAN_POINT('',(4.453011525819,12.24901898638));
#5133 = ( GEOMETRIC_REPRESENTATION_CONTEXT(2) 
PARAMETRIC_REPRESENTATION_CONTEXT() REPRESENTATION_CONTEXT('2D SPACE',''
  ) );
#5134 = PCURVE('',#5135,#5140);
#5135 = PLANE('',#5136);
#5136 = AXIS2_PLACEMENT_3D('',#5137,#5138,#5139);
#5137 = CARTESIAN_POINT('',(4.666877577397,12.907202589159,0.9));
#5138 = DIRECTION('',(-0.951052594313,0.309029064733,0.));
#5139 = DIRECTION('',(-0.309029064733,-0.951052594313,0.));
#5140 = DEFINITIONAL_REPRESENTATION('',(#5141),#5144);
#5141 = B_SPLINE_CURVE_WITH_KNOTS('',1,(#5142,#5143),.UNSPECIFIED.,.F.,
  .F.,(2,2),(-6.858814660357,-6.166756611503),.PIECEWISE_BEZIER_KNOTS.);
#5142 = CARTESIAN_POINT('',(0.,0.3));
#5143 = CARTESIAN_POINT('',(0.692058048855,0.3));
#5144 = ( GEOMETRIC_REPRESENTATION_CONTEXT(2) 
PARAMETRIC_REPRESENTATION_CONTEXT() REPRESENTATION_CONTEXT('2D SPACE',''
  ) );
#5145 = ORIENTED_EDGE('',*,*,#5146,.F.);
#5146 = EDGE_CURVE('',#5147,#5121,#5149,.T.);
#5147 = VERTEX_POINT('',#5148);
#5148 = CARTESIAN_POINT('',(4.880730853802,13.565350865736,1.2));
#5149 = SURFACE_CURVE('',#5150,(#5154,#5160),.PCURVE_S1.);
#5150 = LINE('',#5151,#5152);
#5151 = CARTESIAN_POINT('',(2.654242882574,6.713179855241,1.2));
#5152 = VECTOR('',#5153,1.);
#5153 = DIRECTION('',(-0.309027370152,-0.951053144938,0.));
#5154 = PCURVE('',#43,#5155);
#5155 = DEFINITIONAL_REPRESENTATION('',(#5156),#5159);
#5156 = B_SPLINE_CURVE_WITH_KNOTS('',1,(#5157,#5158),.UNSPECIFIED.,.F.,
  .F.,(2,2),(-7.20482451161,-6.512804007729),.PIECEWISE_BEZIER_KNOTS.);
#5157 = CARTESIAN_POINT('',(4.880730853802,13.565350865736));
#5158 = CARTESIAN_POINT('',(4.666877577397,12.907202589159));
#5159 = ( GEOMETRIC_REPRESENTATION_CONTEXT(2) 
PARAMETRIC_REPRESENTATION_CONTEXT() REPRESENTATION_CONTEXT('2D SPACE',''
  ) );
#5160 = PCURVE('',#5161,#5166);
#5161 = PLANE('',#5162);
#5162 = AXIS2_PLACEMENT_3D('',#5163,#5164,#5165);
#5163 = CARTESIAN_POINT('',(4.880730853802,13.565350865736,0.9));
#5164 = DIRECTION('',(-0.951053144938,0.309027370152,0.));
#5165 = DIRECTION('',(-0.309027370152,-0.951053144938,0.));
#5166 = DEFINITIONAL_REPRESENTATION('',(#5167),#5170);
#5167 = B_SPLINE_CURVE_WITH_KNOTS('',1,(#5168,#5169),.UNSPECIFIED.,.F.,
  .F.,(2,2),(-7.20482451161,-6.512804007729),.PIECEWISE_BEZIER_KNOTS.);
#5168 = CARTESIAN_POINT('',(0.,0.3));
#5169 = CARTESIAN_POINT('',(0.69202050388,0.3));
#5170 = ( GEOMETRIC_REPRESENTATION_CONTEXT(2) 
PARAMETRIC_REPRESENTATION_CONTEXT() REPRESENTATION_CONTEXT('2D SPACE',''
  ) );
#5171 = ORIENTED_EDGE('',*,*,#5172,.F.);
#5172 = EDGE_CURVE('',#5173,#5147,#5175,.T.);
#5173 = VERTEX_POINT('',#5174);
#5174 = CARTESIAN_POINT('',(5.094573157778,14.223468650479,1.2));
#5175 = SURFACE_CURVE('',#5176,(#5180,#5186),.PCURVE_S1.);
#5176 = LINE('',#5177,#5178);
#5177 = CARTESIAN_POINT('',(2.761174162707,7.042235802671,1.2));
#5178 = VECTOR('',#5179,1.);
#5179 = DIRECTION('',(-0.309025978521,-0.951053597122,0.));
#5180 = PCURVE('',#43,#5181);
#5181 = DEFINITIONAL_REPRESENTATION('',(#5182),#5185);
#5182 = B_SPLINE_CURVE_WITH_KNOTS('',1,(#5183,#5184),.UNSPECIFIED.,.F.,
  .F.,(2,2),(-7.550818239411,-6.858830125666),.PIECEWISE_BEZIER_KNOTS.);
#5183 = CARTESIAN_POINT('',(5.094573157778,14.223468650479));
#5184 = CARTESIAN_POINT('',(4.880730853802,13.565350865736));
#5185 = ( GEOMETRIC_REPRESENTATION_CONTEXT(2) 
PARAMETRIC_REPRESENTATION_CONTEXT() REPRESENTATION_CONTEXT('2D SPACE',''
  ) );
#5186 = PCURVE('',#5187,#5192);
#5187 = PLANE('',#5188);
#5188 = AXIS2_PLACEMENT_3D('',#5189,#5190,#5191);
#5189 = CARTESIAN_POINT('',(5.094573157778,14.223468650479,0.9));
#5190 = DIRECTION('',(-0.951053597122,0.309025978521,0.));
#5191 = DIRECTION('',(-0.309025978521,-0.951053597122,0.));
#5192 = DEFINITIONAL_REPRESENTATION('',(#5193),#5196);
#5193 = B_SPLINE_CURVE_WITH_KNOTS('',1,(#5194,#5195),.UNSPECIFIED.,.F.,
  .F.,(2,2),(-7.550818239411,-6.858830125666),.PIECEWISE_BEZIER_KNOTS.);
#5194 = CARTESIAN_POINT('',(0.,0.3));
#5195 = CARTESIAN_POINT('',(0.691988113745,0.3));
#5196 = ( GEOMETRIC_REPRESENTATION_CONTEXT(2) 
PARAMETRIC_REPRESENTATION_CONTEXT() REPRESENTATION_CONTEXT('2D SPACE',''
  ) );
#5197 = ORIENTED_EDGE('',*,*,#5198,.F.);
#5198 = EDGE_CURVE('',#5199,#5173,#5201,.T.);
#5199 = VERTEX_POINT('',#5200);
#5200 = CARTESIAN_POINT('',(5.308405968349,14.8815599342,1.2));
#5201 = SURFACE_CURVE('',#5202,(#5206,#5212),.PCURVE_S1.);
#5202 = LINE('',#5203,#5204);
#5203 = CARTESIAN_POINT('',(2.86809936192,7.37127887393,1.2));
#5204 = VECTOR('',#5205,1.);
#5205 = DIRECTION('',(-0.309024825052,-0.951053971918,0.));
#5206 = PCURVE('',#43,#5207);
#5207 = DEFINITIONAL_REPRESENTATION('',(#5208),#5211);
#5208 = B_SPLINE_CURVE_WITH_KNOTS('',1,(#5209,#5210),.UNSPECIFIED.,.F.,
  .F.,(2,2),(-7.896797954718,-7.204837978573),.PIECEWISE_BEZIER_KNOTS.);
#5209 = CARTESIAN_POINT('',(5.308405968349,14.8815599342));
#5210 = CARTESIAN_POINT('',(5.094573157778,14.223468650479));
#5211 = ( GEOMETRIC_REPRESENTATION_CONTEXT(2) 
PARAMETRIC_REPRESENTATION_CONTEXT() REPRESENTATION_CONTEXT('2D SPACE',''
  ) );
#5212 = PCURVE('',#5213,#5218);
#5213 = PLANE('',#5214);
#5214 = AXIS2_PLACEMENT_3D('',#5215,#5216,#5217);
#5215 = CARTESIAN_POINT('',(5.308405968349,14.8815599342,0.9));
#5216 = DIRECTION('',(-0.951053971918,0.309024825052,0.));
#5217 = DIRECTION('',(-0.309024825052,-0.951053971918,0.));
#5218 = DEFINITIONAL_REPRESENTATION('',(#5219),#5222);
#5219 = B_SPLINE_CURVE_WITH_KNOTS('',1,(#5220,#5221),.UNSPECIFIED.,.F.,
  .F.,(2,2),(-7.896797954718,-7.204837978573),.PIECEWISE_BEZIER_KNOTS.);
#5220 = CARTESIAN_POINT('',(0.,0.3));
#5221 = CARTESIAN_POINT('',(0.691959976145,0.3));
#5222 = ( GEOMETRIC_REPRESENTATION_CONTEXT(2) 
PARAMETRIC_REPRESENTATION_CONTEXT() REPRESENTATION_CONTEXT('2D SPACE',''
  ) );
#5223 = ORIENTED_EDGE('',*,*,#5224,.F.);
#5224 = EDGE_CURVE('',#5225,#5199,#5227,.T.);
#5225 = VERTEX_POINT('',#5226);
#5226 = CARTESIAN_POINT('',(6.769242086596,14.276461801618,1.2));
#5227 = SURFACE_CURVE('',#5228,(#5232,#5238),.PCURVE_S1.);
#5228 = LINE('',#5229,#5230);
#5229 = CARTESIAN_POINT('',(6.404033057034,14.427736334763,1.2));
#5230 = VECTOR('',#5231,1.);
#5231 = DIRECTION('',(-0.923879532511,0.382683432365,0.));
#5232 = PCURVE('',#43,#5233);
#5233 = DEFINITIONAL_REPRESENTATION('',(#5234),#5237);
#5234 = B_SPLINE_CURVE_WITH_KNOTS('',1,(#5235,#5236),.UNSPECIFIED.,.F.,
  .F.,(2,2),(-0.395299405074,1.185898215222),.PIECEWISE_BEZIER_KNOTS.);
#5235 = CARTESIAN_POINT('',(6.769242086596,14.276461801618));
#5236 = CARTESIAN_POINT('',(5.308405968349,14.8815599342));
#5237 = ( GEOMETRIC_REPRESENTATION_CONTEXT(2) 
PARAMETRIC_REPRESENTATION_CONTEXT() REPRESENTATION_CONTEXT('2D SPACE',''
  ) );
#5238 = PCURVE('',#5239,#5244);
#5239 = PLANE('',#5240);
#5240 = AXIS2_PLACEMENT_3D('',#5241,#5242,#5243);
#5241 = CARTESIAN_POINT('',(6.769242086596,14.276461801618,0.9));
#5242 = DIRECTION('',(0.382683432365,0.923879532511,-0.));
#5243 = DIRECTION('',(-0.923879532511,0.382683432365,0.));
#5244 = DEFINITIONAL_REPRESENTATION('',(#5245),#5248);
#5245 = B_SPLINE_CURVE_WITH_KNOTS('',1,(#5246,#5247),.UNSPECIFIED.,.F.,
  .F.,(2,2),(-0.395299405074,1.185898215222),.PIECEWISE_BEZIER_KNOTS.);
#5246 = CARTESIAN_POINT('',(0.,0.3));
#5247 = CARTESIAN_POINT('',(1.581197620296,0.3));
#5248 = ( GEOMETRIC_REPRESENTATION_CONTEXT(2) 
PARAMETRIC_REPRESENTATION_CONTEXT() REPRESENTATION_CONTEXT('2D SPACE',''
  ) );
#5249 = ORIENTED_EDGE('',*,*,#5250,.F.);
#5250 = EDGE_CURVE('',#5251,#5225,#5253,.T.);
#5251 = VERTEX_POINT('',#5252);
#5252 = CARTESIAN_POINT('',(6.455103907632,13.659918361864,1.2));
#5253 = SURFACE_CURVE('',#5254,(#5258,#5264),.PCURVE_S1.);
#5254 = LINE('',#5255,#5256);
#5255 = CARTESIAN_POINT('',(3.027159680361,6.932062065826,1.2));
#5256 = VECTOR('',#5257,1.);
#5257 = DIRECTION('',(0.453983163468,0.891010262167,-0.));
#5258 = PCURVE('',#43,#5259);
#5259 = DEFINITIONAL_REPRESENTATION('',(#5260),#5263);
#5260 = B_SPLINE_CURVE_WITH_KNOTS('',1,(#5261,#5262),.UNSPECIFIED.,.F.,
  .F.,(2,2),(7.550817966645,8.24277794279),.PIECEWISE_BEZIER_KNOTS.);
#5261 = CARTESIAN_POINT('',(6.455103907632,13.659918361864));
#5262 = CARTESIAN_POINT('',(6.769242086596,14.276461801618));
#5263 = ( GEOMETRIC_REPRESENTATION_CONTEXT(2) 
PARAMETRIC_REPRESENTATION_CONTEXT() REPRESENTATION_CONTEXT('2D SPACE',''
  ) );
#5264 = PCURVE('',#5265,#5270);
#5265 = PLANE('',#5266);
#5266 = AXIS2_PLACEMENT_3D('',#5267,#5268,#5269);
#5267 = CARTESIAN_POINT('',(6.455103907632,13.659918361864,0.9));
#5268 = DIRECTION('',(0.891010262167,-0.453983163468,0.));
#5269 = DIRECTION('',(0.453983163468,0.891010262167,0.));
#5270 = DEFINITIONAL_REPRESENTATION('',(#5271),#5274);
#5271 = B_SPLINE_CURVE_WITH_KNOTS('',1,(#5272,#5273),.UNSPECIFIED.,.F.,
  .F.,(2,2),(7.550817966645,8.24277794279),.PIECEWISE_BEZIER_KNOTS.);
#5272 = CARTESIAN_POINT('',(0.,0.3));
#5273 = CARTESIAN_POINT('',(0.691959976145,0.3));
#5274 = ( GEOMETRIC_REPRESENTATION_CONTEXT(2) 
PARAMETRIC_REPRESENTATION_CONTEXT() REPRESENTATION_CONTEXT('2D SPACE',''
  ) );
#5275 = ORIENTED_EDGE('',*,*,#5276,.F.);
#5276 = EDGE_CURVE('',#5277,#5251,#5279,.T.);
#5277 = VERTEX_POINT('',#5278);
#5278 = CARTESIAN_POINT('',(6.140953702466,13.043349470207,1.2));
#5279 = SURFACE_CURVE('',#5280,(#5284,#5290),.PCURVE_S1.);
#5280 = LINE('',#5281,#5282);
#5281 = CARTESIAN_POINT('',(2.870092613713,6.623773219443,1.2));
#5282 = VECTOR('',#5283,1.);
#5283 = DIRECTION('',(0.453982082822,0.891010812772,-0.));
#5284 = PCURVE('',#43,#5285);
#5285 = DEFINITIONAL_REPRESENTATION('',(#5286),#5289);
#5286 = B_SPLINE_CURVE_WITH_KNOTS('',1,(#5287,#5288),.UNSPECIFIED.,.F.,
  .F.,(2,2),(7.204824182539,7.896812296284),.PIECEWISE_BEZIER_KNOTS.);
#5287 = CARTESIAN_POINT('',(6.140953702466,13.043349470207));
#5288 = CARTESIAN_POINT('',(6.455103907632,13.659918361864));
#5289 = ( GEOMETRIC_REPRESENTATION_CONTEXT(2) 
PARAMETRIC_REPRESENTATION_CONTEXT() REPRESENTATION_CONTEXT('2D SPACE',''
  ) );
#5290 = PCURVE('',#5291,#5296);
#5291 = PLANE('',#5292);
#5292 = AXIS2_PLACEMENT_3D('',#5293,#5294,#5295);
#5293 = CARTESIAN_POINT('',(6.140953702466,13.043349470207,0.9));
#5294 = DIRECTION('',(0.891010812772,-0.453982082822,0.));
#5295 = DIRECTION('',(0.453982082822,0.891010812772,0.));
#5296 = DEFINITIONAL_REPRESENTATION('',(#5297),#5300);
#5297 = B_SPLINE_CURVE_WITH_KNOTS('',1,(#5298,#5299),.UNSPECIFIED.,.F.,
  .F.,(2,2),(7.204824182539,7.896812296284),.PIECEWISE_BEZIER_KNOTS.);
#5298 = CARTESIAN_POINT('',(0.,0.3));
#5299 = CARTESIAN_POINT('',(0.691988113745,0.3));
#5300 = ( GEOMETRIC_REPRESENTATION_CONTEXT(2) 
PARAMETRIC_REPRESENTATION_CONTEXT() REPRESENTATION_CONTEXT('2D SPACE',''
  ) );
#5301 = ORIENTED_EDGE('',*,*,#5302,.F.);
#5302 = EDGE_CURVE('',#5303,#5277,#5305,.T.);
#5303 = VERTEX_POINT('',#5304);
#5304 = CARTESIAN_POINT('',(5.826789694998,12.426751258888,1.2));
#5305 = SURFACE_CURVE('',#5306,(#5310,#5316),.PCURVE_S1.);
#5306 = LINE('',#5307,#5308);
#5307 = CARTESIAN_POINT('',(2.713019854047,6.315469034491,1.2));
#5308 = VECTOR('',#5309,1.);
#5309 = DIRECTION('',(0.453980779048,0.891011477061,-0.));
#5310 = PCURVE('',#43,#5311);
#5311 = DEFINITIONAL_REPRESENTATION('',(#5312),#5315);
#5312 = B_SPLINE_CURVE_WITH_KNOTS('',1,(#5313,#5314),.UNSPECIFIED.,.F.,
  .F.,(2,2),(6.858814259669,7.55083476355),.PIECEWISE_BEZIER_KNOTS.);
#5313 = CARTESIAN_POINT('',(5.826789694998,12.426751258888));
#5314 = CARTESIAN_POINT('',(6.140953702466,13.043349470207));
#5315 = ( GEOMETRIC_REPRESENTATION_CONTEXT(2) 
PARAMETRIC_REPRESENTATION_CONTEXT() REPRESENTATION_CONTEXT('2D SPACE',''
  ) );
#5316 = PCURVE('',#5317,#5322);
#5317 = PLANE('',#5318);
#5318 = AXIS2_PLACEMENT_3D('',#5319,#5320,#5321);
#5319 = CARTESIAN_POINT('',(5.826789694998,12.426751258888,0.9));
#5320 = DIRECTION('',(0.891011477061,-0.453980779048,0.));
#5321 = DIRECTION('',(0.453980779048,0.891011477061,0.));
#5322 = DEFINITIONAL_REPRESENTATION('',(#5323),#5326);
#5323 = B_SPLINE_CURVE_WITH_KNOTS('',1,(#5324,#5325),.UNSPECIFIED.,.F.,
  .F.,(2,2),(6.858814259669,7.55083476355),.PIECEWISE_BEZIER_KNOTS.);
#5324 = CARTESIAN_POINT('',(0.,0.3));
#5325 = CARTESIAN_POINT('',(0.69202050388,0.3));
#5326 = ( GEOMETRIC_REPRESENTATION_CONTEXT(2) 
PARAMETRIC_REPRESENTATION_CONTEXT() REPRESENTATION_CONTEXT('2D SPACE',''
  ) );
#5327 = ORIENTED_EDGE('',*,*,#5328,.F.);
#5328 = EDGE_CURVE('',#5329,#5303,#5331,.T.);
#5329 = VERTEX_POINT('',#5330);
#5330 = CARTESIAN_POINT('',(5.512609741544,11.81011903476,1.2));
#5331 = SURFACE_CURVE('',#5332,(#5336,#5342),.PCURVE_S1.);
#5332 = LINE('',#5333,#5334);
#5333 = CARTESIAN_POINT('',(2.555940584474,6.007147017319,1.2));
#5334 = VECTOR('',#5335,1.);
#5335 = DIRECTION('',(0.453979191447,0.891012285961,-0.));
#5336 = PCURVE('',#43,#5337);
#5337 = DEFINITIONAL_REPRESENTATION('',(#5338),#5341);
#5338 = B_SPLINE_CURVE_WITH_KNOTS('',1,(#5339,#5340),.UNSPECIFIED.,.F.,
  .F.,(2,2),(6.51278563593,7.204843684785),.PIECEWISE_BEZIER_KNOTS.);
#5339 = CARTESIAN_POINT('',(5.512609741544,11.81011903476));
#5340 = CARTESIAN_POINT('',(5.826789694998,12.426751258888));
#5341 = ( GEOMETRIC_REPRESENTATION_CONTEXT(2) 
PARAMETRIC_REPRESENTATION_CONTEXT() REPRESENTATION_CONTEXT('2D SPACE',''
  ) );
#5342 = PCURVE('',#5343,#5348);
#5343 = PLANE('',#5344);
#5344 = AXIS2_PLACEMENT_3D('',#5345,#5346,#5347);
#5345 = CARTESIAN_POINT('',(5.512609741544,11.81011903476,0.9));
#5346 = DIRECTION('',(0.891012285961,-0.453979191447,0.));
#5347 = DIRECTION('',(0.453979191447,0.891012285961,0.));
#5348 = DEFINITIONAL_REPRESENTATION('',(#5349),#5352);
#5349 = B_SPLINE_CURVE_WITH_KNOTS('',1,(#5350,#5351),.UNSPECIFIED.,.F.,
  .F.,(2,2),(6.51278563593,7.204843684785),.PIECEWISE_BEZIER_KNOTS.);
#5350 = CARTESIAN_POINT('',(0.,0.3));
#5351 = CARTESIAN_POINT('',(0.692058048855,0.3));
#5352 = ( GEOMETRIC_REPRESENTATION_CONTEXT(2) 
PARAMETRIC_REPRESENTATION_CONTEXT() REPRESENTATION_CONTEXT('2D SPACE',''
  ) );
#5353 = ORIENTED_EDGE('',*,*,#5354,.F.);
#5354 = EDGE_CURVE('',#5355,#5329,#5357,.T.);
#5355 = VERTEX_POINT('',#5356);
#5356 = CARTESIAN_POINT('',(5.198411230645,11.193447046742,1.2));
#5357 = SURFACE_CURVE('',#5358,(#5362,#5368),.PCURVE_S1.);
#5358 = LINE('',#5359,#5360);
#5359 = CARTESIAN_POINT('',(2.398853825217,5.698804103209,1.2));
#5360 = VECTOR('',#5361,1.);
#5361 = DIRECTION('',(0.453977238373,0.891013281068,-0.));
#5362 = PCURVE('',#43,#5363);
#5363 = DEFINITIONAL_REPRESENTATION('',(#5364),#5367);
#5364 = B_SPLINE_CURVE_WITH_KNOTS('',1,(#5365,#5366),.UNSPECIFIED.,.F.,
  .F.,(2,2),(6.166735176996,6.858837080662),.PIECEWISE_BEZIER_KNOTS.);
#5365 = CARTESIAN_POINT('',(5.198411230645,11.193447046742));
#5366 = CARTESIAN_POINT('',(5.512609741544,11.81011903476));
#5367 = ( GEOMETRIC_REPRESENTATION_CONTEXT(2) 
PARAMETRIC_REPRESENTATION_CONTEXT() REPRESENTATION_CONTEXT('2D SPACE',''
  ) );
#5368 = PCURVE('',#5369,#5374);
#5369 = PLANE('',#5370);
#5370 = AXIS2_PLACEMENT_3D('',#5371,#5372,#5373);
#5371 = CARTESIAN_POINT('',(5.198411230645,11.193447046742,0.9));
#5372 = DIRECTION('',(0.891013281068,-0.453977238373,0.));
#5373 = DIRECTION('',(0.453977238373,0.891013281068,0.));
#5374 = DEFINITIONAL_REPRESENTATION('',(#5375),#5378);
#5375 = B_SPLINE_CURVE_WITH_KNOTS('',1,(#5376,#5377),.UNSPECIFIED.,.F.,
  .F.,(2,2),(6.166735176996,6.858837080662),.PIECEWISE_BEZIER_KNOTS.);
#5376 = CARTESIAN_POINT('',(0.,0.3));
#5377 = CARTESIAN_POINT('',(0.692101903666,0.3));
#5378 = ( GEOMETRIC_REPRESENTATION_CONTEXT(2) 
PARAMETRIC_REPRESENTATION_CONTEXT() REPRESENTATION_CONTEXT('2D SPACE',''
  ) );
#5379 = ORIENTED_EDGE('',*,*,#5380,.F.);
#5380 = EDGE_CURVE('',#5381,#5355,#5383,.T.);
#5381 = VERTEX_POINT('',#5382);
#5382 = CARTESIAN_POINT('',(4.884190948238,10.576728169956,1.2));
#5383 = SURFACE_CURVE('',#5384,(#5388,#5394),.PCURVE_S1.);
#5384 = LINE('',#5385,#5386);
#5385 = CARTESIAN_POINT('',(2.241758391321,5.390436483121,1.2));
#5386 = VECTOR('',#5387,1.);
#5387 = DIRECTION('',(0.453974808286,0.891014519209,-0.));
#5388 = PCURVE('',#43,#5389);
#5389 = DEFINITIONAL_REPRESENTATION('',(#5390),#5393);
#5390 = B_SPLINE_CURVE_WITH_KNOTS('',1,(#5391,#5392),.UNSPECIFIED.,.F.,
  .F.,(2,2),(5.82065900726,6.512812573211),.PIECEWISE_BEZIER_KNOTS.);
#5391 = CARTESIAN_POINT('',(4.884190948238,10.576728169956));
#5392 = CARTESIAN_POINT('',(5.198411230645,11.193447046742));
#5393 = ( GEOMETRIC_REPRESENTATION_CONTEXT(2) 
PARAMETRIC_REPRESENTATION_CONTEXT() REPRESENTATION_CONTEXT('2D SPACE',''
  ) );
#5394 = PCURVE('',#5395,#5400);
#5395 = PLANE('',#5396);
#5396 = AXIS2_PLACEMENT_3D('',#5397,#5398,#5399);
#5397 = CARTESIAN_POINT('',(4.884190948238,10.576728169956,0.9));
#5398 = DIRECTION('',(0.891014519209,-0.453974808286,0.));
#5399 = DIRECTION('',(0.453974808286,0.891014519209,0.));
#5400 = DEFINITIONAL_REPRESENTATION('',(#5401),#5404);
#5401 = B_SPLINE_CURVE_WITH_KNOTS('',1,(#5402,#5403),.UNSPECIFIED.,.F.,
  .F.,(2,2),(5.82065900726,6.512812573211),.PIECEWISE_BEZIER_KNOTS.);
#5402 = CARTESIAN_POINT('',(0.,0.3));
#5403 = CARTESIAN_POINT('',(0.692153565952,0.3));
#5404 = ( GEOMETRIC_REPRESENTATION_CONTEXT(2) 
PARAMETRIC_REPRESENTATION_CONTEXT() REPRESENTATION_CONTEXT('2D SPACE',''
  ) );
#5405 = ORIENTED_EDGE('',*,*,#5406,.F.);
#5406 = EDGE_CURVE('',#5407,#5381,#5409,.T.);
#5407 = VERTEX_POINT('',#5408);
#5408 = CARTESIAN_POINT('',(4.569944893404,9.959953469555,1.2));
#5409 = SURFACE_CURVE('',#5410,(#5414,#5420),.PCURVE_S1.);
#5410 = LINE('',#5411,#5412);
#5411 = CARTESIAN_POINT('',(2.084652836681,5.082039363342,1.2));
#5412 = VECTOR('',#5413,1.);
#5413 = DIRECTION('',(0.453971746167,0.891016079362,-0.));
#5414 = PCURVE('',#43,#5415);
#5415 = DEFINITIONAL_REPRESENTATION('',(#5416),#5419);
#5416 = B_SPLINE_CURVE_WITH_KNOTS('',1,(#5417,#5418),.UNSPECIFIED.,.F.,
  .F.,(2,2),(5.474552277109,6.16676728275),.PIECEWISE_BEZIER_KNOTS.);
#5417 = CARTESIAN_POINT('',(4.569944893404,9.959953469555));
#5418 = CARTESIAN_POINT('',(4.884190948238,10.576728169956));
#5419 = ( GEOMETRIC_REPRESENTATION_CONTEXT(2) 
PARAMETRIC_REPRESENTATION_CONTEXT() REPRESENTATION_CONTEXT('2D SPACE',''
  ) );
#5420 = PCURVE('',#5421,#5426);
#5421 = PLANE('',#5422);
#5422 = AXIS2_PLACEMENT_3D('',#5423,#5424,#5425);
#5423 = CARTESIAN_POINT('',(4.569944893404,9.959953469555,0.9));
#5424 = DIRECTION('',(0.891016079362,-0.453971746167,0.));
#5425 = DIRECTION('',(0.453971746167,0.891016079362,0.));
#5426 = DEFINITIONAL_REPRESENTATION('',(#5427),#5430);
#5427 = B_SPLINE_CURVE_WITH_KNOTS('',1,(#5428,#5429),.UNSPECIFIED.,.F.,
  .F.,(2,2),(5.474552277109,6.16676728275),.PIECEWISE_BEZIER_KNOTS.);
#5428 = CARTESIAN_POINT('',(0.,0.3));
#5429 = CARTESIAN_POINT('',(0.692215005641,0.3));
#5430 = ( GEOMETRIC_REPRESENTATION_CONTEXT(2) 
PARAMETRIC_REPRESENTATION_CONTEXT() REPRESENTATION_CONTEXT('2D SPACE',''
  ) );
#5431 = ORIENTED_EDGE('',*,*,#5432,.F.);
#5432 = EDGE_CURVE('',#5433,#5407,#5435,.T.);
#5433 = VERTEX_POINT('',#5434);
#5434 = CARTESIAN_POINT('',(4.255668022207,9.343111587111,1.2));
#5435 = SURFACE_CURVE('',#5436,(#5440,#5446),.PCURVE_S1.);
#5436 = LINE('',#5437,#5438);
#5437 = CARTESIAN_POINT('',(1.92753537903,4.773606625681,1.2));
#5438 = VECTOR('',#5439,1.);
#5439 = DIRECTION('',(0.453967832381,0.891018073421,-0.));
#5440 = PCURVE('',#43,#5441);
#5441 = DEFINITIONAL_REPRESENTATION('',(#5442),#5445);
#5442 = B_SPLINE_CURVE_WITH_KNOTS('',1,(#5443,#5444),.UNSPECIFIED.,.F.,
  .F.,(2,2),(5.128408836741,5.820697692426),.PIECEWISE_BEZIER_KNOTS.);
#5443 = CARTESIAN_POINT('',(4.255668022207,9.343111587111));
#5444 = CARTESIAN_POINT('',(4.569944893404,9.959953469555));
#5445 = ( GEOMETRIC_REPRESENTATION_CONTEXT(2) 
PARAMETRIC_REPRESENTATION_CONTEXT() REPRESENTATION_CONTEXT('2D SPACE',''
  ) );
#5446 = PCURVE('',#5447,#5452);
#5447 = PLANE('',#5448);
#5448 = AXIS2_PLACEMENT_3D('',#5449,#5450,#5451);
#5449 = CARTESIAN_POINT('',(4.255668022207,9.343111587111,0.9));
#5450 = DIRECTION('',(0.891018073421,-0.453967832381,0.));
#5451 = DIRECTION('',(0.453967832381,0.891018073421,0.));
#5452 = DEFINITIONAL_REPRESENTATION('',(#5453),#5456);
#5453 = B_SPLINE_CURVE_WITH_KNOTS('',1,(#5454,#5455),.UNSPECIFIED.,.F.,
  .F.,(2,2),(5.128408836741,5.820697692426),.PIECEWISE_BEZIER_KNOTS.);
#5454 = CARTESIAN_POINT('',(0.,0.3));
#5455 = CARTESIAN_POINT('',(0.692288855685,0.3));
#5456 = ( GEOMETRIC_REPRESENTATION_CONTEXT(2) 
PARAMETRIC_REPRESENTATION_CONTEXT() REPRESENTATION_CONTEXT('2D SPACE',''
  ) );
#5457 = ORIENTED_EDGE('',*,*,#5458,.F.);
#5458 = EDGE_CURVE('',#5459,#5433,#5461,.T.);
#5459 = VERTEX_POINT('',#5460);
#5460 = CARTESIAN_POINT('',(3.941353884659,8.726187859305,1.2));
#5461 = SURFACE_CURVE('',#5462,(#5466,#5472),.PCURVE_S1.);
#5462 = LINE('',#5463,#5464);
#5463 = CARTESIAN_POINT('',(1.770403798121,4.465130336681,1.2));
#5464 = VECTOR('',#5465,1.);
#5465 = DIRECTION('',(0.453962748924,0.891020663391,-0.));
#5466 = PCURVE('',#43,#5467);
#5467 = DEFINITIONAL_REPRESENTATION('',(#5468),#5471);
#5468 = B_SPLINE_CURVE_WITH_KNOTS('',1,(#5469,#5470),.UNSPECIFIED.,.F.,
  .F.,(2,2),(4.782220769616,5.474599468735),.PIECEWISE_BEZIER_KNOTS.);
#5469 = CARTESIAN_POINT('',(3.941353884659,8.726187859305));
#5470 = CARTESIAN_POINT('',(4.255668022207,9.343111587111));
#5471 = ( GEOMETRIC_REPRESENTATION_CONTEXT(2) 
PARAMETRIC_REPRESENTATION_CONTEXT() REPRESENTATION_CONTEXT('2D SPACE',''
  ) );
#5472 = PCURVE('',#5473,#5478);
#5473 = PLANE('',#5474);
#5474 = AXIS2_PLACEMENT_3D('',#5475,#5476,#5477);
#5475 = CARTESIAN_POINT('',(3.941353884659,8.726187859305,0.9));
#5476 = DIRECTION('',(0.891020663391,-0.453962748924,0.));
#5477 = DIRECTION('',(0.453962748924,0.891020663391,0.));
#5478 = DEFINITIONAL_REPRESENTATION('',(#5479),#5482);
#5479 = B_SPLINE_CURVE_WITH_KNOTS('',1,(#5480,#5481),.UNSPECIFIED.,.F.,
  .F.,(2,2),(4.782220769616,5.474599468735),.PIECEWISE_BEZIER_KNOTS.);
#5480 = CARTESIAN_POINT('',(0.,0.3));
#5481 = CARTESIAN_POINT('',(0.692378699118,0.3));
#5482 = ( GEOMETRIC_REPRESENTATION_CONTEXT(2) 
PARAMETRIC_REPRESENTATION_CONTEXT() REPRESENTATION_CONTEXT('2D SPACE',''
  ) );
#5483 = ORIENTED_EDGE('',*,*,#5484,.F.);
#5484 = EDGE_CURVE('',#5485,#5459,#5487,.T.);
#5485 = VERTEX_POINT('',#5486);
#5486 = CARTESIAN_POINT('',(3.626994099014,8.109163021967,1.2));
#5487 = SURFACE_CURVE('',#5488,(#5492,#5498),.PCURVE_S1.);
#5488 = LINE('',#5489,#5490);
#5489 = CARTESIAN_POINT('',(1.613255295638,4.156600021446,1.2));
#5490 = VECTOR('',#5491,1.);
#5491 = DIRECTION('',(0.453956023935,0.891024089648,-0.));
#5492 = PCURVE('',#43,#5493);
#5493 = DEFINITIONAL_REPRESENTATION('',(#5494),#5497);
#5494 = B_SPLINE_CURVE_WITH_KNOTS('',1,(#5495,#5496),.UNSPECIFIED.,.F.,
  .F.,(2,2),(4.43597770974,5.128467222096),.PIECEWISE_BEZIER_KNOTS.);
#5495 = CARTESIAN_POINT('',(3.626994099014,8.109163021967));
#5496 = CARTESIAN_POINT('',(3.941353884659,8.726187859305));
#5497 = ( GEOMETRIC_REPRESENTATION_CONTEXT(2) 
PARAMETRIC_REPRESENTATION_CONTEXT() REPRESENTATION_CONTEXT('2D SPACE',''
  ) );
#5498 = PCURVE('',#5499,#5504);
#5499 = PLANE('',#5500);
#5500 = AXIS2_PLACEMENT_3D('',#5501,#5502,#5503);
#5501 = CARTESIAN_POINT('',(3.626994099014,8.109163021967,0.9));
#5502 = DIRECTION('',(0.891024089648,-0.453956023935,0.));
#5503 = DIRECTION('',(0.453956023935,0.891024089648,0.));
#5504 = DEFINITIONAL_REPRESENTATION('',(#5505),#5508);
#5505 = B_SPLINE_CURVE_WITH_KNOTS('',1,(#5506,#5507),.UNSPECIFIED.,.F.,
  .F.,(2,2),(4.43597770974,5.128467222096),.PIECEWISE_BEZIER_KNOTS.);
#5506 = CARTESIAN_POINT('',(0.,0.3));
#5507 = CARTESIAN_POINT('',(0.692489512356,0.3));
#5508 = ( GEOMETRIC_REPRESENTATION_CONTEXT(2) 
PARAMETRIC_REPRESENTATION_CONTEXT() REPRESENTATION_CONTEXT('2D SPACE',''
  ) );
#5509 = ORIENTED_EDGE('',*,*,#5510,.F.);
#5510 = EDGE_CURVE('',#4861,#5485,#5511,.T.);
#5511 = SURFACE_CURVE('',#5512,(#5516,#5522),.PCURVE_S1.);
#5512 = LINE('',#5513,#5514);
#5513 = CARTESIAN_POINT('',(1.456086299826,3.848001559133,1.2));
#5514 = VECTOR('',#5515,1.);
#5515 = DIRECTION('',(0.453946937304,0.891028719016,-0.));
#5516 = PCURVE('',#43,#5517);
#5517 = DEFINITIONAL_REPRESENTATION('',(#5518),#5521);
#5518 = B_SPLINE_CURVE_WITH_KNOTS('',1,(#5519,#5520),.UNSPECIFIED.,.F.,
  .F.,(2,2),(4.089665816264,4.782294186362),.PIECEWISE_BEZIER_KNOTS.);
#5519 = CARTESIAN_POINT('',(3.312577571717,7.492011252603));
#5520 = CARTESIAN_POINT('',(3.626994099014,8.109163021967));
#5521 = ( GEOMETRIC_REPRESENTATION_CONTEXT(2) 
PARAMETRIC_REPRESENTATION_CONTEXT() REPRESENTATION_CONTEXT('2D SPACE',''
  ) );
#5522 = PCURVE('',#5523,#5528);
#5523 = PLANE('',#5524);
#5524 = AXIS2_PLACEMENT_3D('',#5525,#5526,#5527);
#5525 = CARTESIAN_POINT('',(3.312577571717,7.492011252603,0.9));
#5526 = DIRECTION('',(0.891028719016,-0.453946937304,0.));
#5527 = DIRECTION('',(0.453946937304,0.891028719016,0.));
#5528 = DEFINITIONAL_REPRESENTATION('',(#5529),#5532);
#5529 = B_SPLINE_CURVE_WITH_KNOTS('',1,(#5530,#5531),.UNSPECIFIED.,.F.,
  .F.,(2,2),(4.089665816264,4.782294186362),.PIECEWISE_BEZIER_KNOTS.);
#5530 = CARTESIAN_POINT('',(0.,0.3));
#5531 = CARTESIAN_POINT('',(0.692628370099,0.3));
#5532 = ( GEOMETRIC_REPRESENTATION_CONTEXT(2) 
PARAMETRIC_REPRESENTATION_CONTEXT() REPRESENTATION_CONTEXT('2D SPACE',''
  ) );
#5533 = ADVANCED_FACE('',(#5534),#93,.F.);
#5534 = FACE_BOUND('',#5535,.T.);
#5535 = EDGE_LOOP('',(#5536));
#5536 = ORIENTED_EDGE('',*,*,#78,.F.);
#5537 = ADVANCED_FACE('',(#5538),#129,.F.);
#5538 = FACE_BOUND('',#5539,.F.);
#5539 = EDGE_LOOP('',(#5540,#5563,#5591,#5612));
#5540 = ORIENTED_EDGE('',*,*,#5541,.T.);
#5541 = EDGE_CURVE('',#113,#5542,#5544,.T.);
#5542 = VERTEX_POINT('',#5543);
#5543 = CARTESIAN_POINT('',(-2.998089307319,-6.87469712099,0.59));
#5544 = SURFACE_CURVE('',#5545,(#5549,#5556),.PCURVE_S1.);
#5545 = LINE('',#5546,#5547);
#5546 = CARTESIAN_POINT('',(-2.998089307319,-6.87469712099,1.21));
#5547 = VECTOR('',#5548,1.);
#5548 = DIRECTION('',(0.,0.,-1.));
#5549 = PCURVE('',#129,#5550);
#5550 = DEFINITIONAL_REPRESENTATION('',(#5551),#5555);
#5551 = LINE('',#5552,#5553);
#5552 = CARTESIAN_POINT('',(0.,0.31));
#5553 = VECTOR('',#5554,1.);
#5554 = DIRECTION('',(-0.,-1.));
#5555 = ( GEOMETRIC_REPRESENTATION_CONTEXT(2) 
PARAMETRIC_REPRESENTATION_CONTEXT() REPRESENTATION_CONTEXT('2D SPACE',''
  ) );
#5556 = PCURVE('',#155,#5557);
#5557 = DEFINITIONAL_REPRESENTATION('',(#5558),#5562);
#5558 = LINE('',#5559,#5560);
#5559 = CARTESIAN_POINT('',(0.278081313884,0.31));
#5560 = VECTOR('',#5561,1.);
#5561 = DIRECTION('',(0.,-1.));
#5562 = ( GEOMETRIC_REPRESENTATION_CONTEXT(2) 
PARAMETRIC_REPRESENTATION_CONTEXT() REPRESENTATION_CONTEXT('2D SPACE',''
  ) );
#5563 = ORIENTED_EDGE('',*,*,#5564,.T.);
#5564 = EDGE_CURVE('',#5542,#5565,#5567,.T.);
#5565 = VERTEX_POINT('',#5566);
#5566 = CARTESIAN_POINT('',(-3.312577571717,-7.492011252603,0.59));
#5567 = SURFACE_CURVE('',#5568,(#5572,#5579),.PCURVE_S1.);
#5568 = LINE('',#5569,#5570);
#5569 = CARTESIAN_POINT('',(-2.998089307319,-6.87469712099,0.59));
#5570 = VECTOR('',#5571,1.);
#5571 = DIRECTION('',(-0.453934353859,-0.891035129715,0.));
#5572 = PCURVE('',#129,#5573);
#5573 = DEFINITIONAL_REPRESENTATION('',(#5574),#5578);
#5574 = LINE('',#5575,#5576);
#5575 = CARTESIAN_POINT('',(-0.,-0.31));
#5576 = VECTOR('',#5577,1.);
#5577 = DIRECTION('',(1.,0.));
#5578 = ( GEOMETRIC_REPRESENTATION_CONTEXT(2) 
PARAMETRIC_REPRESENTATION_CONTEXT() REPRESENTATION_CONTEXT('2D SPACE',''
  ) );
#5579 = PCURVE('',#5580,#5585);
#5580 = PLANE('',#5581);
#5581 = AXIS2_PLACEMENT_3D('',#5582,#5583,#5584);
#5582 = CARTESIAN_POINT('',(-4.566006535451,-11.02331490377,0.59));
#5583 = DIRECTION('',(0.,0.,1.));
#5584 = DIRECTION('',(1.,0.,0.));
#5585 = DEFINITIONAL_REPRESENTATION('',(#5586),#5590);
#5586 = LINE('',#5587,#5588);
#5587 = CARTESIAN_POINT('',(1.567917228133,4.148617782781));
#5588 = VECTOR('',#5589,1.);
#5589 = DIRECTION('',(-0.453934353859,-0.891035129715));
#5590 = ( GEOMETRIC_REPRESENTATION_CONTEXT(2) 
PARAMETRIC_REPRESENTATION_CONTEXT() REPRESENTATION_CONTEXT('2D SPACE',''
  ) );
#5591 = ORIENTED_EDGE('',*,*,#5592,.T.);
#5592 = EDGE_CURVE('',#5565,#115,#5593,.T.);
#5593 = SURFACE_CURVE('',#5594,(#5598,#5605),.PCURVE_S1.);
#5594 = LINE('',#5595,#5596);
#5595 = CARTESIAN_POINT('',(-3.312577571717,-7.492011252603,0.59));
#5596 = VECTOR('',#5597,1.);
#5597 = DIRECTION('',(0.,0.,1.));
#5598 = PCURVE('',#129,#5599);
#5599 = DEFINITIONAL_REPRESENTATION('',(#5600),#5604);
#5600 = LINE('',#5601,#5602);
#5601 = CARTESIAN_POINT('',(0.692805604433,-0.31));
#5602 = VECTOR('',#5603,1.);
#5603 = DIRECTION('',(0.,1.));
#5604 = ( GEOMETRIC_REPRESENTATION_CONTEXT(2) 
PARAMETRIC_REPRESENTATION_CONTEXT() REPRESENTATION_CONTEXT('2D SPACE',''
  ) );
#5605 = PCURVE('',#777,#5606);
#5606 = DEFINITIONAL_REPRESENTATION('',(#5607),#5611);
#5607 = LINE('',#5608,#5609);
#5608 = CARTESIAN_POINT('',(-0.,-0.31));
#5609 = VECTOR('',#5610,1.);
#5610 = DIRECTION('',(0.,1.));
#5611 = ( GEOMETRIC_REPRESENTATION_CONTEXT(2) 
PARAMETRIC_REPRESENTATION_CONTEXT() REPRESENTATION_CONTEXT('2D SPACE',''
  ) );
#5612 = ORIENTED_EDGE('',*,*,#112,.F.);
#5613 = ADVANCED_FACE('',(#5614),#155,.F.);
#5614 = FACE_BOUND('',#5615,.F.);
#5615 = EDGE_LOOP('',(#5616,#5639,#5660,#5661));
#5616 = ORIENTED_EDGE('',*,*,#5617,.T.);
#5617 = EDGE_CURVE('',#141,#5618,#5620,.T.);
#5618 = VERTEX_POINT('',#5619);
#5619 = CARTESIAN_POINT('',(-2.741175673048,-6.981114232663,0.59));
#5620 = SURFACE_CURVE('',#5621,(#5625,#5632),.PCURVE_S1.);
#5621 = LINE('',#5622,#5623);
#5622 = CARTESIAN_POINT('',(-2.741175673048,-6.981114232663,1.21));
#5623 = VECTOR('',#5624,1.);
#5624 = DIRECTION('',(0.,0.,-1.));
#5625 = PCURVE('',#155,#5626);
#5626 = DEFINITIONAL_REPRESENTATION('',(#5627),#5631);
#5627 = LINE('',#5628,#5629);
#5628 = CARTESIAN_POINT('',(0.,0.31));
#5629 = VECTOR('',#5630,1.);
#5630 = DIRECTION('',(0.,-1.));
#5631 = ( GEOMETRIC_REPRESENTATION_CONTEXT(2) 
PARAMETRIC_REPRESENTATION_CONTEXT() REPRESENTATION_CONTEXT('2D SPACE',''
  ) );
#5632 = PCURVE('',#181,#5633);
#5633 = DEFINITIONAL_REPRESENTATION('',(#5634),#5638);
#5634 = LINE('',#5635,#5636);
#5635 = CARTESIAN_POINT('',(0.692805604433,0.31));
#5636 = VECTOR('',#5637,1.);
#5637 = DIRECTION('',(0.,-1.));
#5638 = ( GEOMETRIC_REPRESENTATION_CONTEXT(2) 
PARAMETRIC_REPRESENTATION_CONTEXT() REPRESENTATION_CONTEXT('2D SPACE',''
  ) );
#5639 = ORIENTED_EDGE('',*,*,#5640,.T.);
#5640 = EDGE_CURVE('',#5618,#5542,#5641,.T.);
#5641 = SURFACE_CURVE('',#5642,(#5646,#5653),.PCURVE_S1.);
#5642 = LINE('',#5643,#5644);
#5643 = CARTESIAN_POINT('',(-2.741175673048,-6.981114232663,0.59));
#5644 = VECTOR('',#5645,1.);
#5645 = DIRECTION('',(-0.923879532511,0.382683432365,0.));
#5646 = PCURVE('',#155,#5647);
#5647 = DEFINITIONAL_REPRESENTATION('',(#5648),#5652);
#5648 = LINE('',#5649,#5650);
#5649 = CARTESIAN_POINT('',(0.,-0.31));
#5650 = VECTOR('',#5651,1.);
#5651 = DIRECTION('',(1.,0.));
#5652 = ( GEOMETRIC_REPRESENTATION_CONTEXT(2) 
PARAMETRIC_REPRESENTATION_CONTEXT() REPRESENTATION_CONTEXT('2D SPACE',''
  ) );
#5653 = PCURVE('',#5580,#5654);
#5654 = DEFINITIONAL_REPRESENTATION('',(#5655),#5659);
#5655 = LINE('',#5656,#5657);
#5656 = CARTESIAN_POINT('',(1.824830862404,4.042200671107));
#5657 = VECTOR('',#5658,1.);
#5658 = DIRECTION('',(-0.923879532511,0.382683432365));
#5659 = ( GEOMETRIC_REPRESENTATION_CONTEXT(2) 
PARAMETRIC_REPRESENTATION_CONTEXT() REPRESENTATION_CONTEXT('2D SPACE',''
  ) );
#5660 = ORIENTED_EDGE('',*,*,#5541,.F.);
#5661 = ORIENTED_EDGE('',*,*,#140,.F.);
#5662 = ADVANCED_FACE('',(#5663),#777,.F.);
#5663 = FACE_BOUND('',#5664,.F.);
#5664 = EDGE_LOOP('',(#5665,#5666,#5689,#5710));
#5665 = ORIENTED_EDGE('',*,*,#5592,.F.);
#5666 = ORIENTED_EDGE('',*,*,#5667,.T.);
#5667 = EDGE_CURVE('',#5565,#5668,#5670,.T.);
#5668 = VERTEX_POINT('',#5669);
#5669 = CARTESIAN_POINT('',(-3.626994099014,-8.109163021967,0.59));
#5670 = SURFACE_CURVE('',#5671,(#5675,#5682),.PCURVE_S1.);
#5671 = LINE('',#5672,#5673);
#5672 = CARTESIAN_POINT('',(-3.312577571717,-7.492011252603,0.59));
#5673 = VECTOR('',#5674,1.);
#5674 = DIRECTION('',(-0.453946937304,-0.891028719016,0.));
#5675 = PCURVE('',#777,#5676);
#5676 = DEFINITIONAL_REPRESENTATION('',(#5677),#5681);
#5677 = LINE('',#5678,#5679);
#5678 = CARTESIAN_POINT('',(-0.,-0.31));
#5679 = VECTOR('',#5680,1.);
#5680 = DIRECTION('',(1.,0.));
#5681 = ( GEOMETRIC_REPRESENTATION_CONTEXT(2) 
PARAMETRIC_REPRESENTATION_CONTEXT() REPRESENTATION_CONTEXT('2D SPACE',''
  ) );
#5682 = PCURVE('',#5580,#5683);
#5683 = DEFINITIONAL_REPRESENTATION('',(#5684),#5688);
#5684 = LINE('',#5685,#5686);
#5685 = CARTESIAN_POINT('',(1.253428963734,3.531303651167));
#5686 = VECTOR('',#5687,1.);
#5687 = DIRECTION('',(-0.453946937304,-0.891028719016));
#5688 = ( GEOMETRIC_REPRESENTATION_CONTEXT(2) 
PARAMETRIC_REPRESENTATION_CONTEXT() REPRESENTATION_CONTEXT('2D SPACE',''
  ) );
#5689 = ORIENTED_EDGE('',*,*,#5690,.T.);
#5690 = EDGE_CURVE('',#5668,#739,#5691,.T.);
#5691 = SURFACE_CURVE('',#5692,(#5696,#5703),.PCURVE_S1.);
#5692 = LINE('',#5693,#5694);
#5693 = CARTESIAN_POINT('',(-3.626994099014,-8.109163021967,0.59));
#5694 = VECTOR('',#5695,1.);
#5695 = DIRECTION('',(0.,0.,1.));
#5696 = PCURVE('',#777,#5697);
#5697 = DEFINITIONAL_REPRESENTATION('',(#5698),#5702);
#5698 = LINE('',#5699,#5700);
#5699 = CARTESIAN_POINT('',(0.692628370099,-0.31));
#5700 = VECTOR('',#5701,1.);
#5701 = DIRECTION('',(0.,1.));
#5702 = ( GEOMETRIC_REPRESENTATION_CONTEXT(2) 
PARAMETRIC_REPRESENTATION_CONTEXT() REPRESENTATION_CONTEXT('2D SPACE',''
  ) );
#5703 = PCURVE('',#753,#5704);
#5704 = DEFINITIONAL_REPRESENTATION('',(#5705),#5709);
#5705 = LINE('',#5706,#5707);
#5706 = CARTESIAN_POINT('',(-0.,-0.31));
#5707 = VECTOR('',#5708,1.);
#5708 = DIRECTION('',(0.,1.));
#5709 = ( GEOMETRIC_REPRESENTATION_CONTEXT(2) 
PARAMETRIC_REPRESENTATION_CONTEXT() REPRESENTATION_CONTEXT('2D SPACE',''
  ) );
#5710 = ORIENTED_EDGE('',*,*,#764,.F.);
#5711 = ADVANCED_FACE('',(#5712),#181,.F.);
#5712 = FACE_BOUND('',#5713,.F.);
#5713 = EDGE_LOOP('',(#5714,#5737,#5758,#5759));
#5714 = ORIENTED_EDGE('',*,*,#5715,.T.);
#5715 = EDGE_CURVE('',#167,#5716,#5718,.T.);
#5716 = VERTEX_POINT('',#5717);
#5717 = CARTESIAN_POINT('',(-2.955305897274,-7.639998025609,0.59));
#5718 = SURFACE_CURVE('',#5719,(#5723,#5730),.PCURVE_S1.);
#5719 = LINE('',#5720,#5721);
#5720 = CARTESIAN_POINT('',(-2.955305897274,-7.639998025609,1.21));
#5721 = VECTOR('',#5722,1.);
#5722 = DIRECTION('',(0.,0.,-1.));
#5723 = PCURVE('',#181,#5724);
#5724 = DEFINITIONAL_REPRESENTATION('',(#5725),#5729);
#5725 = LINE('',#5726,#5727);
#5726 = CARTESIAN_POINT('',(0.,0.31));
#5727 = VECTOR('',#5728,1.);
#5728 = DIRECTION('',(0.,-1.));
#5729 = ( GEOMETRIC_REPRESENTATION_CONTEXT(2) 
PARAMETRIC_REPRESENTATION_CONTEXT() REPRESENTATION_CONTEXT('2D SPACE',''
  ) );
#5730 = PCURVE('',#207,#5731);
#5731 = DEFINITIONAL_REPRESENTATION('',(#5732),#5736);
#5732 = LINE('',#5733,#5734);
#5733 = CARTESIAN_POINT('',(0.692628370099,0.31));
#5734 = VECTOR('',#5735,1.);
#5735 = DIRECTION('',(0.,-1.));
#5736 = ( GEOMETRIC_REPRESENTATION_CONTEXT(2) 
PARAMETRIC_REPRESENTATION_CONTEXT() REPRESENTATION_CONTEXT('2D SPACE',''
  ) );
#5737 = ORIENTED_EDGE('',*,*,#5738,.T.);
#5738 = EDGE_CURVE('',#5716,#5618,#5739,.T.);
#5739 = SURFACE_CURVE('',#5740,(#5744,#5751),.PCURVE_S1.);
#5740 = LINE('',#5741,#5742);
#5741 = CARTESIAN_POINT('',(-2.955305897274,-7.639998025609,0.59));
#5742 = VECTOR('',#5743,1.);
#5743 = DIRECTION('',(0.30907692267,0.951037042324,0.));
#5744 = PCURVE('',#181,#5745);
#5745 = DEFINITIONAL_REPRESENTATION('',(#5746),#5750);
#5746 = LINE('',#5747,#5748);
#5747 = CARTESIAN_POINT('',(0.,-0.31));
#5748 = VECTOR('',#5749,1.);
#5749 = DIRECTION('',(1.,0.));
#5750 = ( GEOMETRIC_REPRESENTATION_CONTEXT(2) 
PARAMETRIC_REPRESENTATION_CONTEXT() REPRESENTATION_CONTEXT('2D SPACE',''
  ) );
#5751 = PCURVE('',#5580,#5752);
#5752 = DEFINITIONAL_REPRESENTATION('',(#5753),#5757);
#5753 = LINE('',#5754,#5755);
#5754 = CARTESIAN_POINT('',(1.610700638177,3.383316878161));
#5755 = VECTOR('',#5756,1.);
#5756 = DIRECTION('',(0.30907692267,0.951037042324));
#5757 = ( GEOMETRIC_REPRESENTATION_CONTEXT(2) 
PARAMETRIC_REPRESENTATION_CONTEXT() REPRESENTATION_CONTEXT('2D SPACE',''
  ) );
#5758 = ORIENTED_EDGE('',*,*,#5617,.F.);
#5759 = ORIENTED_EDGE('',*,*,#166,.F.);
#5760 = ADVANCED_FACE('',(#5761),#753,.F.);
#5761 = FACE_BOUND('',#5762,.F.);
#5762 = EDGE_LOOP('',(#5763,#5764,#5787,#5808));
#5763 = ORIENTED_EDGE('',*,*,#5690,.F.);
#5764 = ORIENTED_EDGE('',*,*,#5765,.T.);
#5765 = EDGE_CURVE('',#5668,#5766,#5768,.T.);
#5766 = VERTEX_POINT('',#5767);
#5767 = CARTESIAN_POINT('',(-3.941353884659,-8.726187859305,0.59));
#5768 = SURFACE_CURVE('',#5769,(#5773,#5780),.PCURVE_S1.);
#5769 = LINE('',#5770,#5771);
#5770 = CARTESIAN_POINT('',(-3.626994099014,-8.109163021967,0.59));
#5771 = VECTOR('',#5772,1.);
#5772 = DIRECTION('',(-0.453956023935,-0.891024089648,0.));
#5773 = PCURVE('',#753,#5774);
#5774 = DEFINITIONAL_REPRESENTATION('',(#5775),#5779);
#5775 = LINE('',#5776,#5777);
#5776 = CARTESIAN_POINT('',(-0.,-0.31));
#5777 = VECTOR('',#5778,1.);
#5778 = DIRECTION('',(1.,0.));
#5779 = ( GEOMETRIC_REPRESENTATION_CONTEXT(2) 
PARAMETRIC_REPRESENTATION_CONTEXT() REPRESENTATION_CONTEXT('2D SPACE',''
  ) );
#5780 = PCURVE('',#5580,#5781);
#5781 = DEFINITIONAL_REPRESENTATION('',(#5782),#5786);
#5782 = LINE('',#5783,#5784);
#5783 = CARTESIAN_POINT('',(0.939012436438,2.914151881804));
#5784 = VECTOR('',#5785,1.);
#5785 = DIRECTION('',(-0.453956023935,-0.891024089648));
#5786 = ( GEOMETRIC_REPRESENTATION_CONTEXT(2) 
PARAMETRIC_REPRESENTATION_CONTEXT() REPRESENTATION_CONTEXT('2D SPACE',''
  ) );
#5787 = ORIENTED_EDGE('',*,*,#5788,.T.);
#5788 = EDGE_CURVE('',#5766,#713,#5789,.T.);
#5789 = SURFACE_CURVE('',#5790,(#5794,#5801),.PCURVE_S1.);
#5790 = LINE('',#5791,#5792);
#5791 = CARTESIAN_POINT('',(-3.941353884659,-8.726187859305,0.59));
#5792 = VECTOR('',#5793,1.);
#5793 = DIRECTION('',(0.,0.,1.));
#5794 = PCURVE('',#753,#5795);
#5795 = DEFINITIONAL_REPRESENTATION('',(#5796),#5800);
#5796 = LINE('',#5797,#5798);
#5797 = CARTESIAN_POINT('',(0.692489512356,-0.31));
#5798 = VECTOR('',#5799,1.);
#5799 = DIRECTION('',(0.,1.));
#5800 = ( GEOMETRIC_REPRESENTATION_CONTEXT(2) 
PARAMETRIC_REPRESENTATION_CONTEXT() REPRESENTATION_CONTEXT('2D SPACE',''
  ) );
#5801 = PCURVE('',#727,#5802);
#5802 = DEFINITIONAL_REPRESENTATION('',(#5803),#5807);
#5803 = LINE('',#5804,#5805);
#5804 = CARTESIAN_POINT('',(-0.,-0.31));
#5805 = VECTOR('',#5806,1.);
#5806 = DIRECTION('',(0.,1.));
#5807 = ( GEOMETRIC_REPRESENTATION_CONTEXT(2) 
PARAMETRIC_REPRESENTATION_CONTEXT() REPRESENTATION_CONTEXT('2D SPACE',''
  ) );
#5808 = ORIENTED_EDGE('',*,*,#738,.F.);
#5809 = ADVANCED_FACE('',(#5810),#207,.F.);
#5810 = FACE_BOUND('',#5811,.F.);
#5811 = EDGE_LOOP('',(#5812,#5835,#5856,#5857));
#5812 = ORIENTED_EDGE('',*,*,#5813,.F.);
#5813 = EDGE_CURVE('',#5814,#193,#5816,.T.);
#5814 = VERTEX_POINT('',#5815);
#5815 = CARTESIAN_POINT('',(-3.169372039844,-8.298716285316,0.59));
#5816 = SURFACE_CURVE('',#5817,(#5821,#5828),.PCURVE_S1.);
#5817 = LINE('',#5818,#5819);
#5818 = CARTESIAN_POINT('',(-3.169372039844,-8.298716285316,0.59));
#5819 = VECTOR('',#5820,1.);
#5820 = DIRECTION('',(0.,0.,1.));
#5821 = PCURVE('',#207,#5822);
#5822 = DEFINITIONAL_REPRESENTATION('',(#5823),#5827);
#5823 = LINE('',#5824,#5825);
#5824 = CARTESIAN_POINT('',(0.,-0.31));
#5825 = VECTOR('',#5826,1.);
#5826 = DIRECTION('',(0.,1.));
#5827 = ( GEOMETRIC_REPRESENTATION_CONTEXT(2) 
PARAMETRIC_REPRESENTATION_CONTEXT() REPRESENTATION_CONTEXT('2D SPACE',''
  ) );
#5828 = PCURVE('',#233,#5829);
#5829 = DEFINITIONAL_REPRESENTATION('',(#5830),#5834);
#5830 = LINE('',#5831,#5832);
#5831 = CARTESIAN_POINT('',(0.692489512356,-0.31));
#5832 = VECTOR('',#5833,1.);
#5833 = DIRECTION('',(0.,1.));
#5834 = ( GEOMETRIC_REPRESENTATION_CONTEXT(2) 
PARAMETRIC_REPRESENTATION_CONTEXT() REPRESENTATION_CONTEXT('2D SPACE',''
  ) );
#5835 = ORIENTED_EDGE('',*,*,#5836,.T.);
#5836 = EDGE_CURVE('',#5814,#5716,#5837,.T.);
#5837 = SURFACE_CURVE('',#5838,(#5842,#5849),.PCURVE_S1.);
#5838 = LINE('',#5839,#5840);
#5839 = CARTESIAN_POINT('',(-3.169372039844,-8.298716285316,0.59));
#5840 = VECTOR('',#5841,1.);
#5841 = DIRECTION('',(0.309063491782,0.951041407115,0.));
#5842 = PCURVE('',#207,#5843);
#5843 = DEFINITIONAL_REPRESENTATION('',(#5844),#5848);
#5844 = LINE('',#5845,#5846);
#5845 = CARTESIAN_POINT('',(0.,-0.31));
#5846 = VECTOR('',#5847,1.);
#5847 = DIRECTION('',(1.,0.));
#5848 = ( GEOMETRIC_REPRESENTATION_CONTEXT(2) 
PARAMETRIC_REPRESENTATION_CONTEXT() REPRESENTATION_CONTEXT('2D SPACE',''
  ) );
#5849 = PCURVE('',#5580,#5850);
#5850 = DEFINITIONAL_REPRESENTATION('',(#5851),#5855);
#5851 = LINE('',#5852,#5853);
#5852 = CARTESIAN_POINT('',(1.396634495607,2.724598618454));
#5853 = VECTOR('',#5854,1.);
#5854 = DIRECTION('',(0.309063491782,0.951041407115));
#5855 = ( GEOMETRIC_REPRESENTATION_CONTEXT(2) 
PARAMETRIC_REPRESENTATION_CONTEXT() REPRESENTATION_CONTEXT('2D SPACE',''
  ) );
#5856 = ORIENTED_EDGE('',*,*,#5715,.F.);
#5857 = ORIENTED_EDGE('',*,*,#192,.F.);
#5858 = ADVANCED_FACE('',(#5859),#727,.F.);
#5859 = FACE_BOUND('',#5860,.F.);
#5860 = EDGE_LOOP('',(#5861,#5862,#5885,#5906));
#5861 = ORIENTED_EDGE('',*,*,#5788,.F.);
#5862 = ORIENTED_EDGE('',*,*,#5863,.T.);
#5863 = EDGE_CURVE('',#5766,#5864,#5866,.T.);
#5864 = VERTEX_POINT('',#5865);
#5865 = CARTESIAN_POINT('',(-4.255668022207,-9.343111587111,0.59));
#5866 = SURFACE_CURVE('',#5867,(#5871,#5878),.PCURVE_S1.);
#5867 = LINE('',#5868,#5869);
#5868 = CARTESIAN_POINT('',(-3.941353884659,-8.726187859305,0.59));
#5869 = VECTOR('',#5870,1.);
#5870 = DIRECTION('',(-0.453962748924,-0.891020663391,0.));
#5871 = PCURVE('',#727,#5872);
#5872 = DEFINITIONAL_REPRESENTATION('',(#5873),#5877);
#5873 = LINE('',#5874,#5875);
#5874 = CARTESIAN_POINT('',(-0.,-0.31));
#5875 = VECTOR('',#5876,1.);
#5876 = DIRECTION('',(1.,0.));
#5877 = ( GEOMETRIC_REPRESENTATION_CONTEXT(2) 
PARAMETRIC_REPRESENTATION_CONTEXT() REPRESENTATION_CONTEXT('2D SPACE',''
  ) );
#5878 = PCURVE('',#5580,#5879);
#5879 = DEFINITIONAL_REPRESENTATION('',(#5880),#5884);
#5880 = LINE('',#5881,#5882);
#5881 = CARTESIAN_POINT('',(0.624652650792,2.297127044465));
#5882 = VECTOR('',#5883,1.);
#5883 = DIRECTION('',(-0.453962748924,-0.891020663391));
#5884 = ( GEOMETRIC_REPRESENTATION_CONTEXT(2) 
PARAMETRIC_REPRESENTATION_CONTEXT() REPRESENTATION_CONTEXT('2D SPACE',''
  ) );
#5885 = ORIENTED_EDGE('',*,*,#5886,.T.);
#5886 = EDGE_CURVE('',#5864,#687,#5887,.T.);
#5887 = SURFACE_CURVE('',#5888,(#5892,#5899),.PCURVE_S1.);
#5888 = LINE('',#5889,#5890);
#5889 = CARTESIAN_POINT('',(-4.255668022207,-9.343111587111,0.59));
#5890 = VECTOR('',#5891,1.);
#5891 = DIRECTION('',(0.,0.,1.));
#5892 = PCURVE('',#727,#5893);
#5893 = DEFINITIONAL_REPRESENTATION('',(#5894),#5898);
#5894 = LINE('',#5895,#5896);
#5895 = CARTESIAN_POINT('',(0.692378699118,-0.31));
#5896 = VECTOR('',#5897,1.);
#5897 = DIRECTION('',(0.,1.));
#5898 = ( GEOMETRIC_REPRESENTATION_CONTEXT(2) 
PARAMETRIC_REPRESENTATION_CONTEXT() REPRESENTATION_CONTEXT('2D SPACE',''
  ) );
#5899 = PCURVE('',#701,#5900);
#5900 = DEFINITIONAL_REPRESENTATION('',(#5901),#5905);
#5901 = LINE('',#5902,#5903);
#5902 = CARTESIAN_POINT('',(-0.,-0.31));
#5903 = VECTOR('',#5904,1.);
#5904 = DIRECTION('',(0.,1.));
#5905 = ( GEOMETRIC_REPRESENTATION_CONTEXT(2) 
PARAMETRIC_REPRESENTATION_CONTEXT() REPRESENTATION_CONTEXT('2D SPACE',''
  ) );
#5906 = ORIENTED_EDGE('',*,*,#712,.F.);
#5907 = ADVANCED_FACE('',(#5908),#233,.F.);
#5908 = FACE_BOUND('',#5909,.F.);
#5909 = EDGE_LOOP('',(#5910,#5933,#5954,#5955));
#5910 = ORIENTED_EDGE('',*,*,#5911,.F.);
#5911 = EDGE_CURVE('',#5912,#219,#5914,.T.);
#5912 = VERTEX_POINT('',#5913);
#5913 = CARTESIAN_POINT('',(-3.383388550324,-8.957304668121,0.59));
#5914 = SURFACE_CURVE('',#5915,(#5919,#5926),.PCURVE_S1.);
#5915 = LINE('',#5916,#5917);
#5916 = CARTESIAN_POINT('',(-3.383388550324,-8.957304668121,0.59));
#5917 = VECTOR('',#5918,1.);
#5918 = DIRECTION('',(0.,0.,1.));
#5919 = PCURVE('',#233,#5920);
#5920 = DEFINITIONAL_REPRESENTATION('',(#5921),#5925);
#5921 = LINE('',#5922,#5923);
#5922 = CARTESIAN_POINT('',(0.,-0.31));
#5923 = VECTOR('',#5924,1.);
#5924 = DIRECTION('',(0.,1.));
#5925 = ( GEOMETRIC_REPRESENTATION_CONTEXT(2) 
PARAMETRIC_REPRESENTATION_CONTEXT() REPRESENTATION_CONTEXT('2D SPACE',''
  ) );
#5926 = PCURVE('',#259,#5927);
#5927 = DEFINITIONAL_REPRESENTATION('',(#5928),#5932);
#5928 = LINE('',#5929,#5930);
#5929 = CARTESIAN_POINT('',(0.692378699118,-0.31));
#5930 = VECTOR('',#5931,1.);
#5931 = DIRECTION('',(0.,1.));
#5932 = ( GEOMETRIC_REPRESENTATION_CONTEXT(2) 
PARAMETRIC_REPRESENTATION_CONTEXT() REPRESENTATION_CONTEXT('2D SPACE',''
  ) );
#5933 = ORIENTED_EDGE('',*,*,#5934,.T.);
#5934 = EDGE_CURVE('',#5912,#5814,#5935,.T.);
#5935 = SURFACE_CURVE('',#5936,(#5940,#5947),.PCURVE_S1.);
#5936 = LINE('',#5937,#5938);
#5937 = CARTESIAN_POINT('',(-3.383388550324,-8.957304668121,0.59));
#5938 = VECTOR('',#5939,1.);
#5939 = DIRECTION('',(0.309053793106,0.951044558875,0.));
#5940 = PCURVE('',#233,#5941);
#5941 = DEFINITIONAL_REPRESENTATION('',(#5942),#5946);
#5942 = LINE('',#5943,#5944);
#5943 = CARTESIAN_POINT('',(0.,-0.31));
#5944 = VECTOR('',#5945,1.);
#5945 = DIRECTION('',(1.,0.));
#5946 = ( GEOMETRIC_REPRESENTATION_CONTEXT(2) 
PARAMETRIC_REPRESENTATION_CONTEXT() REPRESENTATION_CONTEXT('2D SPACE',''
  ) );
#5947 = PCURVE('',#5580,#5948);
#5948 = DEFINITIONAL_REPRESENTATION('',(#5949),#5953);
#5949 = LINE('',#5950,#5951);
#5950 = CARTESIAN_POINT('',(1.182617985127,2.06601023565));
#5951 = VECTOR('',#5952,1.);
#5952 = DIRECTION('',(0.309053793106,0.951044558875));
#5953 = ( GEOMETRIC_REPRESENTATION_CONTEXT(2) 
PARAMETRIC_REPRESENTATION_CONTEXT() REPRESENTATION_CONTEXT('2D SPACE',''
  ) );
#5954 = ORIENTED_EDGE('',*,*,#5813,.T.);
#5955 = ORIENTED_EDGE('',*,*,#218,.F.);
#5956 = ADVANCED_FACE('',(#5957),#701,.F.);
#5957 = FACE_BOUND('',#5958,.F.);
#5958 = EDGE_LOOP('',(#5959,#5960,#5983,#6004));
#5959 = ORIENTED_EDGE('',*,*,#5886,.F.);
#5960 = ORIENTED_EDGE('',*,*,#5961,.T.);
#5961 = EDGE_CURVE('',#5864,#5962,#5964,.T.);
#5962 = VERTEX_POINT('',#5963);
#5963 = CARTESIAN_POINT('',(-4.569944893404,-9.959953469555,0.59));
#5964 = SURFACE_CURVE('',#5965,(#5969,#5976),.PCURVE_S1.);
#5965 = LINE('',#5966,#5967);
#5966 = CARTESIAN_POINT('',(-4.255668022207,-9.343111587111,0.59));
#5967 = VECTOR('',#5968,1.);
#5968 = DIRECTION('',(-0.453967832381,-0.891018073421,0.));
#5969 = PCURVE('',#701,#5970);
#5970 = DEFINITIONAL_REPRESENTATION('',(#5971),#5975);
#5971 = LINE('',#5972,#5973);
#5972 = CARTESIAN_POINT('',(-0.,-0.31));
#5973 = VECTOR('',#5974,1.);
#5974 = DIRECTION('',(1.,0.));
#5975 = ( GEOMETRIC_REPRESENTATION_CONTEXT(2) 
PARAMETRIC_REPRESENTATION_CONTEXT() REPRESENTATION_CONTEXT('2D SPACE',''
  ) );
#5976 = PCURVE('',#5580,#5977);
#5977 = DEFINITIONAL_REPRESENTATION('',(#5978),#5982);
#5978 = LINE('',#5979,#5980);
#5979 = CARTESIAN_POINT('',(0.310338513244,1.68020331666));
#5980 = VECTOR('',#5981,1.);
#5981 = DIRECTION('',(-0.453967832381,-0.891018073421));
#5982 = ( GEOMETRIC_REPRESENTATION_CONTEXT(2) 
PARAMETRIC_REPRESENTATION_CONTEXT() REPRESENTATION_CONTEXT('2D SPACE',''
  ) );
#5983 = ORIENTED_EDGE('',*,*,#5984,.T.);
#5984 = EDGE_CURVE('',#5962,#661,#5985,.T.);
#5985 = SURFACE_CURVE('',#5986,(#5990,#5997),.PCURVE_S1.);
#5986 = LINE('',#5987,#5988);
#5987 = CARTESIAN_POINT('',(-4.569944893404,-9.959953469555,0.59));
#5988 = VECTOR('',#5989,1.);
#5989 = DIRECTION('',(0.,0.,1.));
#5990 = PCURVE('',#701,#5991);
#5991 = DEFINITIONAL_REPRESENTATION('',(#5992),#5996);
#5992 = LINE('',#5993,#5994);
#5993 = CARTESIAN_POINT('',(0.692288855685,-0.31));
#5994 = VECTOR('',#5995,1.);
#5995 = DIRECTION('',(0.,1.));
#5996 = ( GEOMETRIC_REPRESENTATION_CONTEXT(2) 
PARAMETRIC_REPRESENTATION_CONTEXT() REPRESENTATION_CONTEXT('2D SPACE',''
  ) );
#5997 = PCURVE('',#675,#5998);
#5998 = DEFINITIONAL_REPRESENTATION('',(#5999),#6003);
#5999 = LINE('',#6000,#6001);
#6000 = CARTESIAN_POINT('',(-0.,-0.31));
#6001 = VECTOR('',#6002,1.);
#6002 = DIRECTION('',(0.,1.));
#6003 = ( GEOMETRIC_REPRESENTATION_CONTEXT(2) 
PARAMETRIC_REPRESENTATION_CONTEXT() REPRESENTATION_CONTEXT('2D SPACE',''
  ) );
#6004 = ORIENTED_EDGE('',*,*,#686,.F.);
#6005 = ADVANCED_FACE('',(#6006),#259,.F.);
#6006 = FACE_BOUND('',#6007,.F.);
#6007 = EDGE_LOOP('',(#6008,#6031,#6052,#6053));
#6008 = ORIENTED_EDGE('',*,*,#6009,.F.);
#6009 = EDGE_CURVE('',#6010,#245,#6012,.T.);
#6010 = VERTEX_POINT('',#6011);
#6011 = CARTESIAN_POINT('',(-3.597365843647,-9.61578927761,0.59));
#6012 = SURFACE_CURVE('',#6013,(#6017,#6024),.PCURVE_S1.);
#6013 = LINE('',#6014,#6015);
#6014 = CARTESIAN_POINT('',(-3.597365843647,-9.61578927761,0.59));
#6015 = VECTOR('',#6016,1.);
#6016 = DIRECTION('',(0.,0.,1.));
#6017 = PCURVE('',#259,#6018);
#6018 = DEFINITIONAL_REPRESENTATION('',(#6019),#6023);
#6019 = LINE('',#6020,#6021);
#6020 = CARTESIAN_POINT('',(0.,-0.31));
#6021 = VECTOR('',#6022,1.);
#6022 = DIRECTION('',(0.,1.));
#6023 = ( GEOMETRIC_REPRESENTATION_CONTEXT(2) 
PARAMETRIC_REPRESENTATION_CONTEXT() REPRESENTATION_CONTEXT('2D SPACE',''
  ) );
#6024 = PCURVE('',#285,#6025);
#6025 = DEFINITIONAL_REPRESENTATION('',(#6026),#6030);
#6026 = LINE('',#6027,#6028);
#6027 = CARTESIAN_POINT('',(0.692288855685,-0.31));
#6028 = VECTOR('',#6029,1.);
#6029 = DIRECTION('',(0.,1.));
#6030 = ( GEOMETRIC_REPRESENTATION_CONTEXT(2) 
PARAMETRIC_REPRESENTATION_CONTEXT() REPRESENTATION_CONTEXT('2D SPACE',''
  ) );
#6031 = ORIENTED_EDGE('',*,*,#6032,.T.);
#6032 = EDGE_CURVE('',#6010,#5912,#6033,.T.);
#6033 = SURFACE_CURVE('',#6034,(#6038,#6045),.PCURVE_S1.);
#6034 = LINE('',#6035,#6036);
#6035 = CARTESIAN_POINT('',(-3.597365843647,-9.61578927761,0.59));
#6036 = VECTOR('',#6037,1.);
#6037 = DIRECTION('',(0.30904661509,0.951046891431,0.));
#6038 = PCURVE('',#259,#6039);
#6039 = DEFINITIONAL_REPRESENTATION('',(#6040),#6044);
#6040 = LINE('',#6041,#6042);
#6041 = CARTESIAN_POINT('',(0.,-0.31));
#6042 = VECTOR('',#6043,1.);
#6043 = DIRECTION('',(1.,0.));
#6044 = ( GEOMETRIC_REPRESENTATION_CONTEXT(2) 
PARAMETRIC_REPRESENTATION_CONTEXT() REPRESENTATION_CONTEXT('2D SPACE',''
  ) );
#6045 = PCURVE('',#5580,#6046);
#6046 = DEFINITIONAL_REPRESENTATION('',(#6047),#6051);
#6047 = LINE('',#6048,#6049);
#6048 = CARTESIAN_POINT('',(0.968640691804,1.40752562616));
#6049 = VECTOR('',#6050,1.);
#6050 = DIRECTION('',(0.30904661509,0.951046891431));
#6051 = ( GEOMETRIC_REPRESENTATION_CONTEXT(2) 
PARAMETRIC_REPRESENTATION_CONTEXT() REPRESENTATION_CONTEXT('2D SPACE',''
  ) );
#6052 = ORIENTED_EDGE('',*,*,#5911,.T.);
#6053 = ORIENTED_EDGE('',*,*,#244,.F.);
#6054 = ADVANCED_FACE('',(#6055),#675,.F.);
#6055 = FACE_BOUND('',#6056,.F.);
#6056 = EDGE_LOOP('',(#6057,#6058,#6081,#6102));
#6057 = ORIENTED_EDGE('',*,*,#5984,.F.);
#6058 = ORIENTED_EDGE('',*,*,#6059,.T.);
#6059 = EDGE_CURVE('',#5962,#6060,#6062,.T.);
#6060 = VERTEX_POINT('',#6061);
#6061 = CARTESIAN_POINT('',(-4.884190948238,-10.57672816995,0.59));
#6062 = SURFACE_CURVE('',#6063,(#6067,#6074),.PCURVE_S1.);
#6063 = LINE('',#6064,#6065);
#6064 = CARTESIAN_POINT('',(-4.569944893404,-9.959953469555,0.59));
#6065 = VECTOR('',#6066,1.);
#6066 = DIRECTION('',(-0.453971746167,-0.891016079362,0.));
#6067 = PCURVE('',#675,#6068);
#6068 = DEFINITIONAL_REPRESENTATION('',(#6069),#6073);
#6069 = LINE('',#6070,#6071);
#6070 = CARTESIAN_POINT('',(-0.,-0.31));
#6071 = VECTOR('',#6072,1.);
#6072 = DIRECTION('',(1.,0.));
#6073 = ( GEOMETRIC_REPRESENTATION_CONTEXT(2) 
PARAMETRIC_REPRESENTATION_CONTEXT() REPRESENTATION_CONTEXT('2D SPACE',''
  ) );
#6074 = PCURVE('',#5580,#6075);
#6075 = DEFINITIONAL_REPRESENTATION('',(#6076),#6080);
#6076 = LINE('',#6077,#6078);
#6077 = CARTESIAN_POINT('',(-3.93835795304E-03,1.063361434216));
#6078 = VECTOR('',#6079,1.);
#6079 = DIRECTION('',(-0.453971746167,-0.891016079362));
#6080 = ( GEOMETRIC_REPRESENTATION_CONTEXT(2) 
PARAMETRIC_REPRESENTATION_CONTEXT() REPRESENTATION_CONTEXT('2D SPACE',''
  ) );
#6081 = ORIENTED_EDGE('',*,*,#6082,.T.);
#6082 = EDGE_CURVE('',#6060,#635,#6083,.T.);
#6083 = SURFACE_CURVE('',#6084,(#6088,#6095),.PCURVE_S1.);
#6084 = LINE('',#6085,#6086);
#6085 = CARTESIAN_POINT('',(-4.884190948238,-10.57672816995,0.59));
#6086 = VECTOR('',#6087,1.);
#6087 = DIRECTION('',(0.,0.,1.));
#6088 = PCURVE('',#675,#6089);
#6089 = DEFINITIONAL_REPRESENTATION('',(#6090),#6094);
#6090 = LINE('',#6091,#6092);
#6091 = CARTESIAN_POINT('',(0.692215005641,-0.31));
#6092 = VECTOR('',#6093,1.);
#6093 = DIRECTION('',(0.,1.));
#6094 = ( GEOMETRIC_REPRESENTATION_CONTEXT(2) 
PARAMETRIC_REPRESENTATION_CONTEXT() REPRESENTATION_CONTEXT('2D SPACE',''
  ) );
#6095 = PCURVE('',#649,#6096);
#6096 = DEFINITIONAL_REPRESENTATION('',(#6097),#6101);
#6097 = LINE('',#6098,#6099);
#6098 = CARTESIAN_POINT('',(-0.,-0.31));
#6099 = VECTOR('',#6100,1.);
#6100 = DIRECTION('',(0.,1.));
#6101 = ( GEOMETRIC_REPRESENTATION_CONTEXT(2) 
PARAMETRIC_REPRESENTATION_CONTEXT() REPRESENTATION_CONTEXT('2D SPACE',''
  ) );
#6102 = ORIENTED_EDGE('',*,*,#660,.F.);
#6103 = ADVANCED_FACE('',(#6104),#285,.F.);
#6104 = FACE_BOUND('',#6105,.F.);
#6105 = EDGE_LOOP('',(#6106,#6129,#6150,#6151));
#6106 = ORIENTED_EDGE('',*,*,#6107,.F.);
#6107 = EDGE_CURVE('',#6108,#271,#6110,.T.);
#6108 = VERTEX_POINT('',#6109);
#6109 = CARTESIAN_POINT('',(-3.81131161485,-10.2741896624,0.59));
#6110 = SURFACE_CURVE('',#6111,(#6115,#6122),.PCURVE_S1.);
#6111 = LINE('',#6112,#6113);
#6112 = CARTESIAN_POINT('',(-3.81131161485,-10.2741896624,0.59));
#6113 = VECTOR('',#6114,1.);
#6114 = DIRECTION('',(0.,0.,1.));
#6115 = PCURVE('',#285,#6116);
#6116 = DEFINITIONAL_REPRESENTATION('',(#6117),#6121);
#6117 = LINE('',#6118,#6119);
#6118 = CARTESIAN_POINT('',(0.,-0.31));
#6119 = VECTOR('',#6120,1.);
#6120 = DIRECTION('',(0.,1.));
#6121 = ( GEOMETRIC_REPRESENTATION_CONTEXT(2) 
PARAMETRIC_REPRESENTATION_CONTEXT() REPRESENTATION_CONTEXT('2D SPACE',''
  ) );
#6122 = PCURVE('',#311,#6123);
#6123 = DEFINITIONAL_REPRESENTATION('',(#6124),#6128);
#6124 = LINE('',#6125,#6126);
#6125 = CARTESIAN_POINT('',(0.692215005641,-0.31));
#6126 = VECTOR('',#6127,1.);
#6127 = DIRECTION('',(0.,1.));
#6128 = ( GEOMETRIC_REPRESENTATION_CONTEXT(2) 
PARAMETRIC_REPRESENTATION_CONTEXT() REPRESENTATION_CONTEXT('2D SPACE',''
  ) );
#6129 = ORIENTED_EDGE('',*,*,#6130,.T.);
#6130 = EDGE_CURVE('',#6108,#6010,#6131,.T.);
#6131 = SURFACE_CURVE('',#6132,(#6136,#6143),.PCURVE_S1.);
#6132 = LINE('',#6133,#6134);
#6133 = CARTESIAN_POINT('',(-3.81131161485,-10.2741896624,0.59));
#6134 = VECTOR('',#6135,1.);
#6135 = DIRECTION('',(0.309041189159,0.951048654593,0.));
#6136 = PCURVE('',#285,#6137);
#6137 = DEFINITIONAL_REPRESENTATION('',(#6138),#6142);
#6138 = LINE('',#6139,#6140);
#6139 = CARTESIAN_POINT('',(0.,-0.31));
#6140 = VECTOR('',#6141,1.);
#6141 = DIRECTION('',(1.,0.));
#6142 = ( GEOMETRIC_REPRESENTATION_CONTEXT(2) 
PARAMETRIC_REPRESENTATION_CONTEXT() REPRESENTATION_CONTEXT('2D SPACE',''
  ) );
#6143 = PCURVE('',#5580,#6144);
#6144 = DEFINITIONAL_REPRESENTATION('',(#6145),#6149);
#6145 = LINE('',#6146,#6147);
#6146 = CARTESIAN_POINT('',(0.754694920602,0.749125241371));
#6147 = VECTOR('',#6148,1.);
#6148 = DIRECTION('',(0.309041189159,0.951048654593));
#6149 = ( GEOMETRIC_REPRESENTATION_CONTEXT(2) 
PARAMETRIC_REPRESENTATION_CONTEXT() REPRESENTATION_CONTEXT('2D SPACE',''
  ) );
#6150 = ORIENTED_EDGE('',*,*,#6009,.T.);
#6151 = ORIENTED_EDGE('',*,*,#270,.F.);
#6152 = ADVANCED_FACE('',(#6153),#649,.F.);
#6153 = FACE_BOUND('',#6154,.F.);
#6154 = EDGE_LOOP('',(#6155,#6156,#6179,#6200));
#6155 = ORIENTED_EDGE('',*,*,#6082,.F.);
#6156 = ORIENTED_EDGE('',*,*,#6157,.T.);
#6157 = EDGE_CURVE('',#6060,#6158,#6160,.T.);
#6158 = VERTEX_POINT('',#6159);
#6159 = CARTESIAN_POINT('',(-5.198411230645,-11.19344704674,0.59));
#6160 = SURFACE_CURVE('',#6161,(#6165,#6172),.PCURVE_S1.);
#6161 = LINE('',#6162,#6163);
#6162 = CARTESIAN_POINT('',(-4.884190948238,-10.57672816995,0.59));
#6163 = VECTOR('',#6164,1.);
#6164 = DIRECTION('',(-0.453974808286,-0.891014519209,0.));
#6165 = PCURVE('',#649,#6166);
#6166 = DEFINITIONAL_REPRESENTATION('',(#6167),#6171);
#6167 = LINE('',#6168,#6169);
#6168 = CARTESIAN_POINT('',(-0.,-0.31));
#6169 = VECTOR('',#6170,1.);
#6170 = DIRECTION('',(1.,0.));
#6171 = ( GEOMETRIC_REPRESENTATION_CONTEXT(2) 
PARAMETRIC_REPRESENTATION_CONTEXT() REPRESENTATION_CONTEXT('2D SPACE',''
  ) );
#6172 = PCURVE('',#5580,#6173);
#6173 = DEFINITIONAL_REPRESENTATION('',(#6174),#6178);
#6174 = LINE('',#6175,#6176);
#6175 = CARTESIAN_POINT('',(-0.318184412787,0.446586733814));
#6176 = VECTOR('',#6177,1.);
#6177 = DIRECTION('',(-0.453974808286,-0.891014519209));
#6178 = ( GEOMETRIC_REPRESENTATION_CONTEXT(2) 
PARAMETRIC_REPRESENTATION_CONTEXT() REPRESENTATION_CONTEXT('2D SPACE',''
  ) );
#6179 = ORIENTED_EDGE('',*,*,#6180,.T.);
#6180 = EDGE_CURVE('',#6158,#609,#6181,.T.);
#6181 = SURFACE_CURVE('',#6182,(#6186,#6193),.PCURVE_S1.);
#6182 = LINE('',#6183,#6184);
#6183 = CARTESIAN_POINT('',(-5.198411230645,-11.19344704674,0.59));
#6184 = VECTOR('',#6185,1.);
#6185 = DIRECTION('',(0.,0.,1.));
#6186 = PCURVE('',#649,#6187);
#6187 = DEFINITIONAL_REPRESENTATION('',(#6188),#6192);
#6188 = LINE('',#6189,#6190);
#6189 = CARTESIAN_POINT('',(0.692153565952,-0.31));
#6190 = VECTOR('',#6191,1.);
#6191 = DIRECTION('',(0.,1.));
#6192 = ( GEOMETRIC_REPRESENTATION_CONTEXT(2) 
PARAMETRIC_REPRESENTATION_CONTEXT() REPRESENTATION_CONTEXT('2D SPACE',''
  ) );
#6193 = PCURVE('',#623,#6194);
#6194 = DEFINITIONAL_REPRESENTATION('',(#6195),#6199);
#6195 = LINE('',#6196,#6197);
#6196 = CARTESIAN_POINT('',(-0.,-0.31));
#6197 = VECTOR('',#6198,1.);
#6198 = DIRECTION('',(0.,1.));
#6199 = ( GEOMETRIC_REPRESENTATION_CONTEXT(2) 
PARAMETRIC_REPRESENTATION_CONTEXT() REPRESENTATION_CONTEXT('2D SPACE',''
  ) );
#6200 = ORIENTED_EDGE('',*,*,#634,.F.);
#6201 = ADVANCED_FACE('',(#6202),#311,.F.);
#6202 = FACE_BOUND('',#6203,.F.);
#6203 = EDGE_LOOP('',(#6204,#6227,#6248,#6249));
#6204 = ORIENTED_EDGE('',*,*,#6205,.F.);
#6205 = EDGE_CURVE('',#6206,#297,#6208,.T.);
#6206 = VERTEX_POINT('',#6207);
#6207 = CARTESIAN_POINT('',(-4.025231671634,-10.93252075185,0.59));
#6208 = SURFACE_CURVE('',#6209,(#6213,#6220),.PCURVE_S1.);
#6209 = LINE('',#6210,#6211);
#6210 = CARTESIAN_POINT('',(-4.025231671634,-10.93252075185,0.59));
#6211 = VECTOR('',#6212,1.);
#6212 = DIRECTION('',(0.,0.,1.));
#6213 = PCURVE('',#311,#6214);
#6214 = DEFINITIONAL_REPRESENTATION('',(#6215),#6219);
#6215 = LINE('',#6216,#6217);
#6216 = CARTESIAN_POINT('',(0.,-0.31));
#6217 = VECTOR('',#6218,1.);
#6218 = DIRECTION('',(0.,1.));
#6219 = ( GEOMETRIC_REPRESENTATION_CONTEXT(2) 
PARAMETRIC_REPRESENTATION_CONTEXT() REPRESENTATION_CONTEXT('2D SPACE',''
  ) );
#6220 = PCURVE('',#337,#6221);
#6221 = DEFINITIONAL_REPRESENTATION('',(#6222),#6226);
#6222 = LINE('',#6223,#6224);
#6223 = CARTESIAN_POINT('',(0.692153565952,-0.31));
#6224 = VECTOR('',#6225,1.);
#6225 = DIRECTION('',(0.,1.));
#6226 = ( GEOMETRIC_REPRESENTATION_CONTEXT(2) 
PARAMETRIC_REPRESENTATION_CONTEXT() REPRESENTATION_CONTEXT('2D SPACE',''
  ) );
#6227 = ORIENTED_EDGE('',*,*,#6228,.T.);
#6228 = EDGE_CURVE('',#6206,#6108,#6229,.T.);
#6229 = SURFACE_CURVE('',#6230,(#6234,#6241),.PCURVE_S1.);
#6230 = LINE('',#6231,#6232);
#6231 = CARTESIAN_POINT('',(-4.025231671634,-10.93252075185,0.59));
#6232 = VECTOR('',#6233,1.);
#6233 = DIRECTION('',(0.309037011681,0.951050012045,0.));
#6234 = PCURVE('',#311,#6235);
#6235 = DEFINITIONAL_REPRESENTATION('',(#6236),#6240);
#6236 = LINE('',#6237,#6238);
#6237 = CARTESIAN_POINT('',(0.,-0.31));
#6238 = VECTOR('',#6239,1.);
#6239 = DIRECTION('',(1.,0.));
#6240 = ( GEOMETRIC_REPRESENTATION_CONTEXT(2) 
PARAMETRIC_REPRESENTATION_CONTEXT() REPRESENTATION_CONTEXT('2D SPACE',''
  ) );
#6241 = PCURVE('',#5580,#6242);
#6242 = DEFINITIONAL_REPRESENTATION('',(#6243),#6247);
#6243 = LINE('',#6244,#6245);
#6244 = CARTESIAN_POINT('',(0.540774863817,9.07941519183E-02));
#6245 = VECTOR('',#6246,1.);
#6246 = DIRECTION('',(0.309037011681,0.951050012045));
#6247 = ( GEOMETRIC_REPRESENTATION_CONTEXT(2) 
PARAMETRIC_REPRESENTATION_CONTEXT() REPRESENTATION_CONTEXT('2D SPACE',''
  ) );
#6248 = ORIENTED_EDGE('',*,*,#6107,.T.);
#6249 = ORIENTED_EDGE('',*,*,#296,.F.);
#6250 = ADVANCED_FACE('',(#6251),#623,.F.);
#6251 = FACE_BOUND('',#6252,.F.);
#6252 = EDGE_LOOP('',(#6253,#6254,#6277,#6298));
#6253 = ORIENTED_EDGE('',*,*,#6180,.F.);
#6254 = ORIENTED_EDGE('',*,*,#6255,.T.);
#6255 = EDGE_CURVE('',#6158,#6256,#6258,.T.);
#6256 = VERTEX_POINT('',#6257);
#6257 = CARTESIAN_POINT('',(-5.512609741544,-11.81011903476,0.59));
#6258 = SURFACE_CURVE('',#6259,(#6263,#6270),.PCURVE_S1.);
#6259 = LINE('',#6260,#6261);
#6260 = CARTESIAN_POINT('',(-5.198411230645,-11.19344704674,0.59));
#6261 = VECTOR('',#6262,1.);
#6262 = DIRECTION('',(-0.453977238373,-0.891013281068,0.));
#6263 = PCURVE('',#623,#6264);
#6264 = DEFINITIONAL_REPRESENTATION('',(#6265),#6269);
#6265 = LINE('',#6266,#6267);
#6266 = CARTESIAN_POINT('',(-0.,-0.31));
#6267 = VECTOR('',#6268,1.);
#6268 = DIRECTION('',(1.,0.));
#6269 = ( GEOMETRIC_REPRESENTATION_CONTEXT(2) 
PARAMETRIC_REPRESENTATION_CONTEXT() REPRESENTATION_CONTEXT('2D SPACE',''
  ) );
#6270 = PCURVE('',#5580,#6271);
#6271 = DEFINITIONAL_REPRESENTATION('',(#6272),#6276);
#6272 = LINE('',#6273,#6274);
#6273 = CARTESIAN_POINT('',(-0.632404695194,-0.170132142971));
#6274 = VECTOR('',#6275,1.);
#6275 = DIRECTION('',(-0.453977238373,-0.891013281068));
#6276 = ( GEOMETRIC_REPRESENTATION_CONTEXT(2) 
PARAMETRIC_REPRESENTATION_CONTEXT() REPRESENTATION_CONTEXT('2D SPACE',''
  ) );
#6277 = ORIENTED_EDGE('',*,*,#6278,.T.);
#6278 = EDGE_CURVE('',#6256,#583,#6279,.T.);
#6279 = SURFACE_CURVE('',#6280,(#6284,#6291),.PCURVE_S1.);
#6280 = LINE('',#6281,#6282);
#6281 = CARTESIAN_POINT('',(-5.512609741544,-11.81011903476,0.59));
#6282 = VECTOR('',#6283,1.);
#6283 = DIRECTION('',(0.,0.,1.));
#6284 = PCURVE('',#623,#6285);
#6285 = DEFINITIONAL_REPRESENTATION('',(#6286),#6290);
#6286 = LINE('',#6287,#6288);
#6287 = CARTESIAN_POINT('',(0.692101903666,-0.31));
#6288 = VECTOR('',#6289,1.);
#6289 = DIRECTION('',(0.,1.));
#6290 = ( GEOMETRIC_REPRESENTATION_CONTEXT(2) 
PARAMETRIC_REPRESENTATION_CONTEXT() REPRESENTATION_CONTEXT('2D SPACE',''
  ) );
#6291 = PCURVE('',#597,#6292);
#6292 = DEFINITIONAL_REPRESENTATION('',(#6293),#6297);
#6293 = LINE('',#6294,#6295);
#6294 = CARTESIAN_POINT('',(-0.,-0.31));
#6295 = VECTOR('',#6296,1.);
#6296 = DIRECTION('',(0.,1.));
#6297 = ( GEOMETRIC_REPRESENTATION_CONTEXT(2) 
PARAMETRIC_REPRESENTATION_CONTEXT() REPRESENTATION_CONTEXT('2D SPACE',''
  ) );
#6298 = ORIENTED_EDGE('',*,*,#608,.F.);
#6299 = ADVANCED_FACE('',(#6300),#337,.F.);
#6300 = FACE_BOUND('',#6301,.F.);
#6301 = EDGE_LOOP('',(#6302,#6325,#6346,#6347));
#6302 = ORIENTED_EDGE('',*,*,#6303,.F.);
#6303 = EDGE_CURVE('',#6304,#323,#6306,.T.);
#6304 = VERTEX_POINT('',#6305);
#6305 = CARTESIAN_POINT('',(-4.239130479018,-11.59079414418,0.59));
#6306 = SURFACE_CURVE('',#6307,(#6311,#6318),.PCURVE_S1.);
#6307 = LINE('',#6308,#6309);
#6308 = CARTESIAN_POINT('',(-4.239130479018,-11.59079414418,0.59));
#6309 = VECTOR('',#6310,1.);
#6310 = DIRECTION('',(0.,0.,1.));
#6311 = PCURVE('',#337,#6312);
#6312 = DEFINITIONAL_REPRESENTATION('',(#6313),#6317);
#6313 = LINE('',#6314,#6315);
#6314 = CARTESIAN_POINT('',(0.,-0.31));
#6315 = VECTOR('',#6316,1.);
#6316 = DIRECTION('',(0.,1.));
#6317 = ( GEOMETRIC_REPRESENTATION_CONTEXT(2) 
PARAMETRIC_REPRESENTATION_CONTEXT() REPRESENTATION_CONTEXT('2D SPACE',''
  ) );
#6318 = PCURVE('',#363,#6319);
#6319 = DEFINITIONAL_REPRESENTATION('',(#6320),#6324);
#6320 = LINE('',#6321,#6322);
#6321 = CARTESIAN_POINT('',(0.692101903666,-0.31));
#6322 = VECTOR('',#6323,1.);
#6323 = DIRECTION('',(0.,1.));
#6324 = ( GEOMETRIC_REPRESENTATION_CONTEXT(2) 
PARAMETRIC_REPRESENTATION_CONTEXT() REPRESENTATION_CONTEXT('2D SPACE',''
  ) );
#6325 = ORIENTED_EDGE('',*,*,#6326,.T.);
#6326 = EDGE_CURVE('',#6304,#6206,#6327,.T.);
#6327 = SURFACE_CURVE('',#6328,(#6332,#6339),.PCURVE_S1.);
#6328 = LINE('',#6329,#6330);
#6329 = CARTESIAN_POINT('',(-4.239130479018,-11.59079414418,0.59));
#6330 = VECTOR('',#6331,1.);
#6331 = DIRECTION('',(0.309033743242,0.951051074095,0.));
#6332 = PCURVE('',#337,#6333);
#6333 = DEFINITIONAL_REPRESENTATION('',(#6334),#6338);
#6334 = LINE('',#6335,#6336);
#6335 = CARTESIAN_POINT('',(0.,-0.31));
#6336 = VECTOR('',#6337,1.);
#6337 = DIRECTION('',(1.,0.));
#6338 = ( GEOMETRIC_REPRESENTATION_CONTEXT(2) 
PARAMETRIC_REPRESENTATION_CONTEXT() REPRESENTATION_CONTEXT('2D SPACE',''
  ) );
#6339 = PCURVE('',#5580,#6340);
#6340 = DEFINITIONAL_REPRESENTATION('',(#6341),#6345);
#6341 = LINE('',#6342,#6343);
#6342 = CARTESIAN_POINT('',(0.326876056433,-0.567479240419));
#6343 = VECTOR('',#6344,1.);
#6344 = DIRECTION('',(0.309033743242,0.951051074095));
#6345 = ( GEOMETRIC_REPRESENTATION_CONTEXT(2) 
PARAMETRIC_REPRESENTATION_CONTEXT() REPRESENTATION_CONTEXT('2D SPACE',''
  ) );
#6346 = ORIENTED_EDGE('',*,*,#6205,.T.);
#6347 = ORIENTED_EDGE('',*,*,#322,.F.);
#6348 = ADVANCED_FACE('',(#6349),#597,.F.);
#6349 = FACE_BOUND('',#6350,.F.);
#6350 = EDGE_LOOP('',(#6351,#6352,#6375,#6396));
#6351 = ORIENTED_EDGE('',*,*,#6278,.F.);
#6352 = ORIENTED_EDGE('',*,*,#6353,.T.);
#6353 = EDGE_CURVE('',#6256,#6354,#6356,.T.);
#6354 = VERTEX_POINT('',#6355);
#6355 = CARTESIAN_POINT('',(-5.826789694998,-12.42675125888,0.59));
#6356 = SURFACE_CURVE('',#6357,(#6361,#6368),.PCURVE_S1.);
#6357 = LINE('',#6358,#6359);
#6358 = CARTESIAN_POINT('',(-5.512609741544,-11.81011903476,0.59));
#6359 = VECTOR('',#6360,1.);
#6360 = DIRECTION('',(-0.453979191447,-0.891012285961,0.));
#6361 = PCURVE('',#597,#6362);
#6362 = DEFINITIONAL_REPRESENTATION('',(#6363),#6367);
#6363 = LINE('',#6364,#6365);
#6364 = CARTESIAN_POINT('',(-0.,-0.31));
#6365 = VECTOR('',#6366,1.);
#6366 = DIRECTION('',(1.,0.));
#6367 = ( GEOMETRIC_REPRESENTATION_CONTEXT(2) 
PARAMETRIC_REPRESENTATION_CONTEXT() REPRESENTATION_CONTEXT('2D SPACE',''
  ) );
#6368 = PCURVE('',#5580,#6369);
#6369 = DEFINITIONAL_REPRESENTATION('',(#6370),#6374);
#6370 = LINE('',#6371,#6372);
#6371 = CARTESIAN_POINT('',(-0.946603206093,-0.78680413099));
#6372 = VECTOR('',#6373,1.);
#6373 = DIRECTION('',(-0.453979191447,-0.891012285961));
#6374 = ( GEOMETRIC_REPRESENTATION_CONTEXT(2) 
PARAMETRIC_REPRESENTATION_CONTEXT() REPRESENTATION_CONTEXT('2D SPACE',''
  ) );
#6375 = ORIENTED_EDGE('',*,*,#6376,.T.);
#6376 = EDGE_CURVE('',#6354,#557,#6377,.T.);
#6377 = SURFACE_CURVE('',#6378,(#6382,#6389),.PCURVE_S1.);
#6378 = LINE('',#6379,#6380);
#6379 = CARTESIAN_POINT('',(-5.826789694998,-12.42675125888,0.59));
#6380 = VECTOR('',#6381,1.);
#6381 = DIRECTION('',(0.,0.,1.));
#6382 = PCURVE('',#597,#6383);
#6383 = DEFINITIONAL_REPRESENTATION('',(#6384),#6388);
#6384 = LINE('',#6385,#6386);
#6385 = CARTESIAN_POINT('',(0.692058048855,-0.31));
#6386 = VECTOR('',#6387,1.);
#6387 = DIRECTION('',(0.,1.));
#6388 = ( GEOMETRIC_REPRESENTATION_CONTEXT(2) 
PARAMETRIC_REPRESENTATION_CONTEXT() REPRESENTATION_CONTEXT('2D SPACE',''
  ) );
#6389 = PCURVE('',#571,#6390);
#6390 = DEFINITIONAL_REPRESENTATION('',(#6391),#6395);
#6391 = LINE('',#6392,#6393);
#6392 = CARTESIAN_POINT('',(-0.,-0.31));
#6393 = VECTOR('',#6394,1.);
#6394 = DIRECTION('',(0.,1.));
#6395 = ( GEOMETRIC_REPRESENTATION_CONTEXT(2) 
PARAMETRIC_REPRESENTATION_CONTEXT() REPRESENTATION_CONTEXT('2D SPACE',''
  ) );
#6396 = ORIENTED_EDGE('',*,*,#582,.F.);
#6397 = ADVANCED_FACE('',(#6398),#363,.F.);
#6398 = FACE_BOUND('',#6399,.F.);
#6399 = EDGE_LOOP('',(#6400,#6423,#6444,#6445));
#6400 = ORIENTED_EDGE('',*,*,#6401,.F.);
#6401 = EDGE_CURVE('',#6402,#349,#6404,.T.);
#6402 = VERTEX_POINT('',#6403);
#6403 = CARTESIAN_POINT('',(-4.453011525819,-12.24901898638,0.59));
#6404 = SURFACE_CURVE('',#6405,(#6409,#6416),.PCURVE_S1.);
#6405 = LINE('',#6406,#6407);
#6406 = CARTESIAN_POINT('',(-4.453011525819,-12.24901898638,0.59));
#6407 = VECTOR('',#6408,1.);
#6408 = DIRECTION('',(0.,0.,1.));
#6409 = PCURVE('',#363,#6410);
#6410 = DEFINITIONAL_REPRESENTATION('',(#6411),#6415);
#6411 = LINE('',#6412,#6413);
#6412 = CARTESIAN_POINT('',(0.,-0.31));
#6413 = VECTOR('',#6414,1.);
#6414 = DIRECTION('',(0.,1.));
#6415 = ( GEOMETRIC_REPRESENTATION_CONTEXT(2) 
PARAMETRIC_REPRESENTATION_CONTEXT() REPRESENTATION_CONTEXT('2D SPACE',''
  ) );
#6416 = PCURVE('',#389,#6417);
#6417 = DEFINITIONAL_REPRESENTATION('',(#6418),#6422);
#6418 = LINE('',#6419,#6420);
#6419 = CARTESIAN_POINT('',(0.692058048855,-0.31));
#6420 = VECTOR('',#6421,1.);
#6421 = DIRECTION('',(0.,1.));
#6422 = ( GEOMETRIC_REPRESENTATION_CONTEXT(2) 
PARAMETRIC_REPRESENTATION_CONTEXT() REPRESENTATION_CONTEXT('2D SPACE',''
  ) );
#6423 = ORIENTED_EDGE('',*,*,#6424,.T.);
#6424 = EDGE_CURVE('',#6402,#6304,#6425,.T.);
#6425 = SURFACE_CURVE('',#6426,(#6430,#6437),.PCURVE_S1.);
#6426 = LINE('',#6427,#6428);
#6427 = CARTESIAN_POINT('',(-4.453011525819,-12.24901898638,0.59));
#6428 = VECTOR('',#6429,1.);
#6429 = DIRECTION('',(0.309031149413,0.951051916928,0.));
#6430 = PCURVE('',#363,#6431);
#6431 = DEFINITIONAL_REPRESENTATION('',(#6432),#6436);
#6432 = LINE('',#6433,#6434);
#6433 = CARTESIAN_POINT('',(0.,-0.31));
#6434 = VECTOR('',#6435,1.);
#6435 = DIRECTION('',(1.,0.));
#6436 = ( GEOMETRIC_REPRESENTATION_CONTEXT(2) 
PARAMETRIC_REPRESENTATION_CONTEXT() REPRESENTATION_CONTEXT('2D SPACE',''
  ) );
#6437 = PCURVE('',#5580,#6438);
#6438 = DEFINITIONAL_REPRESENTATION('',(#6439),#6443);
#6439 = LINE('',#6440,#6441);
#6440 = CARTESIAN_POINT('',(0.112995009633,-1.22570408261));
#6441 = VECTOR('',#6442,1.);
#6442 = DIRECTION('',(0.309031149413,0.951051916928));
#6443 = ( GEOMETRIC_REPRESENTATION_CONTEXT(2) 
PARAMETRIC_REPRESENTATION_CONTEXT() REPRESENTATION_CONTEXT('2D SPACE',''
  ) );
#6444 = ORIENTED_EDGE('',*,*,#6303,.T.);
#6445 = ORIENTED_EDGE('',*,*,#348,.F.);
#6446 = ADVANCED_FACE('',(#6447),#571,.F.);
#6447 = FACE_BOUND('',#6448,.F.);
#6448 = EDGE_LOOP('',(#6449,#6450,#6473,#6494));
#6449 = ORIENTED_EDGE('',*,*,#6376,.F.);
#6450 = ORIENTED_EDGE('',*,*,#6451,.T.);
#6451 = EDGE_CURVE('',#6354,#6452,#6454,.T.);
#6452 = VERTEX_POINT('',#6453);
#6453 = CARTESIAN_POINT('',(-6.140953702466,-13.0433494702,0.59));
#6454 = SURFACE_CURVE('',#6455,(#6459,#6466),.PCURVE_S1.);
#6455 = LINE('',#6456,#6457);
#6456 = CARTESIAN_POINT('',(-5.826789694998,-12.42675125888,0.59));
#6457 = VECTOR('',#6458,1.);
#6458 = DIRECTION('',(-0.453980779048,-0.891011477061,0.));
#6459 = PCURVE('',#571,#6460);
#6460 = DEFINITIONAL_REPRESENTATION('',(#6461),#6465);
#6461 = LINE('',#6462,#6463);
#6462 = CARTESIAN_POINT('',(-0.,-0.31));
#6463 = VECTOR('',#6464,1.);
#6464 = DIRECTION('',(1.,0.));
#6465 = ( GEOMETRIC_REPRESENTATION_CONTEXT(2) 
PARAMETRIC_REPRESENTATION_CONTEXT() REPRESENTATION_CONTEXT('2D SPACE',''
  ) );
#6466 = PCURVE('',#5580,#6467);
#6467 = DEFINITIONAL_REPRESENTATION('',(#6468),#6472);
#6468 = LINE('',#6469,#6470);
#6469 = CARTESIAN_POINT('',(-1.260783159547,-1.403436355117));
#6470 = VECTOR('',#6471,1.);
#6471 = DIRECTION('',(-0.453980779048,-0.891011477061));
#6472 = ( GEOMETRIC_REPRESENTATION_CONTEXT(2) 
PARAMETRIC_REPRESENTATION_CONTEXT() REPRESENTATION_CONTEXT('2D SPACE',''
  ) );
#6473 = ORIENTED_EDGE('',*,*,#6474,.T.);
#6474 = EDGE_CURVE('',#6452,#531,#6475,.T.);
#6475 = SURFACE_CURVE('',#6476,(#6480,#6487),.PCURVE_S1.);
#6476 = LINE('',#6477,#6478);
#6477 = CARTESIAN_POINT('',(-6.140953702466,-13.0433494702,0.59));
#6478 = VECTOR('',#6479,1.);
#6479 = DIRECTION('',(0.,0.,1.));
#6480 = PCURVE('',#571,#6481);
#6481 = DEFINITIONAL_REPRESENTATION('',(#6482),#6486);
#6482 = LINE('',#6483,#6484);
#6483 = CARTESIAN_POINT('',(0.69202050388,-0.31));
#6484 = VECTOR('',#6485,1.);
#6485 = DIRECTION('',(0.,1.));
#6486 = ( GEOMETRIC_REPRESENTATION_CONTEXT(2) 
PARAMETRIC_REPRESENTATION_CONTEXT() REPRESENTATION_CONTEXT('2D SPACE',''
  ) );
#6487 = PCURVE('',#545,#6488);
#6488 = DEFINITIONAL_REPRESENTATION('',(#6489),#6493);
#6489 = LINE('',#6490,#6491);
#6490 = CARTESIAN_POINT('',(-0.,-0.31));
#6491 = VECTOR('',#6492,1.);
#6492 = DIRECTION('',(0.,1.));
#6493 = ( GEOMETRIC_REPRESENTATION_CONTEXT(2) 
PARAMETRIC_REPRESENTATION_CONTEXT() REPRESENTATION_CONTEXT('2D SPACE',''
  ) );
#6494 = ORIENTED_EDGE('',*,*,#556,.F.);
#6495 = ADVANCED_FACE('',(#6496),#389,.F.);
#6496 = FACE_BOUND('',#6497,.F.);
#6497 = EDGE_LOOP('',(#6498,#6521,#6542,#6543));
#6498 = ORIENTED_EDGE('',*,*,#6499,.F.);
#6499 = EDGE_CURVE('',#6500,#375,#6502,.T.);
#6500 = VERTEX_POINT('',#6501);
#6501 = CARTESIAN_POINT('',(-4.666877577397,-12.90720258915,0.59));
#6502 = SURFACE_CURVE('',#6503,(#6507,#6514),.PCURVE_S1.);
#6503 = LINE('',#6504,#6505);
#6504 = CARTESIAN_POINT('',(-4.666877577397,-12.90720258915,0.59));
#6505 = VECTOR('',#6506,1.);
#6506 = DIRECTION('',(0.,0.,1.));
#6507 = PCURVE('',#389,#6508);
#6508 = DEFINITIONAL_REPRESENTATION('',(#6509),#6513);
#6509 = LINE('',#6510,#6511);
#6510 = CARTESIAN_POINT('',(0.,-0.31));
#6511 = VECTOR('',#6512,1.);
#6512 = DIRECTION('',(0.,1.));
#6513 = ( GEOMETRIC_REPRESENTATION_CONTEXT(2) 
PARAMETRIC_REPRESENTATION_CONTEXT() REPRESENTATION_CONTEXT('2D SPACE',''
  ) );
#6514 = PCURVE('',#415,#6515);
#6515 = DEFINITIONAL_REPRESENTATION('',(#6516),#6520);
#6516 = LINE('',#6517,#6518);
#6517 = CARTESIAN_POINT('',(0.69202050388,-0.31));
#6518 = VECTOR('',#6519,1.);
#6519 = DIRECTION('',(0.,1.));
#6520 = ( GEOMETRIC_REPRESENTATION_CONTEXT(2) 
PARAMETRIC_REPRESENTATION_CONTEXT() REPRESENTATION_CONTEXT('2D SPACE',''
  ) );
#6521 = ORIENTED_EDGE('',*,*,#6522,.T.);
#6522 = EDGE_CURVE('',#6500,#6402,#6523,.T.);
#6523 = SURFACE_CURVE('',#6524,(#6528,#6535),.PCURVE_S1.);
#6524 = LINE('',#6525,#6526);
#6525 = CARTESIAN_POINT('',(-4.666877577397,-12.90720258915,0.59));
#6526 = VECTOR('',#6527,1.);
#6527 = DIRECTION('',(0.309029064733,0.951052594313,0.));
#6528 = PCURVE('',#389,#6529);
#6529 = DEFINITIONAL_REPRESENTATION('',(#6530),#6534);
#6530 = LINE('',#6531,#6532);
#6531 = CARTESIAN_POINT('',(0.,-0.31));
#6532 = VECTOR('',#6533,1.);
#6533 = DIRECTION('',(1.,0.));
#6534 = ( GEOMETRIC_REPRESENTATION_CONTEXT(2) 
PARAMETRIC_REPRESENTATION_CONTEXT() REPRESENTATION_CONTEXT('2D SPACE',''
  ) );
#6535 = PCURVE('',#5580,#6536);
#6536 = DEFINITIONAL_REPRESENTATION('',(#6537),#6541);
#6537 = LINE('',#6538,#6539);
#6538 = CARTESIAN_POINT('',(-0.100871041946,-1.883887685388));
#6539 = VECTOR('',#6540,1.);
#6540 = DIRECTION('',(0.309029064733,0.951052594313));
#6541 = ( GEOMETRIC_REPRESENTATION_CONTEXT(2) 
PARAMETRIC_REPRESENTATION_CONTEXT() REPRESENTATION_CONTEXT('2D SPACE',''
  ) );
#6542 = ORIENTED_EDGE('',*,*,#6401,.T.);
#6543 = ORIENTED_EDGE('',*,*,#374,.F.);
#6544 = ADVANCED_FACE('',(#6545),#545,.F.);
#6545 = FACE_BOUND('',#6546,.F.);
#6546 = EDGE_LOOP('',(#6547,#6548,#6571,#6592));
#6547 = ORIENTED_EDGE('',*,*,#6474,.F.);
#6548 = ORIENTED_EDGE('',*,*,#6549,.T.);
#6549 = EDGE_CURVE('',#6452,#6550,#6552,.T.);
#6550 = VERTEX_POINT('',#6551);
#6551 = CARTESIAN_POINT('',(-6.455103907632,-13.65991836186,0.59));
#6552 = SURFACE_CURVE('',#6553,(#6557,#6564),.PCURVE_S1.);
#6553 = LINE('',#6554,#6555);
#6554 = CARTESIAN_POINT('',(-6.140953702466,-13.0433494702,0.59));
#6555 = VECTOR('',#6556,1.);
#6556 = DIRECTION('',(-0.453982082822,-0.891010812772,0.));
#6557 = PCURVE('',#545,#6558);
#6558 = DEFINITIONAL_REPRESENTATION('',(#6559),#6563);
#6559 = LINE('',#6560,#6561);
#6560 = CARTESIAN_POINT('',(-0.,-0.31));
#6561 = VECTOR('',#6562,1.);
#6562 = DIRECTION('',(1.,0.));
#6563 = ( GEOMETRIC_REPRESENTATION_CONTEXT(2) 
PARAMETRIC_REPRESENTATION_CONTEXT() REPRESENTATION_CONTEXT('2D SPACE',''
  ) );
#6564 = PCURVE('',#5580,#6565);
#6565 = DEFINITIONAL_REPRESENTATION('',(#6566),#6570);
#6566 = LINE('',#6567,#6568);
#6567 = CARTESIAN_POINT('',(-1.574947167015,-2.020034566436));
#6568 = VECTOR('',#6569,1.);
#6569 = DIRECTION('',(-0.453982082822,-0.891010812772));
#6570 = ( GEOMETRIC_REPRESENTATION_CONTEXT(2) 
PARAMETRIC_REPRESENTATION_CONTEXT() REPRESENTATION_CONTEXT('2D SPACE',''
  ) );
#6571 = ORIENTED_EDGE('',*,*,#6572,.T.);
#6572 = EDGE_CURVE('',#6550,#505,#6573,.T.);
#6573 = SURFACE_CURVE('',#6574,(#6578,#6585),.PCURVE_S1.);
#6574 = LINE('',#6575,#6576);
#6575 = CARTESIAN_POINT('',(-6.455103907632,-13.65991836186,0.59));
#6576 = VECTOR('',#6577,1.);
#6577 = DIRECTION('',(0.,0.,1.));
#6578 = PCURVE('',#545,#6579);
#6579 = DEFINITIONAL_REPRESENTATION('',(#6580),#6584);
#6580 = LINE('',#6581,#6582);
#6581 = CARTESIAN_POINT('',(0.691988113745,-0.31));
#6582 = VECTOR('',#6583,1.);
#6583 = DIRECTION('',(0.,1.));
#6584 = ( GEOMETRIC_REPRESENTATION_CONTEXT(2) 
PARAMETRIC_REPRESENTATION_CONTEXT() REPRESENTATION_CONTEXT('2D SPACE',''
  ) );
#6585 = PCURVE('',#519,#6586);
#6586 = DEFINITIONAL_REPRESENTATION('',(#6587),#6591);
#6587 = LINE('',#6588,#6589);
#6588 = CARTESIAN_POINT('',(-0.,-0.31));
#6589 = VECTOR('',#6590,1.);
#6590 = DIRECTION('',(0.,1.));
#6591 = ( GEOMETRIC_REPRESENTATION_CONTEXT(2) 
PARAMETRIC_REPRESENTATION_CONTEXT() REPRESENTATION_CONTEXT('2D SPACE',''
  ) );
#6592 = ORIENTED_EDGE('',*,*,#530,.F.);
#6593 = ADVANCED_FACE('',(#6594),#415,.F.);
#6594 = FACE_BOUND('',#6595,.F.);
#6595 = EDGE_LOOP('',(#6596,#6619,#6640,#6641));
#6596 = ORIENTED_EDGE('',*,*,#6597,.F.);
#6597 = EDGE_CURVE('',#6598,#401,#6600,.T.);
#6598 = VERTEX_POINT('',#6599);
#6599 = CARTESIAN_POINT('',(-4.880730853802,-13.56535086573,0.59));
#6600 = SURFACE_CURVE('',#6601,(#6605,#6612),.PCURVE_S1.);
#6601 = LINE('',#6602,#6603);
#6602 = CARTESIAN_POINT('',(-4.880730853802,-13.56535086573,0.59));
#6603 = VECTOR('',#6604,1.);
#6604 = DIRECTION('',(0.,0.,1.));
#6605 = PCURVE('',#415,#6606);
#6606 = DEFINITIONAL_REPRESENTATION('',(#6607),#6611);
#6607 = LINE('',#6608,#6609);
#6608 = CARTESIAN_POINT('',(0.,-0.31));
#6609 = VECTOR('',#6610,1.);
#6610 = DIRECTION('',(0.,1.));
#6611 = ( GEOMETRIC_REPRESENTATION_CONTEXT(2) 
PARAMETRIC_REPRESENTATION_CONTEXT() REPRESENTATION_CONTEXT('2D SPACE',''
  ) );
#6612 = PCURVE('',#441,#6613);
#6613 = DEFINITIONAL_REPRESENTATION('',(#6614),#6618);
#6614 = LINE('',#6615,#6616);
#6615 = CARTESIAN_POINT('',(0.691988113745,-0.31));
#6616 = VECTOR('',#6617,1.);
#6617 = DIRECTION('',(0.,1.));
#6618 = ( GEOMETRIC_REPRESENTATION_CONTEXT(2) 
PARAMETRIC_REPRESENTATION_CONTEXT() REPRESENTATION_CONTEXT('2D SPACE',''
  ) );
#6619 = ORIENTED_EDGE('',*,*,#6620,.T.);
#6620 = EDGE_CURVE('',#6598,#6500,#6621,.T.);
#6621 = SURFACE_CURVE('',#6622,(#6626,#6633),.PCURVE_S1.);
#6622 = LINE('',#6623,#6624);
#6623 = CARTESIAN_POINT('',(-4.880730853802,-13.56535086573,0.59));
#6624 = VECTOR('',#6625,1.);
#6625 = DIRECTION('',(0.309027370152,0.951053144938,0.));
#6626 = PCURVE('',#415,#6627);
#6627 = DEFINITIONAL_REPRESENTATION('',(#6628),#6632);
#6628 = LINE('',#6629,#6630);
#6629 = CARTESIAN_POINT('',(0.,-0.31));
#6630 = VECTOR('',#6631,1.);
#6631 = DIRECTION('',(1.,0.));
#6632 = ( GEOMETRIC_REPRESENTATION_CONTEXT(2) 
PARAMETRIC_REPRESENTATION_CONTEXT() REPRESENTATION_CONTEXT('2D SPACE',''
  ) );
#6633 = PCURVE('',#5580,#6634);
#6634 = DEFINITIONAL_REPRESENTATION('',(#6635),#6639);
#6635 = LINE('',#6636,#6637);
#6636 = CARTESIAN_POINT('',(-0.314724318351,-2.542035961965));
#6637 = VECTOR('',#6638,1.);
#6638 = DIRECTION('',(0.309027370152,0.951053144938));
#6639 = ( GEOMETRIC_REPRESENTATION_CONTEXT(2) 
PARAMETRIC_REPRESENTATION_CONTEXT() REPRESENTATION_CONTEXT('2D SPACE',''
  ) );
#6640 = ORIENTED_EDGE('',*,*,#6499,.T.);
#6641 = ORIENTED_EDGE('',*,*,#400,.F.);
#6642 = ADVANCED_FACE('',(#6643),#519,.F.);
#6643 = FACE_BOUND('',#6644,.F.);
#6644 = EDGE_LOOP('',(#6645,#6646,#6669,#6690));
#6645 = ORIENTED_EDGE('',*,*,#6572,.F.);
#6646 = ORIENTED_EDGE('',*,*,#6647,.T.);
#6647 = EDGE_CURVE('',#6550,#6648,#6650,.T.);
#6648 = VERTEX_POINT('',#6649);
#6649 = CARTESIAN_POINT('',(-6.769242086596,-14.27646180161,0.59));
#6650 = SURFACE_CURVE('',#6651,(#6655,#6662),.PCURVE_S1.);
#6651 = LINE('',#6652,#6653);
#6652 = CARTESIAN_POINT('',(-6.455103907632,-13.65991836186,0.59));
#6653 = VECTOR('',#6654,1.);
#6654 = DIRECTION('',(-0.453983163468,-0.891010262167,0.));
#6655 = PCURVE('',#519,#6656);
#6656 = DEFINITIONAL_REPRESENTATION('',(#6657),#6661);
#6657 = LINE('',#6658,#6659);
#6658 = CARTESIAN_POINT('',(-0.,-0.31));
#6659 = VECTOR('',#6660,1.);
#6660 = DIRECTION('',(1.,0.));
#6661 = ( GEOMETRIC_REPRESENTATION_CONTEXT(2) 
PARAMETRIC_REPRESENTATION_CONTEXT() REPRESENTATION_CONTEXT('2D SPACE',''
  ) );
#6662 = PCURVE('',#5580,#6663);
#6663 = DEFINITIONAL_REPRESENTATION('',(#6664),#6668);
#6664 = LINE('',#6665,#6666);
#6665 = CARTESIAN_POINT('',(-1.889097372181,-2.636603458093));
#6666 = VECTOR('',#6667,1.);
#6667 = DIRECTION('',(-0.453983163468,-0.891010262167));
#6668 = ( GEOMETRIC_REPRESENTATION_CONTEXT(2) 
PARAMETRIC_REPRESENTATION_CONTEXT() REPRESENTATION_CONTEXT('2D SPACE',''
  ) );
#6669 = ORIENTED_EDGE('',*,*,#6670,.T.);
#6670 = EDGE_CURVE('',#6648,#479,#6671,.T.);
#6671 = SURFACE_CURVE('',#6672,(#6676,#6683),.PCURVE_S1.);
#6672 = LINE('',#6673,#6674);
#6673 = CARTESIAN_POINT('',(-6.769242086596,-14.27646180161,0.59));
#6674 = VECTOR('',#6675,1.);
#6675 = DIRECTION('',(0.,0.,1.));
#6676 = PCURVE('',#519,#6677);
#6677 = DEFINITIONAL_REPRESENTATION('',(#6678),#6682);
#6678 = LINE('',#6679,#6680);
#6679 = CARTESIAN_POINT('',(0.691959976145,-0.31));
#6680 = VECTOR('',#6681,1.);
#6681 = DIRECTION('',(0.,1.));
#6682 = ( GEOMETRIC_REPRESENTATION_CONTEXT(2) 
PARAMETRIC_REPRESENTATION_CONTEXT() REPRESENTATION_CONTEXT('2D SPACE',''
  ) );
#6683 = PCURVE('',#493,#6684);
#6684 = DEFINITIONAL_REPRESENTATION('',(#6685),#6689);
#6685 = LINE('',#6686,#6687);
#6686 = CARTESIAN_POINT('',(0.,-0.31));
#6687 = VECTOR('',#6688,1.);
#6688 = DIRECTION('',(0.,1.));
#6689 = ( GEOMETRIC_REPRESENTATION_CONTEXT(2) 
PARAMETRIC_REPRESENTATION_CONTEXT() REPRESENTATION_CONTEXT('2D SPACE',''
  ) );
#6690 = ORIENTED_EDGE('',*,*,#504,.F.);
#6691 = ADVANCED_FACE('',(#6692),#441,.F.);
#6692 = FACE_BOUND('',#6693,.F.);
#6693 = EDGE_LOOP('',(#6694,#6717,#6738,#6739));
#6694 = ORIENTED_EDGE('',*,*,#6695,.F.);
#6695 = EDGE_CURVE('',#6696,#427,#6698,.T.);
#6696 = VERTEX_POINT('',#6697);
#6697 = CARTESIAN_POINT('',(-5.094573157778,-14.22346865047,0.59));
#6698 = SURFACE_CURVE('',#6699,(#6703,#6710),.PCURVE_S1.);
#6699 = LINE('',#6700,#6701);
#6700 = CARTESIAN_POINT('',(-5.094573157778,-14.22346865047,0.59));
#6701 = VECTOR('',#6702,1.);
#6702 = DIRECTION('',(0.,0.,1.));
#6703 = PCURVE('',#441,#6704);
#6704 = DEFINITIONAL_REPRESENTATION('',(#6705),#6709);
#6705 = LINE('',#6706,#6707);
#6706 = CARTESIAN_POINT('',(0.,-0.31));
#6707 = VECTOR('',#6708,1.);
#6708 = DIRECTION('',(0.,1.));
#6709 = ( GEOMETRIC_REPRESENTATION_CONTEXT(2) 
PARAMETRIC_REPRESENTATION_CONTEXT() REPRESENTATION_CONTEXT('2D SPACE',''
  ) );
#6710 = PCURVE('',#467,#6711);
#6711 = DEFINITIONAL_REPRESENTATION('',(#6712),#6716);
#6712 = LINE('',#6713,#6714);
#6713 = CARTESIAN_POINT('',(0.691959976145,-0.31));
#6714 = VECTOR('',#6715,1.);
#6715 = DIRECTION('',(0.,1.));
#6716 = ( GEOMETRIC_REPRESENTATION_CONTEXT(2) 
PARAMETRIC_REPRESENTATION_CONTEXT() REPRESENTATION_CONTEXT('2D SPACE',''
  ) );
#6717 = ORIENTED_EDGE('',*,*,#6718,.T.);
#6718 = EDGE_CURVE('',#6696,#6598,#6719,.T.);
#6719 = SURFACE_CURVE('',#6720,(#6724,#6731),.PCURVE_S1.);
#6720 = LINE('',#6721,#6722);
#6721 = CARTESIAN_POINT('',(-5.094573157778,-14.22346865047,0.59));
#6722 = VECTOR('',#6723,1.);
#6723 = DIRECTION('',(0.309025978521,0.951053597122,0.));
#6724 = PCURVE('',#441,#6725);
#6725 = DEFINITIONAL_REPRESENTATION('',(#6726),#6730);
#6726 = LINE('',#6727,#6728);
#6727 = CARTESIAN_POINT('',(0.,-0.31));
#6728 = VECTOR('',#6729,1.);
#6729 = DIRECTION('',(1.,0.));
#6730 = ( GEOMETRIC_REPRESENTATION_CONTEXT(2) 
PARAMETRIC_REPRESENTATION_CONTEXT() REPRESENTATION_CONTEXT('2D SPACE',''
  ) );
#6731 = PCURVE('',#5580,#6732);
#6732 = DEFINITIONAL_REPRESENTATION('',(#6733),#6737);
#6733 = LINE('',#6734,#6735);
#6734 = CARTESIAN_POINT('',(-0.528566622327,-3.200153746709));
#6735 = VECTOR('',#6736,1.);
#6736 = DIRECTION('',(0.309025978521,0.951053597122));
#6737 = ( GEOMETRIC_REPRESENTATION_CONTEXT(2) 
PARAMETRIC_REPRESENTATION_CONTEXT() REPRESENTATION_CONTEXT('2D SPACE',''
  ) );
#6738 = ORIENTED_EDGE('',*,*,#6597,.T.);
#6739 = ORIENTED_EDGE('',*,*,#426,.F.);
#6740 = ADVANCED_FACE('',(#6741),#493,.F.);
#6741 = FACE_BOUND('',#6742,.F.);
#6742 = EDGE_LOOP('',(#6743,#6744,#6767,#6788));
#6743 = ORIENTED_EDGE('',*,*,#6670,.F.);
#6744 = ORIENTED_EDGE('',*,*,#6745,.T.);
#6745 = EDGE_CURVE('',#6648,#6746,#6748,.T.);
#6746 = VERTEX_POINT('',#6747);
#6747 = CARTESIAN_POINT('',(-5.308405968349,-14.8815599342,0.59));
#6748 = SURFACE_CURVE('',#6749,(#6753,#6760),.PCURVE_S1.);
#6749 = LINE('',#6750,#6751);
#6750 = CARTESIAN_POINT('',(-6.769242086596,-14.27646180161,0.59));
#6751 = VECTOR('',#6752,1.);
#6752 = DIRECTION('',(0.923879532511,-0.382683432365,0.));
#6753 = PCURVE('',#493,#6754);
#6754 = DEFINITIONAL_REPRESENTATION('',(#6755),#6759);
#6755 = LINE('',#6756,#6757);
#6756 = CARTESIAN_POINT('',(0.,-0.31));
#6757 = VECTOR('',#6758,1.);
#6758 = DIRECTION('',(1.,0.));
#6759 = ( GEOMETRIC_REPRESENTATION_CONTEXT(2) 
PARAMETRIC_REPRESENTATION_CONTEXT() REPRESENTATION_CONTEXT('2D SPACE',''
  ) );
#6760 = PCURVE('',#5580,#6761);
#6761 = DEFINITIONAL_REPRESENTATION('',(#6762),#6766);
#6762 = LINE('',#6763,#6764);
#6763 = CARTESIAN_POINT('',(-2.203235551145,-3.253146897847));
#6764 = VECTOR('',#6765,1.);
#6765 = DIRECTION('',(0.923879532511,-0.382683432365));
#6766 = ( GEOMETRIC_REPRESENTATION_CONTEXT(2) 
PARAMETRIC_REPRESENTATION_CONTEXT() REPRESENTATION_CONTEXT('2D SPACE',''
  ) );
#6767 = ORIENTED_EDGE('',*,*,#6768,.T.);
#6768 = EDGE_CURVE('',#6746,#453,#6769,.T.);
#6769 = SURFACE_CURVE('',#6770,(#6774,#6781),.PCURVE_S1.);
#6770 = LINE('',#6771,#6772);
#6771 = CARTESIAN_POINT('',(-5.308405968349,-14.8815599342,0.59));
#6772 = VECTOR('',#6773,1.);
#6773 = DIRECTION('',(0.,0.,1.));
#6774 = PCURVE('',#493,#6775);
#6775 = DEFINITIONAL_REPRESENTATION('',(#6776),#6780);
#6776 = LINE('',#6777,#6778);
#6777 = CARTESIAN_POINT('',(1.581197620296,-0.31));
#6778 = VECTOR('',#6779,1.);
#6779 = DIRECTION('',(0.,1.));
#6780 = ( GEOMETRIC_REPRESENTATION_CONTEXT(2) 
PARAMETRIC_REPRESENTATION_CONTEXT() REPRESENTATION_CONTEXT('2D SPACE',''
  ) );
#6781 = PCURVE('',#467,#6782);
#6782 = DEFINITIONAL_REPRESENTATION('',(#6783),#6787);
#6783 = LINE('',#6784,#6785);
#6784 = CARTESIAN_POINT('',(0.,-0.31));
#6785 = VECTOR('',#6786,1.);
#6786 = DIRECTION('',(0.,1.));
#6787 = ( GEOMETRIC_REPRESENTATION_CONTEXT(2) 
PARAMETRIC_REPRESENTATION_CONTEXT() REPRESENTATION_CONTEXT('2D SPACE',''
  ) );
#6788 = ORIENTED_EDGE('',*,*,#478,.F.);
#6789 = ADVANCED_FACE('',(#6790),#467,.F.);
#6790 = FACE_BOUND('',#6791,.F.);
#6791 = EDGE_LOOP('',(#6792,#6793,#6814,#6815));
#6792 = ORIENTED_EDGE('',*,*,#6768,.F.);
#6793 = ORIENTED_EDGE('',*,*,#6794,.T.);
#6794 = EDGE_CURVE('',#6746,#6696,#6795,.T.);
#6795 = SURFACE_CURVE('',#6796,(#6800,#6807),.PCURVE_S1.);
#6796 = LINE('',#6797,#6798);
#6797 = CARTESIAN_POINT('',(-5.308405968349,-14.8815599342,0.59));
#6798 = VECTOR('',#6799,1.);
#6799 = DIRECTION('',(0.309024825052,0.951053971918,0.));
#6800 = PCURVE('',#467,#6801);
#6801 = DEFINITIONAL_REPRESENTATION('',(#6802),#6806);
#6802 = LINE('',#6803,#6804);
#6803 = CARTESIAN_POINT('',(0.,-0.31));
#6804 = VECTOR('',#6805,1.);
#6805 = DIRECTION('',(1.,0.));
#6806 = ( GEOMETRIC_REPRESENTATION_CONTEXT(2) 
PARAMETRIC_REPRESENTATION_CONTEXT() REPRESENTATION_CONTEXT('2D SPACE',''
  ) );
#6807 = PCURVE('',#5580,#6808);
#6808 = DEFINITIONAL_REPRESENTATION('',(#6809),#6813);
#6809 = LINE('',#6810,#6811);
#6810 = CARTESIAN_POINT('',(-0.742399432898,-3.85824503043));
#6811 = VECTOR('',#6812,1.);
#6812 = DIRECTION('',(0.309024825052,0.951053971918));
#6813 = ( GEOMETRIC_REPRESENTATION_CONTEXT(2) 
PARAMETRIC_REPRESENTATION_CONTEXT() REPRESENTATION_CONTEXT('2D SPACE',''
  ) );
#6814 = ORIENTED_EDGE('',*,*,#6695,.T.);
#6815 = ORIENTED_EDGE('',*,*,#452,.F.);
#6816 = ADVANCED_FACE('',(#6817),#807,.F.);
#6817 = FACE_BOUND('',#6818,.F.);
#6818 = EDGE_LOOP('',(#6819,#6842,#6870,#6891));
#6819 = ORIENTED_EDGE('',*,*,#6820,.T.);
#6820 = EDGE_CURVE('',#791,#6821,#6823,.T.);
#6821 = VERTEX_POINT('',#6822);
#6822 = CARTESIAN_POINT('',(-6.981114232663,-2.741175673048,0.59));
#6823 = SURFACE_CURVE('',#6824,(#6828,#6835),.PCURVE_S1.);
#6824 = LINE('',#6825,#6826);
#6825 = CARTESIAN_POINT('',(-6.981114232663,-2.741175673048,1.21));
#6826 = VECTOR('',#6827,1.);
#6827 = DIRECTION('',(0.,0.,-1.));
#6828 = PCURVE('',#807,#6829);
#6829 = DEFINITIONAL_REPRESENTATION('',(#6830),#6834);
#6830 = LINE('',#6831,#6832);
#6831 = CARTESIAN_POINT('',(0.,0.31));
#6832 = VECTOR('',#6833,1.);
#6833 = DIRECTION('',(-0.,-1.));
#6834 = ( GEOMETRIC_REPRESENTATION_CONTEXT(2) 
PARAMETRIC_REPRESENTATION_CONTEXT() REPRESENTATION_CONTEXT('2D SPACE',''
  ) );
#6835 = PCURVE('',#833,#6836);
#6836 = DEFINITIONAL_REPRESENTATION('',(#6837),#6841);
#6837 = LINE('',#6838,#6839);
#6838 = CARTESIAN_POINT('',(0.278081313884,0.31));
#6839 = VECTOR('',#6840,1.);
#6840 = DIRECTION('',(0.,-1.));
#6841 = ( GEOMETRIC_REPRESENTATION_CONTEXT(2) 
PARAMETRIC_REPRESENTATION_CONTEXT() REPRESENTATION_CONTEXT('2D SPACE',''
  ) );
#6842 = ORIENTED_EDGE('',*,*,#6843,.T.);
#6843 = EDGE_CURVE('',#6821,#6844,#6846,.T.);
#6844 = VERTEX_POINT('',#6845);
#6845 = CARTESIAN_POINT('',(-7.639998025609,-2.955305897274,0.59));
#6846 = SURFACE_CURVE('',#6847,(#6851,#6858),.PCURVE_S1.);
#6847 = LINE('',#6848,#6849);
#6848 = CARTESIAN_POINT('',(-6.981114232663,-2.741175673048,0.59));
#6849 = VECTOR('',#6850,1.);
#6850 = DIRECTION('',(-0.951037042324,-0.30907692267,0.));
#6851 = PCURVE('',#807,#6852);
#6852 = DEFINITIONAL_REPRESENTATION('',(#6853),#6857);
#6853 = LINE('',#6854,#6855);
#6854 = CARTESIAN_POINT('',(-0.,-0.31));
#6855 = VECTOR('',#6856,1.);
#6856 = DIRECTION('',(1.,0.));
#6857 = ( GEOMETRIC_REPRESENTATION_CONTEXT(2) 
PARAMETRIC_REPRESENTATION_CONTEXT() REPRESENTATION_CONTEXT('2D SPACE',''
  ) );
#6858 = PCURVE('',#6859,#6864);
#6859 = PLANE('',#6860);
#6860 = AXIS2_PLACEMENT_3D('',#6861,#6862,#6863);
#6861 = CARTESIAN_POINT('',(-11.02331490377,-4.566006535451,0.59));
#6862 = DIRECTION('',(0.,0.,1.));
#6863 = DIRECTION('',(1.,0.,0.));
#6864 = DEFINITIONAL_REPRESENTATION('',(#6865),#6869);
#6865 = LINE('',#6866,#6867);
#6866 = CARTESIAN_POINT('',(4.042200671107,1.824830862404));
#6867 = VECTOR('',#6868,1.);
#6868 = DIRECTION('',(-0.951037042324,-0.30907692267));
#6869 = ( GEOMETRIC_REPRESENTATION_CONTEXT(2) 
PARAMETRIC_REPRESENTATION_CONTEXT() REPRESENTATION_CONTEXT('2D SPACE',''
  ) );
#6870 = ORIENTED_EDGE('',*,*,#6871,.T.);
#6871 = EDGE_CURVE('',#6844,#793,#6872,.T.);
#6872 = SURFACE_CURVE('',#6873,(#6877,#6884),.PCURVE_S1.);
#6873 = LINE('',#6874,#6875);
#6874 = CARTESIAN_POINT('',(-7.639998025609,-2.955305897274,0.59));
#6875 = VECTOR('',#6876,1.);
#6876 = DIRECTION('',(0.,0.,1.));
#6877 = PCURVE('',#807,#6878);
#6878 = DEFINITIONAL_REPRESENTATION('',(#6879),#6883);
#6879 = LINE('',#6880,#6881);
#6880 = CARTESIAN_POINT('',(0.692805604433,-0.31));
#6881 = VECTOR('',#6882,1.);
#6882 = DIRECTION('',(0.,1.));
#6883 = ( GEOMETRIC_REPRESENTATION_CONTEXT(2) 
PARAMETRIC_REPRESENTATION_CONTEXT() REPRESENTATION_CONTEXT('2D SPACE',''
  ) );
#6884 = PCURVE('',#1455,#6885);
#6885 = DEFINITIONAL_REPRESENTATION('',(#6886),#6890);
#6886 = LINE('',#6887,#6888);
#6887 = CARTESIAN_POINT('',(-0.,-0.31));
#6888 = VECTOR('',#6889,1.);
#6889 = DIRECTION('',(0.,1.));
#6890 = ( GEOMETRIC_REPRESENTATION_CONTEXT(2) 
PARAMETRIC_REPRESENTATION_CONTEXT() REPRESENTATION_CONTEXT('2D SPACE',''
  ) );
#6891 = ORIENTED_EDGE('',*,*,#790,.F.);
#6892 = ADVANCED_FACE('',(#6893),#833,.F.);
#6893 = FACE_BOUND('',#6894,.F.);
#6894 = EDGE_LOOP('',(#6895,#6918,#6939,#6940));
#6895 = ORIENTED_EDGE('',*,*,#6896,.T.);
#6896 = EDGE_CURVE('',#819,#6897,#6899,.T.);
#6897 = VERTEX_POINT('',#6898);
#6898 = CARTESIAN_POINT('',(-6.87469712099,-2.998089307319,0.59));
#6899 = SURFACE_CURVE('',#6900,(#6904,#6911),.PCURVE_S1.);
#6900 = LINE('',#6901,#6902);
#6901 = CARTESIAN_POINT('',(-6.87469712099,-2.998089307319,1.21));
#6902 = VECTOR('',#6903,1.);
#6903 = DIRECTION('',(0.,0.,-1.));
#6904 = PCURVE('',#833,#6905);
#6905 = DEFINITIONAL_REPRESENTATION('',(#6906),#6910);
#6906 = LINE('',#6907,#6908);
#6907 = CARTESIAN_POINT('',(0.,0.31));
#6908 = VECTOR('',#6909,1.);
#6909 = DIRECTION('',(0.,-1.));
#6910 = ( GEOMETRIC_REPRESENTATION_CONTEXT(2) 
PARAMETRIC_REPRESENTATION_CONTEXT() REPRESENTATION_CONTEXT('2D SPACE',''
  ) );
#6911 = PCURVE('',#859,#6912);
#6912 = DEFINITIONAL_REPRESENTATION('',(#6913),#6917);
#6913 = LINE('',#6914,#6915);
#6914 = CARTESIAN_POINT('',(0.692805604433,0.31));
#6915 = VECTOR('',#6916,1.);
#6916 = DIRECTION('',(0.,-1.));
#6917 = ( GEOMETRIC_REPRESENTATION_CONTEXT(2) 
PARAMETRIC_REPRESENTATION_CONTEXT() REPRESENTATION_CONTEXT('2D SPACE',''
  ) );
#6918 = ORIENTED_EDGE('',*,*,#6919,.T.);
#6919 = EDGE_CURVE('',#6897,#6821,#6920,.T.);
#6920 = SURFACE_CURVE('',#6921,(#6925,#6932),.PCURVE_S1.);
#6921 = LINE('',#6922,#6923);
#6922 = CARTESIAN_POINT('',(-6.87469712099,-2.998089307319,0.59));
#6923 = VECTOR('',#6924,1.);
#6924 = DIRECTION('',(-0.382683432365,0.923879532511,0.));
#6925 = PCURVE('',#833,#6926);
#6926 = DEFINITIONAL_REPRESENTATION('',(#6927),#6931);
#6927 = LINE('',#6928,#6929);
#6928 = CARTESIAN_POINT('',(0.,-0.31));
#6929 = VECTOR('',#6930,1.);
#6930 = DIRECTION('',(1.,0.));
#6931 = ( GEOMETRIC_REPRESENTATION_CONTEXT(2) 
PARAMETRIC_REPRESENTATION_CONTEXT() REPRESENTATION_CONTEXT('2D SPACE',''
  ) );
#6932 = PCURVE('',#6859,#6933);
#6933 = DEFINITIONAL_REPRESENTATION('',(#6934),#6938);
#6934 = LINE('',#6935,#6936);
#6935 = CARTESIAN_POINT('',(4.148617782781,1.567917228133));
#6936 = VECTOR('',#6937,1.);
#6937 = DIRECTION('',(-0.382683432365,0.923879532511));
#6938 = ( GEOMETRIC_REPRESENTATION_CONTEXT(2) 
PARAMETRIC_REPRESENTATION_CONTEXT() REPRESENTATION_CONTEXT('2D SPACE',''
  ) );
#6939 = ORIENTED_EDGE('',*,*,#6820,.F.);
#6940 = ORIENTED_EDGE('',*,*,#818,.F.);
#6941 = ADVANCED_FACE('',(#6942),#1455,.F.);
#6942 = FACE_BOUND('',#6943,.F.);
#6943 = EDGE_LOOP('',(#6944,#6945,#6968,#6989));
#6944 = ORIENTED_EDGE('',*,*,#6871,.F.);
#6945 = ORIENTED_EDGE('',*,*,#6946,.T.);
#6946 = EDGE_CURVE('',#6844,#6947,#6949,.T.);
#6947 = VERTEX_POINT('',#6948);
#6948 = CARTESIAN_POINT('',(-8.298716285316,-3.169372039844,0.59));
#6949 = SURFACE_CURVE('',#6950,(#6954,#6961),.PCURVE_S1.);
#6950 = LINE('',#6951,#6952);
#6951 = CARTESIAN_POINT('',(-7.639998025609,-2.955305897274,0.59));
#6952 = VECTOR('',#6953,1.);
#6953 = DIRECTION('',(-0.951041407115,-0.309063491782,0.));
#6954 = PCURVE('',#1455,#6955);
#6955 = DEFINITIONAL_REPRESENTATION('',(#6956),#6960);
#6956 = LINE('',#6957,#6958);
#6957 = CARTESIAN_POINT('',(-0.,-0.31));
#6958 = VECTOR('',#6959,1.);
#6959 = DIRECTION('',(1.,0.));
#6960 = ( GEOMETRIC_REPRESENTATION_CONTEXT(2) 
PARAMETRIC_REPRESENTATION_CONTEXT() REPRESENTATION_CONTEXT('2D SPACE',''
  ) );
#6961 = PCURVE('',#6859,#6962);
#6962 = DEFINITIONAL_REPRESENTATION('',(#6963),#6967);
#6963 = LINE('',#6964,#6965);
#6964 = CARTESIAN_POINT('',(3.383316878161,1.610700638177));
#6965 = VECTOR('',#6966,1.);
#6966 = DIRECTION('',(-0.951041407115,-0.309063491782));
#6967 = ( GEOMETRIC_REPRESENTATION_CONTEXT(2) 
PARAMETRIC_REPRESENTATION_CONTEXT() REPRESENTATION_CONTEXT('2D SPACE',''
  ) );
#6968 = ORIENTED_EDGE('',*,*,#6969,.T.);
#6969 = EDGE_CURVE('',#6947,#1417,#6970,.T.);
#6970 = SURFACE_CURVE('',#6971,(#6975,#6982),.PCURVE_S1.);
#6971 = LINE('',#6972,#6973);
#6972 = CARTESIAN_POINT('',(-8.298716285316,-3.169372039844,0.59));
#6973 = VECTOR('',#6974,1.);
#6974 = DIRECTION('',(0.,0.,1.));
#6975 = PCURVE('',#1455,#6976);
#6976 = DEFINITIONAL_REPRESENTATION('',(#6977),#6981);
#6977 = LINE('',#6978,#6979);
#6978 = CARTESIAN_POINT('',(0.692628370099,-0.31));
#6979 = VECTOR('',#6980,1.);
#6980 = DIRECTION('',(0.,1.));
#6981 = ( GEOMETRIC_REPRESENTATION_CONTEXT(2) 
PARAMETRIC_REPRESENTATION_CONTEXT() REPRESENTATION_CONTEXT('2D SPACE',''
  ) );
#6982 = PCURVE('',#1431,#6983);
#6983 = DEFINITIONAL_REPRESENTATION('',(#6984),#6988);
#6984 = LINE('',#6985,#6986);
#6985 = CARTESIAN_POINT('',(-0.,-0.31));
#6986 = VECTOR('',#6987,1.);
#6987 = DIRECTION('',(0.,1.));
#6988 = ( GEOMETRIC_REPRESENTATION_CONTEXT(2) 
PARAMETRIC_REPRESENTATION_CONTEXT() REPRESENTATION_CONTEXT('2D SPACE',''
  ) );
#6989 = ORIENTED_EDGE('',*,*,#1442,.F.);
#6990 = ADVANCED_FACE('',(#6991),#859,.F.);
#6991 = FACE_BOUND('',#6992,.F.);
#6992 = EDGE_LOOP('',(#6993,#7016,#7037,#7038));
#6993 = ORIENTED_EDGE('',*,*,#6994,.T.);
#6994 = EDGE_CURVE('',#845,#6995,#6997,.T.);
#6995 = VERTEX_POINT('',#6996);
#6996 = CARTESIAN_POINT('',(-7.492011252603,-3.312577571717,0.59));
#6997 = SURFACE_CURVE('',#6998,(#7002,#7009),.PCURVE_S1.);
#6998 = LINE('',#6999,#7000);
#6999 = CARTESIAN_POINT('',(-7.492011252603,-3.312577571717,1.21));
#7000 = VECTOR('',#7001,1.);
#7001 = DIRECTION('',(0.,0.,-1.));
#7002 = PCURVE('',#859,#7003);
#7003 = DEFINITIONAL_REPRESENTATION('',(#7004),#7008);
#7004 = LINE('',#7005,#7006);
#7005 = CARTESIAN_POINT('',(0.,0.31));
#7006 = VECTOR('',#7007,1.);
#7007 = DIRECTION('',(0.,-1.));
#7008 = ( GEOMETRIC_REPRESENTATION_CONTEXT(2) 
PARAMETRIC_REPRESENTATION_CONTEXT() REPRESENTATION_CONTEXT('2D SPACE',''
  ) );
#7009 = PCURVE('',#885,#7010);
#7010 = DEFINITIONAL_REPRESENTATION('',(#7011),#7015);
#7011 = LINE('',#7012,#7013);
#7012 = CARTESIAN_POINT('',(0.692628370099,0.31));
#7013 = VECTOR('',#7014,1.);
#7014 = DIRECTION('',(0.,-1.));
#7015 = ( GEOMETRIC_REPRESENTATION_CONTEXT(2) 
PARAMETRIC_REPRESENTATION_CONTEXT() REPRESENTATION_CONTEXT('2D SPACE',''
  ) );
#7016 = ORIENTED_EDGE('',*,*,#7017,.T.);
#7017 = EDGE_CURVE('',#6995,#6897,#7018,.T.);
#7018 = SURFACE_CURVE('',#7019,(#7023,#7030),.PCURVE_S1.);
#7019 = LINE('',#7020,#7021);
#7020 = CARTESIAN_POINT('',(-7.492011252603,-3.312577571717,0.59));
#7021 = VECTOR('',#7022,1.);
#7022 = DIRECTION('',(0.891035129715,0.453934353859,0.));
#7023 = PCURVE('',#859,#7024);
#7024 = DEFINITIONAL_REPRESENTATION('',(#7025),#7029);
#7025 = LINE('',#7026,#7027);
#7026 = CARTESIAN_POINT('',(0.,-0.31));
#7027 = VECTOR('',#7028,1.);
#7028 = DIRECTION('',(1.,0.));
#7029 = ( GEOMETRIC_REPRESENTATION_CONTEXT(2) 
PARAMETRIC_REPRESENTATION_CONTEXT() REPRESENTATION_CONTEXT('2D SPACE',''
  ) );
#7030 = PCURVE('',#6859,#7031);
#7031 = DEFINITIONAL_REPRESENTATION('',(#7032),#7036);
#7032 = LINE('',#7033,#7034);
#7033 = CARTESIAN_POINT('',(3.531303651167,1.253428963734));
#7034 = VECTOR('',#7035,1.);
#7035 = DIRECTION('',(0.891035129715,0.453934353859));
#7036 = ( GEOMETRIC_REPRESENTATION_CONTEXT(2) 
PARAMETRIC_REPRESENTATION_CONTEXT() REPRESENTATION_CONTEXT('2D SPACE',''
  ) );
#7037 = ORIENTED_EDGE('',*,*,#6896,.F.);
#7038 = ORIENTED_EDGE('',*,*,#844,.F.);
#7039 = ADVANCED_FACE('',(#7040),#1431,.F.);
#7040 = FACE_BOUND('',#7041,.F.);
#7041 = EDGE_LOOP('',(#7042,#7043,#7066,#7087));
#7042 = ORIENTED_EDGE('',*,*,#6969,.F.);
#7043 = ORIENTED_EDGE('',*,*,#7044,.T.);
#7044 = EDGE_CURVE('',#6947,#7045,#7047,.T.);
#7045 = VERTEX_POINT('',#7046);
#7046 = CARTESIAN_POINT('',(-8.957304668121,-3.383388550324,0.59));
#7047 = SURFACE_CURVE('',#7048,(#7052,#7059),.PCURVE_S1.);
#7048 = LINE('',#7049,#7050);
#7049 = CARTESIAN_POINT('',(-8.298716285316,-3.169372039844,0.59));
#7050 = VECTOR('',#7051,1.);
#7051 = DIRECTION('',(-0.951044558875,-0.309053793106,0.));
#7052 = PCURVE('',#1431,#7053);
#7053 = DEFINITIONAL_REPRESENTATION('',(#7054),#7058);
#7054 = LINE('',#7055,#7056);
#7055 = CARTESIAN_POINT('',(-0.,-0.31));
#7056 = VECTOR('',#7057,1.);
#7057 = DIRECTION('',(1.,0.));
#7058 = ( GEOMETRIC_REPRESENTATION_CONTEXT(2) 
PARAMETRIC_REPRESENTATION_CONTEXT() REPRESENTATION_CONTEXT('2D SPACE',''
  ) );
#7059 = PCURVE('',#6859,#7060);
#7060 = DEFINITIONAL_REPRESENTATION('',(#7061),#7065);
#7061 = LINE('',#7062,#7063);
#7062 = CARTESIAN_POINT('',(2.724598618454,1.396634495607));
#7063 = VECTOR('',#7064,1.);
#7064 = DIRECTION('',(-0.951044558875,-0.309053793106));
#7065 = ( GEOMETRIC_REPRESENTATION_CONTEXT(2) 
PARAMETRIC_REPRESENTATION_CONTEXT() REPRESENTATION_CONTEXT('2D SPACE',''
  ) );
#7066 = ORIENTED_EDGE('',*,*,#7067,.T.);
#7067 = EDGE_CURVE('',#7045,#1391,#7068,.T.);
#7068 = SURFACE_CURVE('',#7069,(#7073,#7080),.PCURVE_S1.);
#7069 = LINE('',#7070,#7071);
#7070 = CARTESIAN_POINT('',(-8.957304668121,-3.383388550324,0.59));
#7071 = VECTOR('',#7072,1.);
#7072 = DIRECTION('',(0.,0.,1.));
#7073 = PCURVE('',#1431,#7074);
#7074 = DEFINITIONAL_REPRESENTATION('',(#7075),#7079);
#7075 = LINE('',#7076,#7077);
#7076 = CARTESIAN_POINT('',(0.692489512356,-0.31));
#7077 = VECTOR('',#7078,1.);
#7078 = DIRECTION('',(0.,1.));
#7079 = ( GEOMETRIC_REPRESENTATION_CONTEXT(2) 
PARAMETRIC_REPRESENTATION_CONTEXT() REPRESENTATION_CONTEXT('2D SPACE',''
  ) );
#7080 = PCURVE('',#1405,#7081);
#7081 = DEFINITIONAL_REPRESENTATION('',(#7082),#7086);
#7082 = LINE('',#7083,#7084);
#7083 = CARTESIAN_POINT('',(-0.,-0.31));
#7084 = VECTOR('',#7085,1.);
#7085 = DIRECTION('',(0.,1.));
#7086 = ( GEOMETRIC_REPRESENTATION_CONTEXT(2) 
PARAMETRIC_REPRESENTATION_CONTEXT() REPRESENTATION_CONTEXT('2D SPACE',''
  ) );
#7087 = ORIENTED_EDGE('',*,*,#1416,.F.);
#7088 = ADVANCED_FACE('',(#7089),#885,.F.);
#7089 = FACE_BOUND('',#7090,.F.);
#7090 = EDGE_LOOP('',(#7091,#7114,#7135,#7136));
#7091 = ORIENTED_EDGE('',*,*,#7092,.F.);
#7092 = EDGE_CURVE('',#7093,#871,#7095,.T.);
#7093 = VERTEX_POINT('',#7094);
#7094 = CARTESIAN_POINT('',(-8.109163021967,-3.626994099013,0.59));
#7095 = SURFACE_CURVE('',#7096,(#7100,#7107),.PCURVE_S1.);
#7096 = LINE('',#7097,#7098);
#7097 = CARTESIAN_POINT('',(-8.109163021967,-3.626994099013,0.59));
#7098 = VECTOR('',#7099,1.);
#7099 = DIRECTION('',(0.,0.,1.));
#7100 = PCURVE('',#885,#7101);
#7101 = DEFINITIONAL_REPRESENTATION('',(#7102),#7106);
#7102 = LINE('',#7103,#7104);
#7103 = CARTESIAN_POINT('',(0.,-0.31));
#7104 = VECTOR('',#7105,1.);
#7105 = DIRECTION('',(0.,1.));
#7106 = ( GEOMETRIC_REPRESENTATION_CONTEXT(2) 
PARAMETRIC_REPRESENTATION_CONTEXT() REPRESENTATION_CONTEXT('2D SPACE',''
  ) );
#7107 = PCURVE('',#911,#7108);
#7108 = DEFINITIONAL_REPRESENTATION('',(#7109),#7113);
#7109 = LINE('',#7110,#7111);
#7110 = CARTESIAN_POINT('',(0.692489512356,-0.31));
#7111 = VECTOR('',#7112,1.);
#7112 = DIRECTION('',(0.,1.));
#7113 = ( GEOMETRIC_REPRESENTATION_CONTEXT(2) 
PARAMETRIC_REPRESENTATION_CONTEXT() REPRESENTATION_CONTEXT('2D SPACE',''
  ) );
#7114 = ORIENTED_EDGE('',*,*,#7115,.T.);
#7115 = EDGE_CURVE('',#7093,#6995,#7116,.T.);
#7116 = SURFACE_CURVE('',#7117,(#7121,#7128),.PCURVE_S1.);
#7117 = LINE('',#7118,#7119);
#7118 = CARTESIAN_POINT('',(-8.109163021967,-3.626994099013,0.59));
#7119 = VECTOR('',#7120,1.);
#7120 = DIRECTION('',(0.891028719016,0.453946937304,0.));
#7121 = PCURVE('',#885,#7122);
#7122 = DEFINITIONAL_REPRESENTATION('',(#7123),#7127);
#7123 = LINE('',#7124,#7125);
#7124 = CARTESIAN_POINT('',(0.,-0.31));
#7125 = VECTOR('',#7126,1.);
#7126 = DIRECTION('',(1.,0.));
#7127 = ( GEOMETRIC_REPRESENTATION_CONTEXT(2) 
PARAMETRIC_REPRESENTATION_CONTEXT() REPRESENTATION_CONTEXT('2D SPACE',''
  ) );
#7128 = PCURVE('',#6859,#7129);
#7129 = DEFINITIONAL_REPRESENTATION('',(#7130),#7134);
#7130 = LINE('',#7131,#7132);
#7131 = CARTESIAN_POINT('',(2.914151881804,0.939012436438));
#7132 = VECTOR('',#7133,1.);
#7133 = DIRECTION('',(0.891028719016,0.453946937304));
#7134 = ( GEOMETRIC_REPRESENTATION_CONTEXT(2) 
PARAMETRIC_REPRESENTATION_CONTEXT() REPRESENTATION_CONTEXT('2D SPACE',''
  ) );
#7135 = ORIENTED_EDGE('',*,*,#6994,.F.);
#7136 = ORIENTED_EDGE('',*,*,#870,.F.);
#7137 = ADVANCED_FACE('',(#7138),#1405,.F.);
#7138 = FACE_BOUND('',#7139,.F.);
#7139 = EDGE_LOOP('',(#7140,#7141,#7164,#7185));
#7140 = ORIENTED_EDGE('',*,*,#7067,.F.);
#7141 = ORIENTED_EDGE('',*,*,#7142,.T.);
#7142 = EDGE_CURVE('',#7045,#7143,#7145,.T.);
#7143 = VERTEX_POINT('',#7144);
#7144 = CARTESIAN_POINT('',(-9.61578927761,-3.597365843647,0.59));
#7145 = SURFACE_CURVE('',#7146,(#7150,#7157),.PCURVE_S1.);
#7146 = LINE('',#7147,#7148);
#7147 = CARTESIAN_POINT('',(-8.957304668121,-3.383388550324,0.59));
#7148 = VECTOR('',#7149,1.);
#7149 = DIRECTION('',(-0.951046891431,-0.30904661509,0.));
#7150 = PCURVE('',#1405,#7151);
#7151 = DEFINITIONAL_REPRESENTATION('',(#7152),#7156);
#7152 = LINE('',#7153,#7154);
#7153 = CARTESIAN_POINT('',(-0.,-0.31));
#7154 = VECTOR('',#7155,1.);
#7155 = DIRECTION('',(1.,0.));
#7156 = ( GEOMETRIC_REPRESENTATION_CONTEXT(2) 
PARAMETRIC_REPRESENTATION_CONTEXT() REPRESENTATION_CONTEXT('2D SPACE',''
  ) );
#7157 = PCURVE('',#6859,#7158);
#7158 = DEFINITIONAL_REPRESENTATION('',(#7159),#7163);
#7159 = LINE('',#7160,#7161);
#7160 = CARTESIAN_POINT('',(2.06601023565,1.182617985127));
#7161 = VECTOR('',#7162,1.);
#7162 = DIRECTION('',(-0.951046891431,-0.30904661509));
#7163 = ( GEOMETRIC_REPRESENTATION_CONTEXT(2) 
PARAMETRIC_REPRESENTATION_CONTEXT() REPRESENTATION_CONTEXT('2D SPACE',''
  ) );
#7164 = ORIENTED_EDGE('',*,*,#7165,.T.);
#7165 = EDGE_CURVE('',#7143,#1365,#7166,.T.);
#7166 = SURFACE_CURVE('',#7167,(#7171,#7178),.PCURVE_S1.);
#7167 = LINE('',#7168,#7169);
#7168 = CARTESIAN_POINT('',(-9.61578927761,-3.597365843647,0.59));
#7169 = VECTOR('',#7170,1.);
#7170 = DIRECTION('',(0.,0.,1.));
#7171 = PCURVE('',#1405,#7172);
#7172 = DEFINITIONAL_REPRESENTATION('',(#7173),#7177);
#7173 = LINE('',#7174,#7175);
#7174 = CARTESIAN_POINT('',(0.692378699118,-0.31));
#7175 = VECTOR('',#7176,1.);
#7176 = DIRECTION('',(0.,1.));
#7177 = ( GEOMETRIC_REPRESENTATION_CONTEXT(2) 
PARAMETRIC_REPRESENTATION_CONTEXT() REPRESENTATION_CONTEXT('2D SPACE',''
  ) );
#7178 = PCURVE('',#1379,#7179);
#7179 = DEFINITIONAL_REPRESENTATION('',(#7180),#7184);
#7180 = LINE('',#7181,#7182);
#7181 = CARTESIAN_POINT('',(-0.,-0.31));
#7182 = VECTOR('',#7183,1.);
#7183 = DIRECTION('',(0.,1.));
#7184 = ( GEOMETRIC_REPRESENTATION_CONTEXT(2) 
PARAMETRIC_REPRESENTATION_CONTEXT() REPRESENTATION_CONTEXT('2D SPACE',''
  ) );
#7185 = ORIENTED_EDGE('',*,*,#1390,.F.);
#7186 = ADVANCED_FACE('',(#7187),#911,.F.);
#7187 = FACE_BOUND('',#7188,.F.);
#7188 = EDGE_LOOP('',(#7189,#7212,#7233,#7234));
#7189 = ORIENTED_EDGE('',*,*,#7190,.F.);
#7190 = EDGE_CURVE('',#7191,#897,#7193,.T.);
#7191 = VERTEX_POINT('',#7192);
#7192 = CARTESIAN_POINT('',(-8.726187859305,-3.941353884659,0.59));
#7193 = SURFACE_CURVE('',#7194,(#7198,#7205),.PCURVE_S1.);
#7194 = LINE('',#7195,#7196);
#7195 = CARTESIAN_POINT('',(-8.726187859305,-3.941353884659,0.59));
#7196 = VECTOR('',#7197,1.);
#7197 = DIRECTION('',(0.,0.,1.));
#7198 = PCURVE('',#911,#7199);
#7199 = DEFINITIONAL_REPRESENTATION('',(#7200),#7204);
#7200 = LINE('',#7201,#7202);
#7201 = CARTESIAN_POINT('',(0.,-0.31));
#7202 = VECTOR('',#7203,1.);
#7203 = DIRECTION('',(0.,1.));
#7204 = ( GEOMETRIC_REPRESENTATION_CONTEXT(2) 
PARAMETRIC_REPRESENTATION_CONTEXT() REPRESENTATION_CONTEXT('2D SPACE',''
  ) );
#7205 = PCURVE('',#937,#7206);
#7206 = DEFINITIONAL_REPRESENTATION('',(#7207),#7211);
#7207 = LINE('',#7208,#7209);
#7208 = CARTESIAN_POINT('',(0.692378699118,-0.31));
#7209 = VECTOR('',#7210,1.);
#7210 = DIRECTION('',(0.,1.));
#7211 = ( GEOMETRIC_REPRESENTATION_CONTEXT(2) 
PARAMETRIC_REPRESENTATION_CONTEXT() REPRESENTATION_CONTEXT('2D SPACE',''
  ) );
#7212 = ORIENTED_EDGE('',*,*,#7213,.T.);
#7213 = EDGE_CURVE('',#7191,#7093,#7214,.T.);
#7214 = SURFACE_CURVE('',#7215,(#7219,#7226),.PCURVE_S1.);
#7215 = LINE('',#7216,#7217);
#7216 = CARTESIAN_POINT('',(-8.726187859305,-3.941353884659,0.59));
#7217 = VECTOR('',#7218,1.);
#7218 = DIRECTION('',(0.891024089648,0.453956023935,0.));
#7219 = PCURVE('',#911,#7220);
#7220 = DEFINITIONAL_REPRESENTATION('',(#7221),#7225);
#7221 = LINE('',#7222,#7223);
#7222 = CARTESIAN_POINT('',(0.,-0.31));
#7223 = VECTOR('',#7224,1.);
#7224 = DIRECTION('',(1.,0.));
#7225 = ( GEOMETRIC_REPRESENTATION_CONTEXT(2) 
PARAMETRIC_REPRESENTATION_CONTEXT() REPRESENTATION_CONTEXT('2D SPACE',''
  ) );
#7226 = PCURVE('',#6859,#7227);
#7227 = DEFINITIONAL_REPRESENTATION('',(#7228),#7232);
#7228 = LINE('',#7229,#7230);
#7229 = CARTESIAN_POINT('',(2.297127044465,0.624652650792));
#7230 = VECTOR('',#7231,1.);
#7231 = DIRECTION('',(0.891024089648,0.453956023935));
#7232 = ( GEOMETRIC_REPRESENTATION_CONTEXT(2) 
PARAMETRIC_REPRESENTATION_CONTEXT() REPRESENTATION_CONTEXT('2D SPACE',''
  ) );
#7233 = ORIENTED_EDGE('',*,*,#7092,.T.);
#7234 = ORIENTED_EDGE('',*,*,#896,.F.);
#7235 = ADVANCED_FACE('',(#7236),#1379,.F.);
#7236 = FACE_BOUND('',#7237,.F.);
#7237 = EDGE_LOOP('',(#7238,#7239,#7262,#7283));
#7238 = ORIENTED_EDGE('',*,*,#7165,.F.);
#7239 = ORIENTED_EDGE('',*,*,#7240,.T.);
#7240 = EDGE_CURVE('',#7143,#7241,#7243,.T.);
#7241 = VERTEX_POINT('',#7242);
#7242 = CARTESIAN_POINT('',(-10.2741896624,-3.81131161485,0.59));
#7243 = SURFACE_CURVE('',#7244,(#7248,#7255),.PCURVE_S1.);
#7244 = LINE('',#7245,#7246);
#7245 = CARTESIAN_POINT('',(-9.61578927761,-3.597365843647,0.59));
#7246 = VECTOR('',#7247,1.);
#7247 = DIRECTION('',(-0.951048654593,-0.309041189159,0.));
#7248 = PCURVE('',#1379,#7249);
#7249 = DEFINITIONAL_REPRESENTATION('',(#7250),#7254);
#7250 = LINE('',#7251,#7252);
#7251 = CARTESIAN_POINT('',(-0.,-0.31));
#7252 = VECTOR('',#7253,1.);
#7253 = DIRECTION('',(1.,0.));
#7254 = ( GEOMETRIC_REPRESENTATION_CONTEXT(2) 
PARAMETRIC_REPRESENTATION_CONTEXT() REPRESENTATION_CONTEXT('2D SPACE',''
  ) );
#7255 = PCURVE('',#6859,#7256);
#7256 = DEFINITIONAL_REPRESENTATION('',(#7257),#7261);
#7257 = LINE('',#7258,#7259);
#7258 = CARTESIAN_POINT('',(1.40752562616,0.968640691804));
#7259 = VECTOR('',#7260,1.);
#7260 = DIRECTION('',(-0.951048654593,-0.309041189159));
#7261 = ( GEOMETRIC_REPRESENTATION_CONTEXT(2) 
PARAMETRIC_REPRESENTATION_CONTEXT() REPRESENTATION_CONTEXT('2D SPACE',''
  ) );
#7262 = ORIENTED_EDGE('',*,*,#7263,.T.);
#7263 = EDGE_CURVE('',#7241,#1339,#7264,.T.);
#7264 = SURFACE_CURVE('',#7265,(#7269,#7276),.PCURVE_S1.);
#7265 = LINE('',#7266,#7267);
#7266 = CARTESIAN_POINT('',(-10.2741896624,-3.81131161485,0.59));
#7267 = VECTOR('',#7268,1.);
#7268 = DIRECTION('',(0.,0.,1.));
#7269 = PCURVE('',#1379,#7270);
#7270 = DEFINITIONAL_REPRESENTATION('',(#7271),#7275);
#7271 = LINE('',#7272,#7273);
#7272 = CARTESIAN_POINT('',(0.692288855685,-0.31));
#7273 = VECTOR('',#7274,1.);
#7274 = DIRECTION('',(0.,1.));
#7275 = ( GEOMETRIC_REPRESENTATION_CONTEXT(2) 
PARAMETRIC_REPRESENTATION_CONTEXT() REPRESENTATION_CONTEXT('2D SPACE',''
  ) );
#7276 = PCURVE('',#1353,#7277);
#7277 = DEFINITIONAL_REPRESENTATION('',(#7278),#7282);
#7278 = LINE('',#7279,#7280);
#7279 = CARTESIAN_POINT('',(-0.,-0.31));
#7280 = VECTOR('',#7281,1.);
#7281 = DIRECTION('',(0.,1.));
#7282 = ( GEOMETRIC_REPRESENTATION_CONTEXT(2) 
PARAMETRIC_REPRESENTATION_CONTEXT() REPRESENTATION_CONTEXT('2D SPACE',''
  ) );
#7283 = ORIENTED_EDGE('',*,*,#1364,.F.);
#7284 = ADVANCED_FACE('',(#7285),#937,.F.);
#7285 = FACE_BOUND('',#7286,.F.);
#7286 = EDGE_LOOP('',(#7287,#7310,#7331,#7332));
#7287 = ORIENTED_EDGE('',*,*,#7288,.F.);
#7288 = EDGE_CURVE('',#7289,#923,#7291,.T.);
#7289 = VERTEX_POINT('',#7290);
#7290 = CARTESIAN_POINT('',(-9.343111587111,-4.255668022207,0.59));
#7291 = SURFACE_CURVE('',#7292,(#7296,#7303),.PCURVE_S1.);
#7292 = LINE('',#7293,#7294);
#7293 = CARTESIAN_POINT('',(-9.343111587111,-4.255668022207,0.59));
#7294 = VECTOR('',#7295,1.);
#7295 = DIRECTION('',(0.,0.,1.));
#7296 = PCURVE('',#937,#7297);
#7297 = DEFINITIONAL_REPRESENTATION('',(#7298),#7302);
#7298 = LINE('',#7299,#7300);
#7299 = CARTESIAN_POINT('',(0.,-0.31));
#7300 = VECTOR('',#7301,1.);
#7301 = DIRECTION('',(0.,1.));
#7302 = ( GEOMETRIC_REPRESENTATION_CONTEXT(2) 
PARAMETRIC_REPRESENTATION_CONTEXT() REPRESENTATION_CONTEXT('2D SPACE',''
  ) );
#7303 = PCURVE('',#963,#7304);
#7304 = DEFINITIONAL_REPRESENTATION('',(#7305),#7309);
#7305 = LINE('',#7306,#7307);
#7306 = CARTESIAN_POINT('',(0.692288855685,-0.31));
#7307 = VECTOR('',#7308,1.);
#7308 = DIRECTION('',(0.,1.));
#7309 = ( GEOMETRIC_REPRESENTATION_CONTEXT(2) 
PARAMETRIC_REPRESENTATION_CONTEXT() REPRESENTATION_CONTEXT('2D SPACE',''
  ) );
#7310 = ORIENTED_EDGE('',*,*,#7311,.T.);
#7311 = EDGE_CURVE('',#7289,#7191,#7312,.T.);
#7312 = SURFACE_CURVE('',#7313,(#7317,#7324),.PCURVE_S1.);
#7313 = LINE('',#7314,#7315);
#7314 = CARTESIAN_POINT('',(-9.343111587111,-4.255668022207,0.59));
#7315 = VECTOR('',#7316,1.);
#7316 = DIRECTION('',(0.891020663391,0.453962748924,0.));
#7317 = PCURVE('',#937,#7318);
#7318 = DEFINITIONAL_REPRESENTATION('',(#7319),#7323);
#7319 = LINE('',#7320,#7321);
#7320 = CARTESIAN_POINT('',(0.,-0.31));
#7321 = VECTOR('',#7322,1.);
#7322 = DIRECTION('',(1.,0.));
#7323 = ( GEOMETRIC_REPRESENTATION_CONTEXT(2) 
PARAMETRIC_REPRESENTATION_CONTEXT() REPRESENTATION_CONTEXT('2D SPACE',''
  ) );
#7324 = PCURVE('',#6859,#7325);
#7325 = DEFINITIONAL_REPRESENTATION('',(#7326),#7330);
#7326 = LINE('',#7327,#7328);
#7327 = CARTESIAN_POINT('',(1.68020331666,0.310338513244));
#7328 = VECTOR('',#7329,1.);
#7329 = DIRECTION('',(0.891020663391,0.453962748924));
#7330 = ( GEOMETRIC_REPRESENTATION_CONTEXT(2) 
PARAMETRIC_REPRESENTATION_CONTEXT() REPRESENTATION_CONTEXT('2D SPACE',''
  ) );
#7331 = ORIENTED_EDGE('',*,*,#7190,.T.);
#7332 = ORIENTED_EDGE('',*,*,#922,.F.);
#7333 = ADVANCED_FACE('',(#7334),#1353,.F.);
#7334 = FACE_BOUND('',#7335,.F.);
#7335 = EDGE_LOOP('',(#7336,#7337,#7360,#7381));
#7336 = ORIENTED_EDGE('',*,*,#7263,.F.);
#7337 = ORIENTED_EDGE('',*,*,#7338,.T.);
#7338 = EDGE_CURVE('',#7241,#7339,#7341,.T.);
#7339 = VERTEX_POINT('',#7340);
#7340 = CARTESIAN_POINT('',(-10.93252075185,-4.025231671634,0.59));
#7341 = SURFACE_CURVE('',#7342,(#7346,#7353),.PCURVE_S1.);
#7342 = LINE('',#7343,#7344);
#7343 = CARTESIAN_POINT('',(-10.2741896624,-3.81131161485,0.59));
#7344 = VECTOR('',#7345,1.);
#7345 = DIRECTION('',(-0.951050012045,-0.309037011681,0.));
#7346 = PCURVE('',#1353,#7347);
#7347 = DEFINITIONAL_REPRESENTATION('',(#7348),#7352);
#7348 = LINE('',#7349,#7350);
#7349 = CARTESIAN_POINT('',(-0.,-0.31));
#7350 = VECTOR('',#7351,1.);
#7351 = DIRECTION('',(1.,0.));
#7352 = ( GEOMETRIC_REPRESENTATION_CONTEXT(2) 
PARAMETRIC_REPRESENTATION_CONTEXT() REPRESENTATION_CONTEXT('2D SPACE',''
  ) );
#7353 = PCURVE('',#6859,#7354);
#7354 = DEFINITIONAL_REPRESENTATION('',(#7355),#7359);
#7355 = LINE('',#7356,#7357);
#7356 = CARTESIAN_POINT('',(0.749125241371,0.754694920602));
#7357 = VECTOR('',#7358,1.);
#7358 = DIRECTION('',(-0.951050012045,-0.309037011681));
#7359 = ( GEOMETRIC_REPRESENTATION_CONTEXT(2) 
PARAMETRIC_REPRESENTATION_CONTEXT() REPRESENTATION_CONTEXT('2D SPACE',''
  ) );
#7360 = ORIENTED_EDGE('',*,*,#7361,.T.);
#7361 = EDGE_CURVE('',#7339,#1313,#7362,.T.);
#7362 = SURFACE_CURVE('',#7363,(#7367,#7374),.PCURVE_S1.);
#7363 = LINE('',#7364,#7365);
#7364 = CARTESIAN_POINT('',(-10.93252075185,-4.025231671634,0.59));
#7365 = VECTOR('',#7366,1.);
#7366 = DIRECTION('',(0.,0.,1.));
#7367 = PCURVE('',#1353,#7368);
#7368 = DEFINITIONAL_REPRESENTATION('',(#7369),#7373);
#7369 = LINE('',#7370,#7371);
#7370 = CARTESIAN_POINT('',(0.692215005641,-0.31));
#7371 = VECTOR('',#7372,1.);
#7372 = DIRECTION('',(0.,1.));
#7373 = ( GEOMETRIC_REPRESENTATION_CONTEXT(2) 
PARAMETRIC_REPRESENTATION_CONTEXT() REPRESENTATION_CONTEXT('2D SPACE',''
  ) );
#7374 = PCURVE('',#1327,#7375);
#7375 = DEFINITIONAL_REPRESENTATION('',(#7376),#7380);
#7376 = LINE('',#7377,#7378);
#7377 = CARTESIAN_POINT('',(-0.,-0.31));
#7378 = VECTOR('',#7379,1.);
#7379 = DIRECTION('',(0.,1.));
#7380 = ( GEOMETRIC_REPRESENTATION_CONTEXT(2) 
PARAMETRIC_REPRESENTATION_CONTEXT() REPRESENTATION_CONTEXT('2D SPACE',''
  ) );
#7381 = ORIENTED_EDGE('',*,*,#1338,.F.);
#7382 = ADVANCED_FACE('',(#7383),#963,.F.);
#7383 = FACE_BOUND('',#7384,.F.);
#7384 = EDGE_LOOP('',(#7385,#7408,#7429,#7430));
#7385 = ORIENTED_EDGE('',*,*,#7386,.F.);
#7386 = EDGE_CURVE('',#7387,#949,#7389,.T.);
#7387 = VERTEX_POINT('',#7388);
#7388 = CARTESIAN_POINT('',(-9.959953469555,-4.569944893404,0.59));
#7389 = SURFACE_CURVE('',#7390,(#7394,#7401),.PCURVE_S1.);
#7390 = LINE('',#7391,#7392);
#7391 = CARTESIAN_POINT('',(-9.959953469555,-4.569944893404,0.59));
#7392 = VECTOR('',#7393,1.);
#7393 = DIRECTION('',(0.,0.,1.));
#7394 = PCURVE('',#963,#7395);
#7395 = DEFINITIONAL_REPRESENTATION('',(#7396),#7400);
#7396 = LINE('',#7397,#7398);
#7397 = CARTESIAN_POINT('',(0.,-0.31));
#7398 = VECTOR('',#7399,1.);
#7399 = DIRECTION('',(0.,1.));
#7400 = ( GEOMETRIC_REPRESENTATION_CONTEXT(2) 
PARAMETRIC_REPRESENTATION_CONTEXT() REPRESENTATION_CONTEXT('2D SPACE',''
  ) );
#7401 = PCURVE('',#989,#7402);
#7402 = DEFINITIONAL_REPRESENTATION('',(#7403),#7407);
#7403 = LINE('',#7404,#7405);
#7404 = CARTESIAN_POINT('',(0.692215005641,-0.31));
#7405 = VECTOR('',#7406,1.);
#7406 = DIRECTION('',(0.,1.));
#7407 = ( GEOMETRIC_REPRESENTATION_CONTEXT(2) 
PARAMETRIC_REPRESENTATION_CONTEXT() REPRESENTATION_CONTEXT('2D SPACE',''
  ) );
#7408 = ORIENTED_EDGE('',*,*,#7409,.T.);
#7409 = EDGE_CURVE('',#7387,#7289,#7410,.T.);
#7410 = SURFACE_CURVE('',#7411,(#7415,#7422),.PCURVE_S1.);
#7411 = LINE('',#7412,#7413);
#7412 = CARTESIAN_POINT('',(-9.959953469555,-4.569944893404,0.59));
#7413 = VECTOR('',#7414,1.);
#7414 = DIRECTION('',(0.891018073421,0.453967832381,0.));
#7415 = PCURVE('',#963,#7416);
#7416 = DEFINITIONAL_REPRESENTATION('',(#7417),#7421);
#7417 = LINE('',#7418,#7419);
#7418 = CARTESIAN_POINT('',(0.,-0.31));
#7419 = VECTOR('',#7420,1.);
#7420 = DIRECTION('',(1.,0.));
#7421 = ( GEOMETRIC_REPRESENTATION_CONTEXT(2) 
PARAMETRIC_REPRESENTATION_CONTEXT() REPRESENTATION_CONTEXT('2D SPACE',''
  ) );
#7422 = PCURVE('',#6859,#7423);
#7423 = DEFINITIONAL_REPRESENTATION('',(#7424),#7428);
#7424 = LINE('',#7425,#7426);
#7425 = CARTESIAN_POINT('',(1.063361434216,-3.938357953041E-03));
#7426 = VECTOR('',#7427,1.);
#7427 = DIRECTION('',(0.891018073421,0.453967832381));
#7428 = ( GEOMETRIC_REPRESENTATION_CONTEXT(2) 
PARAMETRIC_REPRESENTATION_CONTEXT() REPRESENTATION_CONTEXT('2D SPACE',''
  ) );
#7429 = ORIENTED_EDGE('',*,*,#7288,.T.);
#7430 = ORIENTED_EDGE('',*,*,#948,.F.);
#7431 = ADVANCED_FACE('',(#7432),#1327,.F.);
#7432 = FACE_BOUND('',#7433,.F.);
#7433 = EDGE_LOOP('',(#7434,#7435,#7458,#7479));
#7434 = ORIENTED_EDGE('',*,*,#7361,.F.);
#7435 = ORIENTED_EDGE('',*,*,#7436,.T.);
#7436 = EDGE_CURVE('',#7339,#7437,#7439,.T.);
#7437 = VERTEX_POINT('',#7438);
#7438 = CARTESIAN_POINT('',(-11.59079414418,-4.239130479018,0.59));
#7439 = SURFACE_CURVE('',#7440,(#7444,#7451),.PCURVE_S1.);
#7440 = LINE('',#7441,#7442);
#7441 = CARTESIAN_POINT('',(-10.93252075185,-4.025231671634,0.59));
#7442 = VECTOR('',#7443,1.);
#7443 = DIRECTION('',(-0.951051074095,-0.309033743242,0.));
#7444 = PCURVE('',#1327,#7445);
#7445 = DEFINITIONAL_REPRESENTATION('',(#7446),#7450);
#7446 = LINE('',#7447,#7448);
#7447 = CARTESIAN_POINT('',(-0.,-0.31));
#7448 = VECTOR('',#7449,1.);
#7449 = DIRECTION('',(1.,0.));
#7450 = ( GEOMETRIC_REPRESENTATION_CONTEXT(2) 
PARAMETRIC_REPRESENTATION_CONTEXT() REPRESENTATION_CONTEXT('2D SPACE',''
  ) );
#7451 = PCURVE('',#6859,#7452);
#7452 = DEFINITIONAL_REPRESENTATION('',(#7453),#7457);
#7453 = LINE('',#7454,#7455);
#7454 = CARTESIAN_POINT('',(9.07941519183E-02,0.540774863817));
#7455 = VECTOR('',#7456,1.);
#7456 = DIRECTION('',(-0.951051074095,-0.309033743242));
#7457 = ( GEOMETRIC_REPRESENTATION_CONTEXT(2) 
PARAMETRIC_REPRESENTATION_CONTEXT() REPRESENTATION_CONTEXT('2D SPACE',''
  ) );
#7458 = ORIENTED_EDGE('',*,*,#7459,.T.);
#7459 = EDGE_CURVE('',#7437,#1287,#7460,.T.);
#7460 = SURFACE_CURVE('',#7461,(#7465,#7472),.PCURVE_S1.);
#7461 = LINE('',#7462,#7463);
#7462 = CARTESIAN_POINT('',(-11.59079414418,-4.239130479018,0.59));
#7463 = VECTOR('',#7464,1.);
#7464 = DIRECTION('',(0.,0.,1.));
#7465 = PCURVE('',#1327,#7466);
#7466 = DEFINITIONAL_REPRESENTATION('',(#7467),#7471);
#7467 = LINE('',#7468,#7469);
#7468 = CARTESIAN_POINT('',(0.692153565952,-0.31));
#7469 = VECTOR('',#7470,1.);
#7470 = DIRECTION('',(0.,1.));
#7471 = ( GEOMETRIC_REPRESENTATION_CONTEXT(2) 
PARAMETRIC_REPRESENTATION_CONTEXT() REPRESENTATION_CONTEXT('2D SPACE',''
  ) );
#7472 = PCURVE('',#1301,#7473);
#7473 = DEFINITIONAL_REPRESENTATION('',(#7474),#7478);
#7474 = LINE('',#7475,#7476);
#7475 = CARTESIAN_POINT('',(-0.,-0.31));
#7476 = VECTOR('',#7477,1.);
#7477 = DIRECTION('',(0.,1.));
#7478 = ( GEOMETRIC_REPRESENTATION_CONTEXT(2) 
PARAMETRIC_REPRESENTATION_CONTEXT() REPRESENTATION_CONTEXT('2D SPACE',''
  ) );
#7479 = ORIENTED_EDGE('',*,*,#1312,.F.);
#7480 = ADVANCED_FACE('',(#7481),#989,.F.);
#7481 = FACE_BOUND('',#7482,.F.);
#7482 = EDGE_LOOP('',(#7483,#7506,#7527,#7528));
#7483 = ORIENTED_EDGE('',*,*,#7484,.F.);
#7484 = EDGE_CURVE('',#7485,#975,#7487,.T.);
#7485 = VERTEX_POINT('',#7486);
#7486 = CARTESIAN_POINT('',(-10.57672816995,-4.884190948238,0.59));
#7487 = SURFACE_CURVE('',#7488,(#7492,#7499),.PCURVE_S1.);
#7488 = LINE('',#7489,#7490);
#7489 = CARTESIAN_POINT('',(-10.57672816995,-4.884190948238,0.59));
#7490 = VECTOR('',#7491,1.);
#7491 = DIRECTION('',(0.,0.,1.));
#7492 = PCURVE('',#989,#7493);
#7493 = DEFINITIONAL_REPRESENTATION('',(#7494),#7498);
#7494 = LINE('',#7495,#7496);
#7495 = CARTESIAN_POINT('',(0.,-0.31));
#7496 = VECTOR('',#7497,1.);
#7497 = DIRECTION('',(0.,1.));
#7498 = ( GEOMETRIC_REPRESENTATION_CONTEXT(2) 
PARAMETRIC_REPRESENTATION_CONTEXT() REPRESENTATION_CONTEXT('2D SPACE',''
  ) );
#7499 = PCURVE('',#1015,#7500);
#7500 = DEFINITIONAL_REPRESENTATION('',(#7501),#7505);
#7501 = LINE('',#7502,#7503);
#7502 = CARTESIAN_POINT('',(0.692153565952,-0.31));
#7503 = VECTOR('',#7504,1.);
#7504 = DIRECTION('',(0.,1.));
#7505 = ( GEOMETRIC_REPRESENTATION_CONTEXT(2) 
PARAMETRIC_REPRESENTATION_CONTEXT() REPRESENTATION_CONTEXT('2D SPACE',''
  ) );
#7506 = ORIENTED_EDGE('',*,*,#7507,.T.);
#7507 = EDGE_CURVE('',#7485,#7387,#7508,.T.);
#7508 = SURFACE_CURVE('',#7509,(#7513,#7520),.PCURVE_S1.);
#7509 = LINE('',#7510,#7511);
#7510 = CARTESIAN_POINT('',(-10.57672816995,-4.884190948238,0.59));
#7511 = VECTOR('',#7512,1.);
#7512 = DIRECTION('',(0.891016079362,0.453971746167,0.));
#7513 = PCURVE('',#989,#7514);
#7514 = DEFINITIONAL_REPRESENTATION('',(#7515),#7519);
#7515 = LINE('',#7516,#7517);
#7516 = CARTESIAN_POINT('',(0.,-0.31));
#7517 = VECTOR('',#7518,1.);
#7518 = DIRECTION('',(1.,0.));
#7519 = ( GEOMETRIC_REPRESENTATION_CONTEXT(2) 
PARAMETRIC_REPRESENTATION_CONTEXT() REPRESENTATION_CONTEXT('2D SPACE',''
  ) );
#7520 = PCURVE('',#6859,#7521);
#7521 = DEFINITIONAL_REPRESENTATION('',(#7522),#7526);
#7522 = LINE('',#7523,#7524);
#7523 = CARTESIAN_POINT('',(0.446586733814,-0.318184412787));
#7524 = VECTOR('',#7525,1.);
#7525 = DIRECTION('',(0.891016079362,0.453971746167));
#7526 = ( GEOMETRIC_REPRESENTATION_CONTEXT(2) 
PARAMETRIC_REPRESENTATION_CONTEXT() REPRESENTATION_CONTEXT('2D SPACE',''
  ) );
#7527 = ORIENTED_EDGE('',*,*,#7386,.T.);
#7528 = ORIENTED_EDGE('',*,*,#974,.F.);
#7529 = ADVANCED_FACE('',(#7530),#1301,.F.);
#7530 = FACE_BOUND('',#7531,.F.);
#7531 = EDGE_LOOP('',(#7532,#7533,#7556,#7577));
#7532 = ORIENTED_EDGE('',*,*,#7459,.F.);
#7533 = ORIENTED_EDGE('',*,*,#7534,.T.);
#7534 = EDGE_CURVE('',#7437,#7535,#7537,.T.);
#7535 = VERTEX_POINT('',#7536);
#7536 = CARTESIAN_POINT('',(-12.24901898638,-4.453011525819,0.59));
#7537 = SURFACE_CURVE('',#7538,(#7542,#7549),.PCURVE_S1.);
#7538 = LINE('',#7539,#7540);
#7539 = CARTESIAN_POINT('',(-11.59079414418,-4.239130479018,0.59));
#7540 = VECTOR('',#7541,1.);
#7541 = DIRECTION('',(-0.951051916928,-0.309031149413,0.));
#7542 = PCURVE('',#1301,#7543);
#7543 = DEFINITIONAL_REPRESENTATION('',(#7544),#7548);
#7544 = LINE('',#7545,#7546);
#7545 = CARTESIAN_POINT('',(-0.,-0.31));
#7546 = VECTOR('',#7547,1.);
#7547 = DIRECTION('',(1.,0.));
#7548 = ( GEOMETRIC_REPRESENTATION_CONTEXT(2) 
PARAMETRIC_REPRESENTATION_CONTEXT() REPRESENTATION_CONTEXT('2D SPACE',''
  ) );
#7549 = PCURVE('',#6859,#7550);
#7550 = DEFINITIONAL_REPRESENTATION('',(#7551),#7555);
#7551 = LINE('',#7552,#7553);
#7552 = CARTESIAN_POINT('',(-0.567479240419,0.326876056433));
#7553 = VECTOR('',#7554,1.);
#7554 = DIRECTION('',(-0.951051916928,-0.309031149413));
#7555 = ( GEOMETRIC_REPRESENTATION_CONTEXT(2) 
PARAMETRIC_REPRESENTATION_CONTEXT() REPRESENTATION_CONTEXT('2D SPACE',''
  ) );
#7556 = ORIENTED_EDGE('',*,*,#7557,.T.);
#7557 = EDGE_CURVE('',#7535,#1261,#7558,.T.);
#7558 = SURFACE_CURVE('',#7559,(#7563,#7570),.PCURVE_S1.);
#7559 = LINE('',#7560,#7561);
#7560 = CARTESIAN_POINT('',(-12.24901898638,-4.453011525819,0.59));
#7561 = VECTOR('',#7562,1.);
#7562 = DIRECTION('',(0.,0.,1.));
#7563 = PCURVE('',#1301,#7564);
#7564 = DEFINITIONAL_REPRESENTATION('',(#7565),#7569);
#7565 = LINE('',#7566,#7567);
#7566 = CARTESIAN_POINT('',(0.692101903666,-0.31));
#7567 = VECTOR('',#7568,1.);
#7568 = DIRECTION('',(0.,1.));
#7569 = ( GEOMETRIC_REPRESENTATION_CONTEXT(2) 
PARAMETRIC_REPRESENTATION_CONTEXT() REPRESENTATION_CONTEXT('2D SPACE',''
  ) );
#7570 = PCURVE('',#1275,#7571);
#7571 = DEFINITIONAL_REPRESENTATION('',(#7572),#7576);
#7572 = LINE('',#7573,#7574);
#7573 = CARTESIAN_POINT('',(-0.,-0.31));
#7574 = VECTOR('',#7575,1.);
#7575 = DIRECTION('',(0.,1.));
#7576 = ( GEOMETRIC_REPRESENTATION_CONTEXT(2) 
PARAMETRIC_REPRESENTATION_CONTEXT() REPRESENTATION_CONTEXT('2D SPACE',''
  ) );
#7577 = ORIENTED_EDGE('',*,*,#1286,.F.);
#7578 = ADVANCED_FACE('',(#7579),#1015,.F.);
#7579 = FACE_BOUND('',#7580,.F.);
#7580 = EDGE_LOOP('',(#7581,#7604,#7625,#7626));
#7581 = ORIENTED_EDGE('',*,*,#7582,.F.);
#7582 = EDGE_CURVE('',#7583,#1001,#7585,.T.);
#7583 = VERTEX_POINT('',#7584);
#7584 = CARTESIAN_POINT('',(-11.19344704674,-5.198411230645,0.59));
#7585 = SURFACE_CURVE('',#7586,(#7590,#7597),.PCURVE_S1.);
#7586 = LINE('',#7587,#7588);
#7587 = CARTESIAN_POINT('',(-11.19344704674,-5.198411230645,0.59));
#7588 = VECTOR('',#7589,1.);
#7589 = DIRECTION('',(0.,0.,1.));
#7590 = PCURVE('',#1015,#7591);
#7591 = DEFINITIONAL_REPRESENTATION('',(#7592),#7596);
#7592 = LINE('',#7593,#7594);
#7593 = CARTESIAN_POINT('',(0.,-0.31));
#7594 = VECTOR('',#7595,1.);
#7595 = DIRECTION('',(0.,1.));
#7596 = ( GEOMETRIC_REPRESENTATION_CONTEXT(2) 
PARAMETRIC_REPRESENTATION_CONTEXT() REPRESENTATION_CONTEXT('2D SPACE',''
  ) );
#7597 = PCURVE('',#1041,#7598);
#7598 = DEFINITIONAL_REPRESENTATION('',(#7599),#7603);
#7599 = LINE('',#7600,#7601);
#7600 = CARTESIAN_POINT('',(0.692101903666,-0.31));
#7601 = VECTOR('',#7602,1.);
#7602 = DIRECTION('',(0.,1.));
#7603 = ( GEOMETRIC_REPRESENTATION_CONTEXT(2) 
PARAMETRIC_REPRESENTATION_CONTEXT() REPRESENTATION_CONTEXT('2D SPACE',''
  ) );
#7604 = ORIENTED_EDGE('',*,*,#7605,.T.);
#7605 = EDGE_CURVE('',#7583,#7485,#7606,.T.);
#7606 = SURFACE_CURVE('',#7607,(#7611,#7618),.PCURVE_S1.);
#7607 = LINE('',#7608,#7609);
#7608 = CARTESIAN_POINT('',(-11.19344704674,-5.198411230645,0.59));
#7609 = VECTOR('',#7610,1.);
#7610 = DIRECTION('',(0.891014519209,0.453974808286,0.));
#7611 = PCURVE('',#1015,#7612);
#7612 = DEFINITIONAL_REPRESENTATION('',(#7613),#7617);
#7613 = LINE('',#7614,#7615);
#7614 = CARTESIAN_POINT('',(0.,-0.31));
#7615 = VECTOR('',#7616,1.);
#7616 = DIRECTION('',(1.,0.));
#7617 = ( GEOMETRIC_REPRESENTATION_CONTEXT(2) 
PARAMETRIC_REPRESENTATION_CONTEXT() REPRESENTATION_CONTEXT('2D SPACE',''
  ) );
#7618 = PCURVE('',#6859,#7619);
#7619 = DEFINITIONAL_REPRESENTATION('',(#7620),#7624);
#7620 = LINE('',#7621,#7622);
#7621 = CARTESIAN_POINT('',(-0.170132142971,-0.632404695194));
#7622 = VECTOR('',#7623,1.);
#7623 = DIRECTION('',(0.891014519209,0.453974808286));
#7624 = ( GEOMETRIC_REPRESENTATION_CONTEXT(2) 
PARAMETRIC_REPRESENTATION_CONTEXT() REPRESENTATION_CONTEXT('2D SPACE',''
  ) );
#7625 = ORIENTED_EDGE('',*,*,#7484,.T.);
#7626 = ORIENTED_EDGE('',*,*,#1000,.F.);
#7627 = ADVANCED_FACE('',(#7628),#1275,.F.);
#7628 = FACE_BOUND('',#7629,.F.);
#7629 = EDGE_LOOP('',(#7630,#7631,#7654,#7675));
#7630 = ORIENTED_EDGE('',*,*,#7557,.F.);
#7631 = ORIENTED_EDGE('',*,*,#7632,.T.);
#7632 = EDGE_CURVE('',#7535,#7633,#7635,.T.);
#7633 = VERTEX_POINT('',#7634);
#7634 = CARTESIAN_POINT('',(-12.90720258915,-4.666877577397,0.59));
#7635 = SURFACE_CURVE('',#7636,(#7640,#7647),.PCURVE_S1.);
#7636 = LINE('',#7637,#7638);
#7637 = CARTESIAN_POINT('',(-12.24901898638,-4.453011525819,0.59));
#7638 = VECTOR('',#7639,1.);
#7639 = DIRECTION('',(-0.951052594313,-0.309029064733,0.));
#7640 = PCURVE('',#1275,#7641);
#7641 = DEFINITIONAL_REPRESENTATION('',(#7642),#7646);
#7642 = LINE('',#7643,#7644);
#7643 = CARTESIAN_POINT('',(-0.,-0.31));
#7644 = VECTOR('',#7645,1.);
#7645 = DIRECTION('',(1.,0.));
#7646 = ( GEOMETRIC_REPRESENTATION_CONTEXT(2) 
PARAMETRIC_REPRESENTATION_CONTEXT() REPRESENTATION_CONTEXT('2D SPACE',''
  ) );
#7647 = PCURVE('',#6859,#7648);
#7648 = DEFINITIONAL_REPRESENTATION('',(#7649),#7653);
#7649 = LINE('',#7650,#7651);
#7650 = CARTESIAN_POINT('',(-1.22570408261,0.112995009633));
#7651 = VECTOR('',#7652,1.);
#7652 = DIRECTION('',(-0.951052594313,-0.309029064733));
#7653 = ( GEOMETRIC_REPRESENTATION_CONTEXT(2) 
PARAMETRIC_REPRESENTATION_CONTEXT() REPRESENTATION_CONTEXT('2D SPACE',''
  ) );
#7654 = ORIENTED_EDGE('',*,*,#7655,.T.);
#7655 = EDGE_CURVE('',#7633,#1235,#7656,.T.);
#7656 = SURFACE_CURVE('',#7657,(#7661,#7668),.PCURVE_S1.);
#7657 = LINE('',#7658,#7659);
#7658 = CARTESIAN_POINT('',(-12.90720258915,-4.666877577397,0.59));
#7659 = VECTOR('',#7660,1.);
#7660 = DIRECTION('',(0.,0.,1.));
#7661 = PCURVE('',#1275,#7662);
#7662 = DEFINITIONAL_REPRESENTATION('',(#7663),#7667);
#7663 = LINE('',#7664,#7665);
#7664 = CARTESIAN_POINT('',(0.692058048855,-0.31));
#7665 = VECTOR('',#7666,1.);
#7666 = DIRECTION('',(0.,1.));
#7667 = ( GEOMETRIC_REPRESENTATION_CONTEXT(2) 
PARAMETRIC_REPRESENTATION_CONTEXT() REPRESENTATION_CONTEXT('2D SPACE',''
  ) );
#7668 = PCURVE('',#1249,#7669);
#7669 = DEFINITIONAL_REPRESENTATION('',(#7670),#7674);
#7670 = LINE('',#7671,#7672);
#7671 = CARTESIAN_POINT('',(-0.,-0.31));
#7672 = VECTOR('',#7673,1.);
#7673 = DIRECTION('',(0.,1.));
#7674 = ( GEOMETRIC_REPRESENTATION_CONTEXT(2) 
PARAMETRIC_REPRESENTATION_CONTEXT() REPRESENTATION_CONTEXT('2D SPACE',''
  ) );
#7675 = ORIENTED_EDGE('',*,*,#1260,.F.);
#7676 = ADVANCED_FACE('',(#7677),#1041,.F.);
#7677 = FACE_BOUND('',#7678,.F.);
#7678 = EDGE_LOOP('',(#7679,#7702,#7723,#7724));
#7679 = ORIENTED_EDGE('',*,*,#7680,.F.);
#7680 = EDGE_CURVE('',#7681,#1027,#7683,.T.);
#7681 = VERTEX_POINT('',#7682);
#7682 = CARTESIAN_POINT('',(-11.81011903476,-5.512609741544,0.59));
#7683 = SURFACE_CURVE('',#7684,(#7688,#7695),.PCURVE_S1.);
#7684 = LINE('',#7685,#7686);
#7685 = CARTESIAN_POINT('',(-11.81011903476,-5.512609741544,0.59));
#7686 = VECTOR('',#7687,1.);
#7687 = DIRECTION('',(0.,0.,1.));
#7688 = PCURVE('',#1041,#7689);
#7689 = DEFINITIONAL_REPRESENTATION('',(#7690),#7694);
#7690 = LINE('',#7691,#7692);
#7691 = CARTESIAN_POINT('',(0.,-0.31));
#7692 = VECTOR('',#7693,1.);
#7693 = DIRECTION('',(0.,1.));
#7694 = ( GEOMETRIC_REPRESENTATION_CONTEXT(2) 
PARAMETRIC_REPRESENTATION_CONTEXT() REPRESENTATION_CONTEXT('2D SPACE',''
  ) );
#7695 = PCURVE('',#1067,#7696);
#7696 = DEFINITIONAL_REPRESENTATION('',(#7697),#7701);
#7697 = LINE('',#7698,#7699);
#7698 = CARTESIAN_POINT('',(0.692058048855,-0.31));
#7699 = VECTOR('',#7700,1.);
#7700 = DIRECTION('',(0.,1.));
#7701 = ( GEOMETRIC_REPRESENTATION_CONTEXT(2) 
PARAMETRIC_REPRESENTATION_CONTEXT() REPRESENTATION_CONTEXT('2D SPACE',''
  ) );
#7702 = ORIENTED_EDGE('',*,*,#7703,.T.);
#7703 = EDGE_CURVE('',#7681,#7583,#7704,.T.);
#7704 = SURFACE_CURVE('',#7705,(#7709,#7716),.PCURVE_S1.);
#7705 = LINE('',#7706,#7707);
#7706 = CARTESIAN_POINT('',(-11.81011903476,-5.512609741544,0.59));
#7707 = VECTOR('',#7708,1.);
#7708 = DIRECTION('',(0.891013281068,0.453977238373,0.));
#7709 = PCURVE('',#1041,#7710);
#7710 = DEFINITIONAL_REPRESENTATION('',(#7711),#7715);
#7711 = LINE('',#7712,#7713);
#7712 = CARTESIAN_POINT('',(0.,-0.31));
#7713 = VECTOR('',#7714,1.);
#7714 = DIRECTION('',(1.,0.));
#7715 = ( GEOMETRIC_REPRESENTATION_CONTEXT(2) 
PARAMETRIC_REPRESENTATION_CONTEXT() REPRESENTATION_CONTEXT('2D SPACE',''
  ) );
#7716 = PCURVE('',#6859,#7717);
#7717 = DEFINITIONAL_REPRESENTATION('',(#7718),#7722);
#7718 = LINE('',#7719,#7720);
#7719 = CARTESIAN_POINT('',(-0.78680413099,-0.946603206093));
#7720 = VECTOR('',#7721,1.);
#7721 = DIRECTION('',(0.891013281068,0.453977238373));
#7722 = ( GEOMETRIC_REPRESENTATION_CONTEXT(2) 
PARAMETRIC_REPRESENTATION_CONTEXT() REPRESENTATION_CONTEXT('2D SPACE',''
  ) );
#7723 = ORIENTED_EDGE('',*,*,#7582,.T.);
#7724 = ORIENTED_EDGE('',*,*,#1026,.F.);
#7725 = ADVANCED_FACE('',(#7726),#1249,.F.);
#7726 = FACE_BOUND('',#7727,.F.);
#7727 = EDGE_LOOP('',(#7728,#7729,#7752,#7773));
#7728 = ORIENTED_EDGE('',*,*,#7655,.F.);
#7729 = ORIENTED_EDGE('',*,*,#7730,.T.);
#7730 = EDGE_CURVE('',#7633,#7731,#7733,.T.);
#7731 = VERTEX_POINT('',#7732);
#7732 = CARTESIAN_POINT('',(-13.56535086573,-4.880730853802,0.59));
#7733 = SURFACE_CURVE('',#7734,(#7738,#7745),.PCURVE_S1.);
#7734 = LINE('',#7735,#7736);
#7735 = CARTESIAN_POINT('',(-12.90720258915,-4.666877577397,0.59));
#7736 = VECTOR('',#7737,1.);
#7737 = DIRECTION('',(-0.951053144938,-0.309027370152,0.));
#7738 = PCURVE('',#1249,#7739);
#7739 = DEFINITIONAL_REPRESENTATION('',(#7740),#7744);
#7740 = LINE('',#7741,#7742);
#7741 = CARTESIAN_POINT('',(-0.,-0.31));
#7742 = VECTOR('',#7743,1.);
#7743 = DIRECTION('',(1.,0.));
#7744 = ( GEOMETRIC_REPRESENTATION_CONTEXT(2) 
PARAMETRIC_REPRESENTATION_CONTEXT() REPRESENTATION_CONTEXT('2D SPACE',''
  ) );
#7745 = PCURVE('',#6859,#7746);
#7746 = DEFINITIONAL_REPRESENTATION('',(#7747),#7751);
#7747 = LINE('',#7748,#7749);
#7748 = CARTESIAN_POINT('',(-1.883887685388,-0.100871041946));
#7749 = VECTOR('',#7750,1.);
#7750 = DIRECTION('',(-0.951053144938,-0.309027370152));
#7751 = ( GEOMETRIC_REPRESENTATION_CONTEXT(2) 
PARAMETRIC_REPRESENTATION_CONTEXT() REPRESENTATION_CONTEXT('2D SPACE',''
  ) );
#7752 = ORIENTED_EDGE('',*,*,#7753,.T.);
#7753 = EDGE_CURVE('',#7731,#1209,#7754,.T.);
#7754 = SURFACE_CURVE('',#7755,(#7759,#7766),.PCURVE_S1.);
#7755 = LINE('',#7756,#7757);
#7756 = CARTESIAN_POINT('',(-13.56535086573,-4.880730853802,0.59));
#7757 = VECTOR('',#7758,1.);
#7758 = DIRECTION('',(0.,0.,1.));
#7759 = PCURVE('',#1249,#7760);
#7760 = DEFINITIONAL_REPRESENTATION('',(#7761),#7765);
#7761 = LINE('',#7762,#7763);
#7762 = CARTESIAN_POINT('',(0.69202050388,-0.31));
#7763 = VECTOR('',#7764,1.);
#7764 = DIRECTION('',(0.,1.));
#7765 = ( GEOMETRIC_REPRESENTATION_CONTEXT(2) 
PARAMETRIC_REPRESENTATION_CONTEXT() REPRESENTATION_CONTEXT('2D SPACE',''
  ) );
#7766 = PCURVE('',#1223,#7767);
#7767 = DEFINITIONAL_REPRESENTATION('',(#7768),#7772);
#7768 = LINE('',#7769,#7770);
#7769 = CARTESIAN_POINT('',(-0.,-0.31));
#7770 = VECTOR('',#7771,1.);
#7771 = DIRECTION('',(0.,1.));
#7772 = ( GEOMETRIC_REPRESENTATION_CONTEXT(2) 
PARAMETRIC_REPRESENTATION_CONTEXT() REPRESENTATION_CONTEXT('2D SPACE',''
  ) );
#7773 = ORIENTED_EDGE('',*,*,#1234,.F.);
#7774 = ADVANCED_FACE('',(#7775),#1067,.F.);
#7775 = FACE_BOUND('',#7776,.F.);
#7776 = EDGE_LOOP('',(#7777,#7800,#7821,#7822));
#7777 = ORIENTED_EDGE('',*,*,#7778,.F.);
#7778 = EDGE_CURVE('',#7779,#1053,#7781,.T.);
#7779 = VERTEX_POINT('',#7780);
#7780 = CARTESIAN_POINT('',(-12.42675125888,-5.826789694998,0.59));
#7781 = SURFACE_CURVE('',#7782,(#7786,#7793),.PCURVE_S1.);
#7782 = LINE('',#7783,#7784);
#7783 = CARTESIAN_POINT('',(-12.42675125888,-5.826789694998,0.59));
#7784 = VECTOR('',#7785,1.);
#7785 = DIRECTION('',(0.,0.,1.));
#7786 = PCURVE('',#1067,#7787);
#7787 = DEFINITIONAL_REPRESENTATION('',(#7788),#7792);
#7788 = LINE('',#7789,#7790);
#7789 = CARTESIAN_POINT('',(0.,-0.31));
#7790 = VECTOR('',#7791,1.);
#7791 = DIRECTION('',(0.,1.));
#7792 = ( GEOMETRIC_REPRESENTATION_CONTEXT(2) 
PARAMETRIC_REPRESENTATION_CONTEXT() REPRESENTATION_CONTEXT('2D SPACE',''
  ) );
#7793 = PCURVE('',#1093,#7794);
#7794 = DEFINITIONAL_REPRESENTATION('',(#7795),#7799);
#7795 = LINE('',#7796,#7797);
#7796 = CARTESIAN_POINT('',(0.69202050388,-0.31));
#7797 = VECTOR('',#7798,1.);
#7798 = DIRECTION('',(0.,1.));
#7799 = ( GEOMETRIC_REPRESENTATION_CONTEXT(2) 
PARAMETRIC_REPRESENTATION_CONTEXT() REPRESENTATION_CONTEXT('2D SPACE',''
  ) );
#7800 = ORIENTED_EDGE('',*,*,#7801,.T.);
#7801 = EDGE_CURVE('',#7779,#7681,#7802,.T.);
#7802 = SURFACE_CURVE('',#7803,(#7807,#7814),.PCURVE_S1.);
#7803 = LINE('',#7804,#7805);
#7804 = CARTESIAN_POINT('',(-12.42675125888,-5.826789694998,0.59));
#7805 = VECTOR('',#7806,1.);
#7806 = DIRECTION('',(0.891012285961,0.453979191447,0.));
#7807 = PCURVE('',#1067,#7808);
#7808 = DEFINITIONAL_REPRESENTATION('',(#7809),#7813);
#7809 = LINE('',#7810,#7811);
#7810 = CARTESIAN_POINT('',(0.,-0.31));
#7811 = VECTOR('',#7812,1.);
#7812 = DIRECTION('',(1.,0.));
#7813 = ( GEOMETRIC_REPRESENTATION_CONTEXT(2) 
PARAMETRIC_REPRESENTATION_CONTEXT() REPRESENTATION_CONTEXT('2D SPACE',''
  ) );
#7814 = PCURVE('',#6859,#7815);
#7815 = DEFINITIONAL_REPRESENTATION('',(#7816),#7820);
#7816 = LINE('',#7817,#7818);
#7817 = CARTESIAN_POINT('',(-1.403436355117,-1.260783159547));
#7818 = VECTOR('',#7819,1.);
#7819 = DIRECTION('',(0.891012285961,0.453979191447));
#7820 = ( GEOMETRIC_REPRESENTATION_CONTEXT(2) 
PARAMETRIC_REPRESENTATION_CONTEXT() REPRESENTATION_CONTEXT('2D SPACE',''
  ) );
#7821 = ORIENTED_EDGE('',*,*,#7680,.T.);
#7822 = ORIENTED_EDGE('',*,*,#1052,.F.);
#7823 = ADVANCED_FACE('',(#7824),#1223,.F.);
#7824 = FACE_BOUND('',#7825,.F.);
#7825 = EDGE_LOOP('',(#7826,#7827,#7850,#7871));
#7826 = ORIENTED_EDGE('',*,*,#7753,.F.);
#7827 = ORIENTED_EDGE('',*,*,#7828,.T.);
#7828 = EDGE_CURVE('',#7731,#7829,#7831,.T.);
#7829 = VERTEX_POINT('',#7830);
#7830 = CARTESIAN_POINT('',(-14.22346865047,-5.094573157778,0.59));
#7831 = SURFACE_CURVE('',#7832,(#7836,#7843),.PCURVE_S1.);
#7832 = LINE('',#7833,#7834);
#7833 = CARTESIAN_POINT('',(-13.56535086573,-4.880730853802,0.59));
#7834 = VECTOR('',#7835,1.);
#7835 = DIRECTION('',(-0.951053597122,-0.309025978521,0.));
#7836 = PCURVE('',#1223,#7837);
#7837 = DEFINITIONAL_REPRESENTATION('',(#7838),#7842);
#7838 = LINE('',#7839,#7840);
#7839 = CARTESIAN_POINT('',(-0.,-0.31));
#7840 = VECTOR('',#7841,1.);
#7841 = DIRECTION('',(1.,0.));
#7842 = ( GEOMETRIC_REPRESENTATION_CONTEXT(2) 
PARAMETRIC_REPRESENTATION_CONTEXT() REPRESENTATION_CONTEXT('2D SPACE',''
  ) );
#7843 = PCURVE('',#6859,#7844);
#7844 = DEFINITIONAL_REPRESENTATION('',(#7845),#7849);
#7845 = LINE('',#7846,#7847);
#7846 = CARTESIAN_POINT('',(-2.542035961965,-0.314724318351));
#7847 = VECTOR('',#7848,1.);
#7848 = DIRECTION('',(-0.951053597122,-0.309025978521));
#7849 = ( GEOMETRIC_REPRESENTATION_CONTEXT(2) 
PARAMETRIC_REPRESENTATION_CONTEXT() REPRESENTATION_CONTEXT('2D SPACE',''
  ) );
#7850 = ORIENTED_EDGE('',*,*,#7851,.T.);
#7851 = EDGE_CURVE('',#7829,#1183,#7852,.T.);
#7852 = SURFACE_CURVE('',#7853,(#7857,#7864),.PCURVE_S1.);
#7853 = LINE('',#7854,#7855);
#7854 = CARTESIAN_POINT('',(-14.22346865047,-5.094573157778,0.59));
#7855 = VECTOR('',#7856,1.);
#7856 = DIRECTION('',(0.,0.,1.));
#7857 = PCURVE('',#1223,#7858);
#7858 = DEFINITIONAL_REPRESENTATION('',(#7859),#7863);
#7859 = LINE('',#7860,#7861);
#7860 = CARTESIAN_POINT('',(0.691988113745,-0.31));
#7861 = VECTOR('',#7862,1.);
#7862 = DIRECTION('',(0.,1.));
#7863 = ( GEOMETRIC_REPRESENTATION_CONTEXT(2) 
PARAMETRIC_REPRESENTATION_CONTEXT() REPRESENTATION_CONTEXT('2D SPACE',''
  ) );
#7864 = PCURVE('',#1197,#7865);
#7865 = DEFINITIONAL_REPRESENTATION('',(#7866),#7870);
#7866 = LINE('',#7867,#7868);
#7867 = CARTESIAN_POINT('',(-0.,-0.31));
#7868 = VECTOR('',#7869,1.);
#7869 = DIRECTION('',(0.,1.));
#7870 = ( GEOMETRIC_REPRESENTATION_CONTEXT(2) 
PARAMETRIC_REPRESENTATION_CONTEXT() REPRESENTATION_CONTEXT('2D SPACE',''
  ) );
#7871 = ORIENTED_EDGE('',*,*,#1208,.F.);
#7872 = ADVANCED_FACE('',(#7873),#1093,.F.);
#7873 = FACE_BOUND('',#7874,.F.);
#7874 = EDGE_LOOP('',(#7875,#7898,#7919,#7920));
#7875 = ORIENTED_EDGE('',*,*,#7876,.F.);
#7876 = EDGE_CURVE('',#7877,#1079,#7879,.T.);
#7877 = VERTEX_POINT('',#7878);
#7878 = CARTESIAN_POINT('',(-13.0433494702,-6.140953702466,0.59));
#7879 = SURFACE_CURVE('',#7880,(#7884,#7891),.PCURVE_S1.);
#7880 = LINE('',#7881,#7882);
#7881 = CARTESIAN_POINT('',(-13.0433494702,-6.140953702466,0.59));
#7882 = VECTOR('',#7883,1.);
#7883 = DIRECTION('',(0.,0.,1.));
#7884 = PCURVE('',#1093,#7885);
#7885 = DEFINITIONAL_REPRESENTATION('',(#7886),#7890);
#7886 = LINE('',#7887,#7888);
#7887 = CARTESIAN_POINT('',(0.,-0.31));
#7888 = VECTOR('',#7889,1.);
#7889 = DIRECTION('',(0.,1.));
#7890 = ( GEOMETRIC_REPRESENTATION_CONTEXT(2) 
PARAMETRIC_REPRESENTATION_CONTEXT() REPRESENTATION_CONTEXT('2D SPACE',''
  ) );
#7891 = PCURVE('',#1119,#7892);
#7892 = DEFINITIONAL_REPRESENTATION('',(#7893),#7897);
#7893 = LINE('',#7894,#7895);
#7894 = CARTESIAN_POINT('',(0.691988113745,-0.31));
#7895 = VECTOR('',#7896,1.);
#7896 = DIRECTION('',(0.,1.));
#7897 = ( GEOMETRIC_REPRESENTATION_CONTEXT(2) 
PARAMETRIC_REPRESENTATION_CONTEXT() REPRESENTATION_CONTEXT('2D SPACE',''
  ) );
#7898 = ORIENTED_EDGE('',*,*,#7899,.T.);
#7899 = EDGE_CURVE('',#7877,#7779,#7900,.T.);
#7900 = SURFACE_CURVE('',#7901,(#7905,#7912),.PCURVE_S1.);
#7901 = LINE('',#7902,#7903);
#7902 = CARTESIAN_POINT('',(-13.0433494702,-6.140953702466,0.59));
#7903 = VECTOR('',#7904,1.);
#7904 = DIRECTION('',(0.891011477061,0.453980779048,0.));
#7905 = PCURVE('',#1093,#7906);
#7906 = DEFINITIONAL_REPRESENTATION('',(#7907),#7911);
#7907 = LINE('',#7908,#7909);
#7908 = CARTESIAN_POINT('',(0.,-0.31));
#7909 = VECTOR('',#7910,1.);
#7910 = DIRECTION('',(1.,0.));
#7911 = ( GEOMETRIC_REPRESENTATION_CONTEXT(2) 
PARAMETRIC_REPRESENTATION_CONTEXT() REPRESENTATION_CONTEXT('2D SPACE',''
  ) );
#7912 = PCURVE('',#6859,#7913);
#7913 = DEFINITIONAL_REPRESENTATION('',(#7914),#7918);
#7914 = LINE('',#7915,#7916);
#7915 = CARTESIAN_POINT('',(-2.020034566436,-1.574947167015));
#7916 = VECTOR('',#7917,1.);
#7917 = DIRECTION('',(0.891011477061,0.453980779048));
#7918 = ( GEOMETRIC_REPRESENTATION_CONTEXT(2) 
PARAMETRIC_REPRESENTATION_CONTEXT() REPRESENTATION_CONTEXT('2D SPACE',''
  ) );
#7919 = ORIENTED_EDGE('',*,*,#7778,.T.);
#7920 = ORIENTED_EDGE('',*,*,#1078,.F.);
#7921 = ADVANCED_FACE('',(#7922),#1197,.F.);
#7922 = FACE_BOUND('',#7923,.F.);
#7923 = EDGE_LOOP('',(#7924,#7925,#7948,#7969));
#7924 = ORIENTED_EDGE('',*,*,#7851,.F.);
#7925 = ORIENTED_EDGE('',*,*,#7926,.T.);
#7926 = EDGE_CURVE('',#7829,#7927,#7929,.T.);
#7927 = VERTEX_POINT('',#7928);
#7928 = CARTESIAN_POINT('',(-14.8815599342,-5.308405968349,0.59));
#7929 = SURFACE_CURVE('',#7930,(#7934,#7941),.PCURVE_S1.);
#7930 = LINE('',#7931,#7932);
#7931 = CARTESIAN_POINT('',(-14.22346865047,-5.094573157778,0.59));
#7932 = VECTOR('',#7933,1.);
#7933 = DIRECTION('',(-0.951053971918,-0.309024825052,0.));
#7934 = PCURVE('',#1197,#7935);
#7935 = DEFINITIONAL_REPRESENTATION('',(#7936),#7940);
#7936 = LINE('',#7937,#7938);
#7937 = CARTESIAN_POINT('',(-0.,-0.31));
#7938 = VECTOR('',#7939,1.);
#7939 = DIRECTION('',(1.,0.));
#7940 = ( GEOMETRIC_REPRESENTATION_CONTEXT(2) 
PARAMETRIC_REPRESENTATION_CONTEXT() REPRESENTATION_CONTEXT('2D SPACE',''
  ) );
#7941 = PCURVE('',#6859,#7942);
#7942 = DEFINITIONAL_REPRESENTATION('',(#7943),#7947);
#7943 = LINE('',#7944,#7945);
#7944 = CARTESIAN_POINT('',(-3.200153746709,-0.528566622327));
#7945 = VECTOR('',#7946,1.);
#7946 = DIRECTION('',(-0.951053971918,-0.309024825052));
#7947 = ( GEOMETRIC_REPRESENTATION_CONTEXT(2) 
PARAMETRIC_REPRESENTATION_CONTEXT() REPRESENTATION_CONTEXT('2D SPACE',''
  ) );
#7948 = ORIENTED_EDGE('',*,*,#7949,.T.);
#7949 = EDGE_CURVE('',#7927,#1157,#7950,.T.);
#7950 = SURFACE_CURVE('',#7951,(#7955,#7962),.PCURVE_S1.);
#7951 = LINE('',#7952,#7953);
#7952 = CARTESIAN_POINT('',(-14.8815599342,-5.308405968349,0.59));
#7953 = VECTOR('',#7954,1.);
#7954 = DIRECTION('',(0.,0.,1.));
#7955 = PCURVE('',#1197,#7956);
#7956 = DEFINITIONAL_REPRESENTATION('',(#7957),#7961);
#7957 = LINE('',#7958,#7959);
#7958 = CARTESIAN_POINT('',(0.691959976145,-0.31));
#7959 = VECTOR('',#7960,1.);
#7960 = DIRECTION('',(0.,1.));
#7961 = ( GEOMETRIC_REPRESENTATION_CONTEXT(2) 
PARAMETRIC_REPRESENTATION_CONTEXT() REPRESENTATION_CONTEXT('2D SPACE',''
  ) );
#7962 = PCURVE('',#1171,#7963);
#7963 = DEFINITIONAL_REPRESENTATION('',(#7964),#7968);
#7964 = LINE('',#7965,#7966);
#7965 = CARTESIAN_POINT('',(0.,-0.31));
#7966 = VECTOR('',#7967,1.);
#7967 = DIRECTION('',(0.,1.));
#7968 = ( GEOMETRIC_REPRESENTATION_CONTEXT(2) 
PARAMETRIC_REPRESENTATION_CONTEXT() REPRESENTATION_CONTEXT('2D SPACE',''
  ) );
#7969 = ORIENTED_EDGE('',*,*,#1182,.F.);
#7970 = ADVANCED_FACE('',(#7971),#1119,.F.);
#7971 = FACE_BOUND('',#7972,.F.);
#7972 = EDGE_LOOP('',(#7973,#7996,#8017,#8018));
#7973 = ORIENTED_EDGE('',*,*,#7974,.F.);
#7974 = EDGE_CURVE('',#7975,#1105,#7977,.T.);
#7975 = VERTEX_POINT('',#7976);
#7976 = CARTESIAN_POINT('',(-13.65991836186,-6.455103907632,0.59));
#7977 = SURFACE_CURVE('',#7978,(#7982,#7989),.PCURVE_S1.);
#7978 = LINE('',#7979,#7980);
#7979 = CARTESIAN_POINT('',(-13.65991836186,-6.455103907632,0.59));
#7980 = VECTOR('',#7981,1.);
#7981 = DIRECTION('',(0.,0.,1.));
#7982 = PCURVE('',#1119,#7983);
#7983 = DEFINITIONAL_REPRESENTATION('',(#7984),#7988);
#7984 = LINE('',#7985,#7986);
#7985 = CARTESIAN_POINT('',(0.,-0.31));
#7986 = VECTOR('',#7987,1.);
#7987 = DIRECTION('',(0.,1.));
#7988 = ( GEOMETRIC_REPRESENTATION_CONTEXT(2) 
PARAMETRIC_REPRESENTATION_CONTEXT() REPRESENTATION_CONTEXT('2D SPACE',''
  ) );
#7989 = PCURVE('',#1145,#7990);
#7990 = DEFINITIONAL_REPRESENTATION('',(#7991),#7995);
#7991 = LINE('',#7992,#7993);
#7992 = CARTESIAN_POINT('',(0.691959976145,-0.31));
#7993 = VECTOR('',#7994,1.);
#7994 = DIRECTION('',(0.,1.));
#7995 = ( GEOMETRIC_REPRESENTATION_CONTEXT(2) 
PARAMETRIC_REPRESENTATION_CONTEXT() REPRESENTATION_CONTEXT('2D SPACE',''
  ) );
#7996 = ORIENTED_EDGE('',*,*,#7997,.T.);
#7997 = EDGE_CURVE('',#7975,#7877,#7998,.T.);
#7998 = SURFACE_CURVE('',#7999,(#8003,#8010),.PCURVE_S1.);
#7999 = LINE('',#8000,#8001);
#8000 = CARTESIAN_POINT('',(-13.65991836186,-6.455103907632,0.59));
#8001 = VECTOR('',#8002,1.);
#8002 = DIRECTION('',(0.891010812772,0.453982082822,0.));
#8003 = PCURVE('',#1119,#8004);
#8004 = DEFINITIONAL_REPRESENTATION('',(#8005),#8009);
#8005 = LINE('',#8006,#8007);
#8006 = CARTESIAN_POINT('',(0.,-0.31));
#8007 = VECTOR('',#8008,1.);
#8008 = DIRECTION('',(1.,0.));
#8009 = ( GEOMETRIC_REPRESENTATION_CONTEXT(2) 
PARAMETRIC_REPRESENTATION_CONTEXT() REPRESENTATION_CONTEXT('2D SPACE',''
  ) );
#8010 = PCURVE('',#6859,#8011);
#8011 = DEFINITIONAL_REPRESENTATION('',(#8012),#8016);
#8012 = LINE('',#8013,#8014);
#8013 = CARTESIAN_POINT('',(-2.636603458093,-1.889097372181));
#8014 = VECTOR('',#8015,1.);
#8015 = DIRECTION('',(0.891010812772,0.453982082822));
#8016 = ( GEOMETRIC_REPRESENTATION_CONTEXT(2) 
PARAMETRIC_REPRESENTATION_CONTEXT() REPRESENTATION_CONTEXT('2D SPACE',''
  ) );
#8017 = ORIENTED_EDGE('',*,*,#7876,.T.);
#8018 = ORIENTED_EDGE('',*,*,#1104,.F.);
#8019 = ADVANCED_FACE('',(#8020),#1171,.F.);
#8020 = FACE_BOUND('',#8021,.F.);
#8021 = EDGE_LOOP('',(#8022,#8023,#8046,#8067));
#8022 = ORIENTED_EDGE('',*,*,#7949,.F.);
#8023 = ORIENTED_EDGE('',*,*,#8024,.T.);
#8024 = EDGE_CURVE('',#7927,#8025,#8027,.T.);
#8025 = VERTEX_POINT('',#8026);
#8026 = CARTESIAN_POINT('',(-14.27646180161,-6.769242086596,0.59));
#8027 = SURFACE_CURVE('',#8028,(#8032,#8039),.PCURVE_S1.);
#8028 = LINE('',#8029,#8030);
#8029 = CARTESIAN_POINT('',(-14.8815599342,-5.308405968349,0.59));
#8030 = VECTOR('',#8031,1.);
#8031 = DIRECTION('',(0.382683432365,-0.923879532511,0.));
#8032 = PCURVE('',#1171,#8033);
#8033 = DEFINITIONAL_REPRESENTATION('',(#8034),#8038);
#8034 = LINE('',#8035,#8036);
#8035 = CARTESIAN_POINT('',(0.,-0.31));
#8036 = VECTOR('',#8037,1.);
#8037 = DIRECTION('',(1.,0.));
#8038 = ( GEOMETRIC_REPRESENTATION_CONTEXT(2) 
PARAMETRIC_REPRESENTATION_CONTEXT() REPRESENTATION_CONTEXT('2D SPACE',''
  ) );
#8039 = PCURVE('',#6859,#8040);
#8040 = DEFINITIONAL_REPRESENTATION('',(#8041),#8045);
#8041 = LINE('',#8042,#8043);
#8042 = CARTESIAN_POINT('',(-3.85824503043,-0.742399432898));
#8043 = VECTOR('',#8044,1.);
#8044 = DIRECTION('',(0.382683432365,-0.923879532511));
#8045 = ( GEOMETRIC_REPRESENTATION_CONTEXT(2) 
PARAMETRIC_REPRESENTATION_CONTEXT() REPRESENTATION_CONTEXT('2D SPACE',''
  ) );
#8046 = ORIENTED_EDGE('',*,*,#8047,.T.);
#8047 = EDGE_CURVE('',#8025,#1131,#8048,.T.);
#8048 = SURFACE_CURVE('',#8049,(#8053,#8060),.PCURVE_S1.);
#8049 = LINE('',#8050,#8051);
#8050 = CARTESIAN_POINT('',(-14.27646180161,-6.769242086596,0.59));
#8051 = VECTOR('',#8052,1.);
#8052 = DIRECTION('',(0.,0.,1.));
#8053 = PCURVE('',#1171,#8054);
#8054 = DEFINITIONAL_REPRESENTATION('',(#8055),#8059);
#8055 = LINE('',#8056,#8057);
#8056 = CARTESIAN_POINT('',(1.581197620296,-0.31));
#8057 = VECTOR('',#8058,1.);
#8058 = DIRECTION('',(0.,1.));
#8059 = ( GEOMETRIC_REPRESENTATION_CONTEXT(2) 
PARAMETRIC_REPRESENTATION_CONTEXT() REPRESENTATION_CONTEXT('2D SPACE',''
  ) );
#8060 = PCURVE('',#1145,#8061);
#8061 = DEFINITIONAL_REPRESENTATION('',(#8062),#8066);
#8062 = LINE('',#8063,#8064);
#8063 = CARTESIAN_POINT('',(0.,-0.31));
#8064 = VECTOR('',#8065,1.);
#8065 = DIRECTION('',(0.,1.));
#8066 = ( GEOMETRIC_REPRESENTATION_CONTEXT(2) 
PARAMETRIC_REPRESENTATION_CONTEXT() REPRESENTATION_CONTEXT('2D SPACE',''
  ) );
#8067 = ORIENTED_EDGE('',*,*,#1156,.F.);
#8068 = ADVANCED_FACE('',(#8069),#1145,.F.);
#8069 = FACE_BOUND('',#8070,.F.);
#8070 = EDGE_LOOP('',(#8071,#8072,#8093,#8094));
#8071 = ORIENTED_EDGE('',*,*,#8047,.F.);
#8072 = ORIENTED_EDGE('',*,*,#8073,.T.);
#8073 = EDGE_CURVE('',#8025,#7975,#8074,.T.);
#8074 = SURFACE_CURVE('',#8075,(#8079,#8086),.PCURVE_S1.);
#8075 = LINE('',#8076,#8077);
#8076 = CARTESIAN_POINT('',(-14.27646180161,-6.769242086596,0.59));
#8077 = VECTOR('',#8078,1.);
#8078 = DIRECTION('',(0.891010262167,0.453983163468,0.));
#8079 = PCURVE('',#1145,#8080);
#8080 = DEFINITIONAL_REPRESENTATION('',(#8081),#8085);
#8081 = LINE('',#8082,#8083);
#8082 = CARTESIAN_POINT('',(0.,-0.31));
#8083 = VECTOR('',#8084,1.);
#8084 = DIRECTION('',(1.,0.));
#8085 = ( GEOMETRIC_REPRESENTATION_CONTEXT(2) 
PARAMETRIC_REPRESENTATION_CONTEXT() REPRESENTATION_CONTEXT('2D SPACE',''
  ) );
#8086 = PCURVE('',#6859,#8087);
#8087 = DEFINITIONAL_REPRESENTATION('',(#8088),#8092);
#8088 = LINE('',#8089,#8090);
#8089 = CARTESIAN_POINT('',(-3.253146897847,-2.203235551145));
#8090 = VECTOR('',#8091,1.);
#8091 = DIRECTION('',(0.891010262167,0.453983163468));
#8092 = ( GEOMETRIC_REPRESENTATION_CONTEXT(2) 
PARAMETRIC_REPRESENTATION_CONTEXT() REPRESENTATION_CONTEXT('2D SPACE',''
  ) );
#8093 = ORIENTED_EDGE('',*,*,#7974,.T.);
#8094 = ORIENTED_EDGE('',*,*,#1130,.F.);
#8095 = ADVANCED_FACE('',(#8096),#1485,.F.);
#8096 = FACE_BOUND('',#8097,.F.);
#8097 = EDGE_LOOP('',(#8098,#8121,#8149,#8170));
#8098 = ORIENTED_EDGE('',*,*,#8099,.T.);
#8099 = EDGE_CURVE('',#1469,#8100,#8102,.T.);
#8100 = VERTEX_POINT('',#8101);
#8101 = CARTESIAN_POINT('',(2.741175673048,-6.981114232663,0.59));
#8102 = SURFACE_CURVE('',#8103,(#8107,#8114),.PCURVE_S1.);
#8103 = LINE('',#8104,#8105);
#8104 = CARTESIAN_POINT('',(2.741175673048,-6.981114232663,1.21));
#8105 = VECTOR('',#8106,1.);
#8106 = DIRECTION('',(0.,0.,-1.));
#8107 = PCURVE('',#1485,#8108);
#8108 = DEFINITIONAL_REPRESENTATION('',(#8109),#8113);
#8109 = LINE('',#8110,#8111);
#8110 = CARTESIAN_POINT('',(0.,0.31));
#8111 = VECTOR('',#8112,1.);
#8112 = DIRECTION('',(0.,-1.));
#8113 = ( GEOMETRIC_REPRESENTATION_CONTEXT(2) 
PARAMETRIC_REPRESENTATION_CONTEXT() REPRESENTATION_CONTEXT('2D SPACE',''
  ) );
#8114 = PCURVE('',#1511,#8115);
#8115 = DEFINITIONAL_REPRESENTATION('',(#8116),#8120);
#8116 = LINE('',#8117,#8118);
#8117 = CARTESIAN_POINT('',(0.278081313884,0.31));
#8118 = VECTOR('',#8119,1.);
#8119 = DIRECTION('',(-0.,-1.));
#8120 = ( GEOMETRIC_REPRESENTATION_CONTEXT(2) 
PARAMETRIC_REPRESENTATION_CONTEXT() REPRESENTATION_CONTEXT('2D SPACE',''
  ) );
#8121 = ORIENTED_EDGE('',*,*,#8122,.T.);
#8122 = EDGE_CURVE('',#8100,#8123,#8125,.T.);
#8123 = VERTEX_POINT('',#8124);
#8124 = CARTESIAN_POINT('',(2.955305897274,-7.639998025609,0.59));
#8125 = SURFACE_CURVE('',#8126,(#8130,#8137),.PCURVE_S1.);
#8126 = LINE('',#8127,#8128);
#8127 = CARTESIAN_POINT('',(2.741175673048,-6.981114232663,0.59));
#8128 = VECTOR('',#8129,1.);
#8129 = DIRECTION('',(0.30907692267,-0.951037042324,0.));
#8130 = PCURVE('',#1485,#8131);
#8131 = DEFINITIONAL_REPRESENTATION('',(#8132),#8136);
#8132 = LINE('',#8133,#8134);
#8133 = CARTESIAN_POINT('',(0.,-0.31));
#8134 = VECTOR('',#8135,1.);
#8135 = DIRECTION('',(1.,0.));
#8136 = ( GEOMETRIC_REPRESENTATION_CONTEXT(2) 
PARAMETRIC_REPRESENTATION_CONTEXT() REPRESENTATION_CONTEXT('2D SPACE',''
  ) );
#8137 = PCURVE('',#8138,#8143);
#8138 = PLANE('',#8139);
#8139 = AXIS2_PLACEMENT_3D('',#8140,#8141,#8142);
#8140 = CARTESIAN_POINT('',(4.566006535451,-11.02331490377,0.59));
#8141 = DIRECTION('',(0.,0.,1.));
#8142 = DIRECTION('',(1.,0.,0.));
#8143 = DEFINITIONAL_REPRESENTATION('',(#8144),#8148);
#8144 = LINE('',#8145,#8146);
#8145 = CARTESIAN_POINT('',(-1.824830862404,4.042200671107));
#8146 = VECTOR('',#8147,1.);
#8147 = DIRECTION('',(0.30907692267,-0.951037042324));
#8148 = ( GEOMETRIC_REPRESENTATION_CONTEXT(2) 
PARAMETRIC_REPRESENTATION_CONTEXT() REPRESENTATION_CONTEXT('2D SPACE',''
  ) );
#8149 = ORIENTED_EDGE('',*,*,#8150,.T.);
#8150 = EDGE_CURVE('',#8123,#1471,#8151,.T.);
#8151 = SURFACE_CURVE('',#8152,(#8156,#8163),.PCURVE_S1.);
#8152 = LINE('',#8153,#8154);
#8153 = CARTESIAN_POINT('',(2.955305897274,-7.639998025609,0.59));
#8154 = VECTOR('',#8155,1.);
#8155 = DIRECTION('',(0.,0.,1.));
#8156 = PCURVE('',#1485,#8157);
#8157 = DEFINITIONAL_REPRESENTATION('',(#8158),#8162);
#8158 = LINE('',#8159,#8160);
#8159 = CARTESIAN_POINT('',(0.692805604433,-0.31));
#8160 = VECTOR('',#8161,1.);
#8161 = DIRECTION('',(0.,1.));
#8162 = ( GEOMETRIC_REPRESENTATION_CONTEXT(2) 
PARAMETRIC_REPRESENTATION_CONTEXT() REPRESENTATION_CONTEXT('2D SPACE',''
  ) );
#8163 = PCURVE('',#2133,#8164);
#8164 = DEFINITIONAL_REPRESENTATION('',(#8165),#8169);
#8165 = LINE('',#8166,#8167);
#8166 = CARTESIAN_POINT('',(0.,-0.31));
#8167 = VECTOR('',#8168,1.);
#8168 = DIRECTION('',(0.,1.));
#8169 = ( GEOMETRIC_REPRESENTATION_CONTEXT(2) 
PARAMETRIC_REPRESENTATION_CONTEXT() REPRESENTATION_CONTEXT('2D SPACE',''
  ) );
#8170 = ORIENTED_EDGE('',*,*,#1468,.F.);
#8171 = ADVANCED_FACE('',(#8172),#1511,.F.);
#8172 = FACE_BOUND('',#8173,.F.);
#8173 = EDGE_LOOP('',(#8174,#8197,#8218,#8219));
#8174 = ORIENTED_EDGE('',*,*,#8175,.T.);
#8175 = EDGE_CURVE('',#1497,#8176,#8178,.T.);
#8176 = VERTEX_POINT('',#8177);
#8177 = CARTESIAN_POINT('',(2.998089307319,-6.87469712099,0.59));
#8178 = SURFACE_CURVE('',#8179,(#8183,#8190),.PCURVE_S1.);
#8179 = LINE('',#8180,#8181);
#8180 = CARTESIAN_POINT('',(2.998089307319,-6.87469712099,1.21));
#8181 = VECTOR('',#8182,1.);
#8182 = DIRECTION('',(0.,0.,-1.));
#8183 = PCURVE('',#1511,#8184);
#8184 = DEFINITIONAL_REPRESENTATION('',(#8185),#8189);
#8185 = LINE('',#8186,#8187);
#8186 = CARTESIAN_POINT('',(0.,0.31));
#8187 = VECTOR('',#8188,1.);
#8188 = DIRECTION('',(-0.,-1.));
#8189 = ( GEOMETRIC_REPRESENTATION_CONTEXT(2) 
PARAMETRIC_REPRESENTATION_CONTEXT() REPRESENTATION_CONTEXT('2D SPACE',''
  ) );
#8190 = PCURVE('',#1537,#8191);
#8191 = DEFINITIONAL_REPRESENTATION('',(#8192),#8196);
#8192 = LINE('',#8193,#8194);
#8193 = CARTESIAN_POINT('',(0.692805604433,0.31));
#8194 = VECTOR('',#8195,1.);
#8195 = DIRECTION('',(0.,-1.));
#8196 = ( GEOMETRIC_REPRESENTATION_CONTEXT(2) 
PARAMETRIC_REPRESENTATION_CONTEXT() REPRESENTATION_CONTEXT('2D SPACE',''
  ) );
#8197 = ORIENTED_EDGE('',*,*,#8198,.T.);
#8198 = EDGE_CURVE('',#8176,#8100,#8199,.T.);
#8199 = SURFACE_CURVE('',#8200,(#8204,#8211),.PCURVE_S1.);
#8200 = LINE('',#8201,#8202);
#8201 = CARTESIAN_POINT('',(2.998089307319,-6.87469712099,0.59));
#8202 = VECTOR('',#8203,1.);
#8203 = DIRECTION('',(-0.923879532511,-0.382683432365,0.));
#8204 = PCURVE('',#1511,#8205);
#8205 = DEFINITIONAL_REPRESENTATION('',(#8206),#8210);
#8206 = LINE('',#8207,#8208);
#8207 = CARTESIAN_POINT('',(-0.,-0.31));
#8208 = VECTOR('',#8209,1.);
#8209 = DIRECTION('',(1.,0.));
#8210 = ( GEOMETRIC_REPRESENTATION_CONTEXT(2) 
PARAMETRIC_REPRESENTATION_CONTEXT() REPRESENTATION_CONTEXT('2D SPACE',''
  ) );
#8211 = PCURVE('',#8138,#8212);
#8212 = DEFINITIONAL_REPRESENTATION('',(#8213),#8217);
#8213 = LINE('',#8214,#8215);
#8214 = CARTESIAN_POINT('',(-1.567917228133,4.148617782781));
#8215 = VECTOR('',#8216,1.);
#8216 = DIRECTION('',(-0.923879532511,-0.382683432365));
#8217 = ( GEOMETRIC_REPRESENTATION_CONTEXT(2) 
PARAMETRIC_REPRESENTATION_CONTEXT() REPRESENTATION_CONTEXT('2D SPACE',''
  ) );
#8218 = ORIENTED_EDGE('',*,*,#8099,.F.);
#8219 = ORIENTED_EDGE('',*,*,#1496,.F.);
#8220 = ADVANCED_FACE('',(#8221),#2133,.F.);
#8221 = FACE_BOUND('',#8222,.F.);
#8222 = EDGE_LOOP('',(#8223,#8224,#8247,#8268));
#8223 = ORIENTED_EDGE('',*,*,#8150,.F.);
#8224 = ORIENTED_EDGE('',*,*,#8225,.T.);
#8225 = EDGE_CURVE('',#8123,#8226,#8228,.T.);
#8226 = VERTEX_POINT('',#8227);
#8227 = CARTESIAN_POINT('',(3.169372039844,-8.298716285316,0.59));
#8228 = SURFACE_CURVE('',#8229,(#8233,#8240),.PCURVE_S1.);
#8229 = LINE('',#8230,#8231);
#8230 = CARTESIAN_POINT('',(2.955305897274,-7.639998025609,0.59));
#8231 = VECTOR('',#8232,1.);
#8232 = DIRECTION('',(0.309063491782,-0.951041407115,0.));
#8233 = PCURVE('',#2133,#8234);
#8234 = DEFINITIONAL_REPRESENTATION('',(#8235),#8239);
#8235 = LINE('',#8236,#8237);
#8236 = CARTESIAN_POINT('',(0.,-0.31));
#8237 = VECTOR('',#8238,1.);
#8238 = DIRECTION('',(1.,0.));
#8239 = ( GEOMETRIC_REPRESENTATION_CONTEXT(2) 
PARAMETRIC_REPRESENTATION_CONTEXT() REPRESENTATION_CONTEXT('2D SPACE',''
  ) );
#8240 = PCURVE('',#8138,#8241);
#8241 = DEFINITIONAL_REPRESENTATION('',(#8242),#8246);
#8242 = LINE('',#8243,#8244);
#8243 = CARTESIAN_POINT('',(-1.610700638177,3.383316878161));
#8244 = VECTOR('',#8245,1.);
#8245 = DIRECTION('',(0.309063491782,-0.951041407115));
#8246 = ( GEOMETRIC_REPRESENTATION_CONTEXT(2) 
PARAMETRIC_REPRESENTATION_CONTEXT() REPRESENTATION_CONTEXT('2D SPACE',''
  ) );
#8247 = ORIENTED_EDGE('',*,*,#8248,.T.);
#8248 = EDGE_CURVE('',#8226,#2095,#8249,.T.);
#8249 = SURFACE_CURVE('',#8250,(#8254,#8261),.PCURVE_S1.);
#8250 = LINE('',#8251,#8252);
#8251 = CARTESIAN_POINT('',(3.169372039844,-8.298716285316,0.59));
#8252 = VECTOR('',#8253,1.);
#8253 = DIRECTION('',(0.,0.,1.));
#8254 = PCURVE('',#2133,#8255);
#8255 = DEFINITIONAL_REPRESENTATION('',(#8256),#8260);
#8256 = LINE('',#8257,#8258);
#8257 = CARTESIAN_POINT('',(0.692628370099,-0.31));
#8258 = VECTOR('',#8259,1.);
#8259 = DIRECTION('',(0.,1.));
#8260 = ( GEOMETRIC_REPRESENTATION_CONTEXT(2) 
PARAMETRIC_REPRESENTATION_CONTEXT() REPRESENTATION_CONTEXT('2D SPACE',''
  ) );
#8261 = PCURVE('',#2109,#8262);
#8262 = DEFINITIONAL_REPRESENTATION('',(#8263),#8267);
#8263 = LINE('',#8264,#8265);
#8264 = CARTESIAN_POINT('',(0.,-0.31));
#8265 = VECTOR('',#8266,1.);
#8266 = DIRECTION('',(0.,1.));
#8267 = ( GEOMETRIC_REPRESENTATION_CONTEXT(2) 
PARAMETRIC_REPRESENTATION_CONTEXT() REPRESENTATION_CONTEXT('2D SPACE',''
  ) );
#8268 = ORIENTED_EDGE('',*,*,#2120,.F.);
#8269 = ADVANCED_FACE('',(#8270),#1537,.F.);
#8270 = FACE_BOUND('',#8271,.F.);
#8271 = EDGE_LOOP('',(#8272,#8295,#8316,#8317));
#8272 = ORIENTED_EDGE('',*,*,#8273,.T.);
#8273 = EDGE_CURVE('',#1523,#8274,#8276,.T.);
#8274 = VERTEX_POINT('',#8275);
#8275 = CARTESIAN_POINT('',(3.312577571717,-7.492011252603,0.59));
#8276 = SURFACE_CURVE('',#8277,(#8281,#8288),.PCURVE_S1.);
#8277 = LINE('',#8278,#8279);
#8278 = CARTESIAN_POINT('',(3.312577571717,-7.492011252603,1.21));
#8279 = VECTOR('',#8280,1.);
#8280 = DIRECTION('',(0.,0.,-1.));
#8281 = PCURVE('',#1537,#8282);
#8282 = DEFINITIONAL_REPRESENTATION('',(#8283),#8287);
#8283 = LINE('',#8284,#8285);
#8284 = CARTESIAN_POINT('',(0.,0.31));
#8285 = VECTOR('',#8286,1.);
#8286 = DIRECTION('',(0.,-1.));
#8287 = ( GEOMETRIC_REPRESENTATION_CONTEXT(2) 
PARAMETRIC_REPRESENTATION_CONTEXT() REPRESENTATION_CONTEXT('2D SPACE',''
  ) );
#8288 = PCURVE('',#1563,#8289);
#8289 = DEFINITIONAL_REPRESENTATION('',(#8290),#8294);
#8290 = LINE('',#8291,#8292);
#8291 = CARTESIAN_POINT('',(0.692628370099,0.31));
#8292 = VECTOR('',#8293,1.);
#8293 = DIRECTION('',(0.,-1.));
#8294 = ( GEOMETRIC_REPRESENTATION_CONTEXT(2) 
PARAMETRIC_REPRESENTATION_CONTEXT() REPRESENTATION_CONTEXT('2D SPACE',''
  ) );
#8295 = ORIENTED_EDGE('',*,*,#8296,.T.);
#8296 = EDGE_CURVE('',#8274,#8176,#8297,.T.);
#8297 = SURFACE_CURVE('',#8298,(#8302,#8309),.PCURVE_S1.);
#8298 = LINE('',#8299,#8300);
#8299 = CARTESIAN_POINT('',(3.312577571717,-7.492011252603,0.59));
#8300 = VECTOR('',#8301,1.);
#8301 = DIRECTION('',(-0.453934353859,0.891035129715,0.));
#8302 = PCURVE('',#1537,#8303);
#8303 = DEFINITIONAL_REPRESENTATION('',(#8304),#8308);
#8304 = LINE('',#8305,#8306);
#8305 = CARTESIAN_POINT('',(0.,-0.31));
#8306 = VECTOR('',#8307,1.);
#8307 = DIRECTION('',(1.,0.));
#8308 = ( GEOMETRIC_REPRESENTATION_CONTEXT(2) 
PARAMETRIC_REPRESENTATION_CONTEXT() REPRESENTATION_CONTEXT('2D SPACE',''
  ) );
#8309 = PCURVE('',#8138,#8310);
#8310 = DEFINITIONAL_REPRESENTATION('',(#8311),#8315);
#8311 = LINE('',#8312,#8313);
#8312 = CARTESIAN_POINT('',(-1.253428963734,3.531303651167));
#8313 = VECTOR('',#8314,1.);
#8314 = DIRECTION('',(-0.453934353859,0.891035129715));
#8315 = ( GEOMETRIC_REPRESENTATION_CONTEXT(2) 
PARAMETRIC_REPRESENTATION_CONTEXT() REPRESENTATION_CONTEXT('2D SPACE',''
  ) );
#8316 = ORIENTED_EDGE('',*,*,#8175,.F.);
#8317 = ORIENTED_EDGE('',*,*,#1522,.F.);
#8318 = ADVANCED_FACE('',(#8319),#2109,.F.);
#8319 = FACE_BOUND('',#8320,.F.);
#8320 = EDGE_LOOP('',(#8321,#8322,#8345,#8366));
#8321 = ORIENTED_EDGE('',*,*,#8248,.F.);
#8322 = ORIENTED_EDGE('',*,*,#8323,.T.);
#8323 = EDGE_CURVE('',#8226,#8324,#8326,.T.);
#8324 = VERTEX_POINT('',#8325);
#8325 = CARTESIAN_POINT('',(3.383388550324,-8.957304668121,0.59));
#8326 = SURFACE_CURVE('',#8327,(#8331,#8338),.PCURVE_S1.);
#8327 = LINE('',#8328,#8329);
#8328 = CARTESIAN_POINT('',(3.169372039844,-8.298716285316,0.59));
#8329 = VECTOR('',#8330,1.);
#8330 = DIRECTION('',(0.309053793106,-0.951044558875,0.));
#8331 = PCURVE('',#2109,#8332);
#8332 = DEFINITIONAL_REPRESENTATION('',(#8333),#8337);
#8333 = LINE('',#8334,#8335);
#8334 = CARTESIAN_POINT('',(0.,-0.31));
#8335 = VECTOR('',#8336,1.);
#8336 = DIRECTION('',(1.,0.));
#8337 = ( GEOMETRIC_REPRESENTATION_CONTEXT(2) 
PARAMETRIC_REPRESENTATION_CONTEXT() REPRESENTATION_CONTEXT('2D SPACE',''
  ) );
#8338 = PCURVE('',#8138,#8339);
#8339 = DEFINITIONAL_REPRESENTATION('',(#8340),#8344);
#8340 = LINE('',#8341,#8342);
#8341 = CARTESIAN_POINT('',(-1.396634495607,2.724598618454));
#8342 = VECTOR('',#8343,1.);
#8343 = DIRECTION('',(0.309053793106,-0.951044558875));
#8344 = ( GEOMETRIC_REPRESENTATION_CONTEXT(2) 
PARAMETRIC_REPRESENTATION_CONTEXT() REPRESENTATION_CONTEXT('2D SPACE',''
  ) );
#8345 = ORIENTED_EDGE('',*,*,#8346,.T.);
#8346 = EDGE_CURVE('',#8324,#2069,#8347,.T.);
#8347 = SURFACE_CURVE('',#8348,(#8352,#8359),.PCURVE_S1.);
#8348 = LINE('',#8349,#8350);
#8349 = CARTESIAN_POINT('',(3.383388550324,-8.957304668121,0.59));
#8350 = VECTOR('',#8351,1.);
#8351 = DIRECTION('',(0.,0.,1.));
#8352 = PCURVE('',#2109,#8353);
#8353 = DEFINITIONAL_REPRESENTATION('',(#8354),#8358);
#8354 = LINE('',#8355,#8356);
#8355 = CARTESIAN_POINT('',(0.692489512356,-0.31));
#8356 = VECTOR('',#8357,1.);
#8357 = DIRECTION('',(0.,1.));
#8358 = ( GEOMETRIC_REPRESENTATION_CONTEXT(2) 
PARAMETRIC_REPRESENTATION_CONTEXT() REPRESENTATION_CONTEXT('2D SPACE',''
  ) );
#8359 = PCURVE('',#2083,#8360);
#8360 = DEFINITIONAL_REPRESENTATION('',(#8361),#8365);
#8361 = LINE('',#8362,#8363);
#8362 = CARTESIAN_POINT('',(0.,-0.31));
#8363 = VECTOR('',#8364,1.);
#8364 = DIRECTION('',(0.,1.));
#8365 = ( GEOMETRIC_REPRESENTATION_CONTEXT(2) 
PARAMETRIC_REPRESENTATION_CONTEXT() REPRESENTATION_CONTEXT('2D SPACE',''
  ) );
#8366 = ORIENTED_EDGE('',*,*,#2094,.F.);
#8367 = ADVANCED_FACE('',(#8368),#1563,.F.);
#8368 = FACE_BOUND('',#8369,.F.);
#8369 = EDGE_LOOP('',(#8370,#8393,#8414,#8415));
#8370 = ORIENTED_EDGE('',*,*,#8371,.F.);
#8371 = EDGE_CURVE('',#8372,#1549,#8374,.T.);
#8372 = VERTEX_POINT('',#8373);
#8373 = CARTESIAN_POINT('',(3.626994099014,-8.109163021967,0.59));
#8374 = SURFACE_CURVE('',#8375,(#8379,#8386),.PCURVE_S1.);
#8375 = LINE('',#8376,#8377);
#8376 = CARTESIAN_POINT('',(3.626994099014,-8.109163021967,0.59));
#8377 = VECTOR('',#8378,1.);
#8378 = DIRECTION('',(0.,0.,1.));
#8379 = PCURVE('',#1563,#8380);
#8380 = DEFINITIONAL_REPRESENTATION('',(#8381),#8385);
#8381 = LINE('',#8382,#8383);
#8382 = CARTESIAN_POINT('',(0.,-0.31));
#8383 = VECTOR('',#8384,1.);
#8384 = DIRECTION('',(0.,1.));
#8385 = ( GEOMETRIC_REPRESENTATION_CONTEXT(2) 
PARAMETRIC_REPRESENTATION_CONTEXT() REPRESENTATION_CONTEXT('2D SPACE',''
  ) );
#8386 = PCURVE('',#1589,#8387);
#8387 = DEFINITIONAL_REPRESENTATION('',(#8388),#8392);
#8388 = LINE('',#8389,#8390);
#8389 = CARTESIAN_POINT('',(0.692489512356,-0.31));
#8390 = VECTOR('',#8391,1.);
#8391 = DIRECTION('',(0.,1.));
#8392 = ( GEOMETRIC_REPRESENTATION_CONTEXT(2) 
PARAMETRIC_REPRESENTATION_CONTEXT() REPRESENTATION_CONTEXT('2D SPACE',''
  ) );
#8393 = ORIENTED_EDGE('',*,*,#8394,.T.);
#8394 = EDGE_CURVE('',#8372,#8274,#8395,.T.);
#8395 = SURFACE_CURVE('',#8396,(#8400,#8407),.PCURVE_S1.);
#8396 = LINE('',#8397,#8398);
#8397 = CARTESIAN_POINT('',(3.626994099014,-8.109163021967,0.59));
#8398 = VECTOR('',#8399,1.);
#8399 = DIRECTION('',(-0.453946937304,0.891028719016,0.));
#8400 = PCURVE('',#1563,#8401);
#8401 = DEFINITIONAL_REPRESENTATION('',(#8402),#8406);
#8402 = LINE('',#8403,#8404);
#8403 = CARTESIAN_POINT('',(0.,-0.31));
#8404 = VECTOR('',#8405,1.);
#8405 = DIRECTION('',(1.,0.));
#8406 = ( GEOMETRIC_REPRESENTATION_CONTEXT(2) 
PARAMETRIC_REPRESENTATION_CONTEXT() REPRESENTATION_CONTEXT('2D SPACE',''
  ) );
#8407 = PCURVE('',#8138,#8408);
#8408 = DEFINITIONAL_REPRESENTATION('',(#8409),#8413);
#8409 = LINE('',#8410,#8411);
#8410 = CARTESIAN_POINT('',(-0.939012436438,2.914151881804));
#8411 = VECTOR('',#8412,1.);
#8412 = DIRECTION('',(-0.453946937304,0.891028719016));
#8413 = ( GEOMETRIC_REPRESENTATION_CONTEXT(2) 
PARAMETRIC_REPRESENTATION_CONTEXT() REPRESENTATION_CONTEXT('2D SPACE',''
  ) );
#8414 = ORIENTED_EDGE('',*,*,#8273,.F.);
#8415 = ORIENTED_EDGE('',*,*,#1548,.F.);
#8416 = ADVANCED_FACE('',(#8417),#2083,.F.);
#8417 = FACE_BOUND('',#8418,.F.);
#8418 = EDGE_LOOP('',(#8419,#8420,#8443,#8464));
#8419 = ORIENTED_EDGE('',*,*,#8346,.F.);
#8420 = ORIENTED_EDGE('',*,*,#8421,.T.);
#8421 = EDGE_CURVE('',#8324,#8422,#8424,.T.);
#8422 = VERTEX_POINT('',#8423);
#8423 = CARTESIAN_POINT('',(3.597365843647,-9.61578927761,0.59));
#8424 = SURFACE_CURVE('',#8425,(#8429,#8436),.PCURVE_S1.);
#8425 = LINE('',#8426,#8427);
#8426 = CARTESIAN_POINT('',(3.383388550324,-8.957304668121,0.59));
#8427 = VECTOR('',#8428,1.);
#8428 = DIRECTION('',(0.30904661509,-0.951046891431,0.));
#8429 = PCURVE('',#2083,#8430);
#8430 = DEFINITIONAL_REPRESENTATION('',(#8431),#8435);
#8431 = LINE('',#8432,#8433);
#8432 = CARTESIAN_POINT('',(0.,-0.31));
#8433 = VECTOR('',#8434,1.);
#8434 = DIRECTION('',(1.,0.));
#8435 = ( GEOMETRIC_REPRESENTATION_CONTEXT(2) 
PARAMETRIC_REPRESENTATION_CONTEXT() REPRESENTATION_CONTEXT('2D SPACE',''
  ) );
#8436 = PCURVE('',#8138,#8437);
#8437 = DEFINITIONAL_REPRESENTATION('',(#8438),#8442);
#8438 = LINE('',#8439,#8440);
#8439 = CARTESIAN_POINT('',(-1.182617985127,2.06601023565));
#8440 = VECTOR('',#8441,1.);
#8441 = DIRECTION('',(0.30904661509,-0.951046891431));
#8442 = ( GEOMETRIC_REPRESENTATION_CONTEXT(2) 
PARAMETRIC_REPRESENTATION_CONTEXT() REPRESENTATION_CONTEXT('2D SPACE',''
  ) );
#8443 = ORIENTED_EDGE('',*,*,#8444,.T.);
#8444 = EDGE_CURVE('',#8422,#2043,#8445,.T.);
#8445 = SURFACE_CURVE('',#8446,(#8450,#8457),.PCURVE_S1.);
#8446 = LINE('',#8447,#8448);
#8447 = CARTESIAN_POINT('',(3.597365843647,-9.61578927761,0.59));
#8448 = VECTOR('',#8449,1.);
#8449 = DIRECTION('',(0.,0.,1.));
#8450 = PCURVE('',#2083,#8451);
#8451 = DEFINITIONAL_REPRESENTATION('',(#8452),#8456);
#8452 = LINE('',#8453,#8454);
#8453 = CARTESIAN_POINT('',(0.692378699118,-0.31));
#8454 = VECTOR('',#8455,1.);
#8455 = DIRECTION('',(0.,1.));
#8456 = ( GEOMETRIC_REPRESENTATION_CONTEXT(2) 
PARAMETRIC_REPRESENTATION_CONTEXT() REPRESENTATION_CONTEXT('2D SPACE',''
  ) );
#8457 = PCURVE('',#2057,#8458);
#8458 = DEFINITIONAL_REPRESENTATION('',(#8459),#8463);
#8459 = LINE('',#8460,#8461);
#8460 = CARTESIAN_POINT('',(0.,-0.31));
#8461 = VECTOR('',#8462,1.);
#8462 = DIRECTION('',(0.,1.));
#8463 = ( GEOMETRIC_REPRESENTATION_CONTEXT(2) 
PARAMETRIC_REPRESENTATION_CONTEXT() REPRESENTATION_CONTEXT('2D SPACE',''
  ) );
#8464 = ORIENTED_EDGE('',*,*,#2068,.F.);
#8465 = ADVANCED_FACE('',(#8466),#1589,.F.);
#8466 = FACE_BOUND('',#8467,.F.);
#8467 = EDGE_LOOP('',(#8468,#8491,#8512,#8513));
#8468 = ORIENTED_EDGE('',*,*,#8469,.F.);
#8469 = EDGE_CURVE('',#8470,#1575,#8472,.T.);
#8470 = VERTEX_POINT('',#8471);
#8471 = CARTESIAN_POINT('',(3.941353884659,-8.726187859305,0.59));
#8472 = SURFACE_CURVE('',#8473,(#8477,#8484),.PCURVE_S1.);
#8473 = LINE('',#8474,#8475);
#8474 = CARTESIAN_POINT('',(3.941353884659,-8.726187859305,0.59));
#8475 = VECTOR('',#8476,1.);
#8476 = DIRECTION('',(0.,0.,1.));
#8477 = PCURVE('',#1589,#8478);
#8478 = DEFINITIONAL_REPRESENTATION('',(#8479),#8483);
#8479 = LINE('',#8480,#8481);
#8480 = CARTESIAN_POINT('',(0.,-0.31));
#8481 = VECTOR('',#8482,1.);
#8482 = DIRECTION('',(0.,1.));
#8483 = ( GEOMETRIC_REPRESENTATION_CONTEXT(2) 
PARAMETRIC_REPRESENTATION_CONTEXT() REPRESENTATION_CONTEXT('2D SPACE',''
  ) );
#8484 = PCURVE('',#1615,#8485);
#8485 = DEFINITIONAL_REPRESENTATION('',(#8486),#8490);
#8486 = LINE('',#8487,#8488);
#8487 = CARTESIAN_POINT('',(0.692378699118,-0.31));
#8488 = VECTOR('',#8489,1.);
#8489 = DIRECTION('',(0.,1.));
#8490 = ( GEOMETRIC_REPRESENTATION_CONTEXT(2) 
PARAMETRIC_REPRESENTATION_CONTEXT() REPRESENTATION_CONTEXT('2D SPACE',''
  ) );
#8491 = ORIENTED_EDGE('',*,*,#8492,.T.);
#8492 = EDGE_CURVE('',#8470,#8372,#8493,.T.);
#8493 = SURFACE_CURVE('',#8494,(#8498,#8505),.PCURVE_S1.);
#8494 = LINE('',#8495,#8496);
#8495 = CARTESIAN_POINT('',(3.941353884659,-8.726187859305,0.59));
#8496 = VECTOR('',#8497,1.);
#8497 = DIRECTION('',(-0.453956023935,0.891024089648,0.));
#8498 = PCURVE('',#1589,#8499);
#8499 = DEFINITIONAL_REPRESENTATION('',(#8500),#8504);
#8500 = LINE('',#8501,#8502);
#8501 = CARTESIAN_POINT('',(0.,-0.31));
#8502 = VECTOR('',#8503,1.);
#8503 = DIRECTION('',(1.,0.));
#8504 = ( GEOMETRIC_REPRESENTATION_CONTEXT(2) 
PARAMETRIC_REPRESENTATION_CONTEXT() REPRESENTATION_CONTEXT('2D SPACE',''
  ) );
#8505 = PCURVE('',#8138,#8506);
#8506 = DEFINITIONAL_REPRESENTATION('',(#8507),#8511);
#8507 = LINE('',#8508,#8509);
#8508 = CARTESIAN_POINT('',(-0.624652650792,2.297127044465));
#8509 = VECTOR('',#8510,1.);
#8510 = DIRECTION('',(-0.453956023935,0.891024089648));
#8511 = ( GEOMETRIC_REPRESENTATION_CONTEXT(2) 
PARAMETRIC_REPRESENTATION_CONTEXT() REPRESENTATION_CONTEXT('2D SPACE',''
  ) );
#8512 = ORIENTED_EDGE('',*,*,#8371,.T.);
#8513 = ORIENTED_EDGE('',*,*,#1574,.F.);
#8514 = ADVANCED_FACE('',(#8515),#2057,.F.);
#8515 = FACE_BOUND('',#8516,.F.);
#8516 = EDGE_LOOP('',(#8517,#8518,#8541,#8562));
#8517 = ORIENTED_EDGE('',*,*,#8444,.F.);
#8518 = ORIENTED_EDGE('',*,*,#8519,.T.);
#8519 = EDGE_CURVE('',#8422,#8520,#8522,.T.);
#8520 = VERTEX_POINT('',#8521);
#8521 = CARTESIAN_POINT('',(3.81131161485,-10.2741896624,0.59));
#8522 = SURFACE_CURVE('',#8523,(#8527,#8534),.PCURVE_S1.);
#8523 = LINE('',#8524,#8525);
#8524 = CARTESIAN_POINT('',(3.597365843647,-9.61578927761,0.59));
#8525 = VECTOR('',#8526,1.);
#8526 = DIRECTION('',(0.309041189159,-0.951048654593,0.));
#8527 = PCURVE('',#2057,#8528);
#8528 = DEFINITIONAL_REPRESENTATION('',(#8529),#8533);
#8529 = LINE('',#8530,#8531);
#8530 = CARTESIAN_POINT('',(0.,-0.31));
#8531 = VECTOR('',#8532,1.);
#8532 = DIRECTION('',(1.,0.));
#8533 = ( GEOMETRIC_REPRESENTATION_CONTEXT(2) 
PARAMETRIC_REPRESENTATION_CONTEXT() REPRESENTATION_CONTEXT('2D SPACE',''
  ) );
#8534 = PCURVE('',#8138,#8535);
#8535 = DEFINITIONAL_REPRESENTATION('',(#8536),#8540);
#8536 = LINE('',#8537,#8538);
#8537 = CARTESIAN_POINT('',(-0.968640691804,1.40752562616));
#8538 = VECTOR('',#8539,1.);
#8539 = DIRECTION('',(0.309041189159,-0.951048654593));
#8540 = ( GEOMETRIC_REPRESENTATION_CONTEXT(2) 
PARAMETRIC_REPRESENTATION_CONTEXT() REPRESENTATION_CONTEXT('2D SPACE',''
  ) );
#8541 = ORIENTED_EDGE('',*,*,#8542,.T.);
#8542 = EDGE_CURVE('',#8520,#2017,#8543,.T.);
#8543 = SURFACE_CURVE('',#8544,(#8548,#8555),.PCURVE_S1.);
#8544 = LINE('',#8545,#8546);
#8545 = CARTESIAN_POINT('',(3.81131161485,-10.2741896624,0.59));
#8546 = VECTOR('',#8547,1.);
#8547 = DIRECTION('',(0.,0.,1.));
#8548 = PCURVE('',#2057,#8549);
#8549 = DEFINITIONAL_REPRESENTATION('',(#8550),#8554);
#8550 = LINE('',#8551,#8552);
#8551 = CARTESIAN_POINT('',(0.692288855685,-0.31));
#8552 = VECTOR('',#8553,1.);
#8553 = DIRECTION('',(0.,1.));
#8554 = ( GEOMETRIC_REPRESENTATION_CONTEXT(2) 
PARAMETRIC_REPRESENTATION_CONTEXT() REPRESENTATION_CONTEXT('2D SPACE',''
  ) );
#8555 = PCURVE('',#2031,#8556);
#8556 = DEFINITIONAL_REPRESENTATION('',(#8557),#8561);
#8557 = LINE('',#8558,#8559);
#8558 = CARTESIAN_POINT('',(0.,-0.31));
#8559 = VECTOR('',#8560,1.);
#8560 = DIRECTION('',(0.,1.));
#8561 = ( GEOMETRIC_REPRESENTATION_CONTEXT(2) 
PARAMETRIC_REPRESENTATION_CONTEXT() REPRESENTATION_CONTEXT('2D SPACE',''
  ) );
#8562 = ORIENTED_EDGE('',*,*,#2042,.F.);
#8563 = ADVANCED_FACE('',(#8564),#1615,.F.);
#8564 = FACE_BOUND('',#8565,.F.);
#8565 = EDGE_LOOP('',(#8566,#8589,#8610,#8611));
#8566 = ORIENTED_EDGE('',*,*,#8567,.F.);
#8567 = EDGE_CURVE('',#8568,#1601,#8570,.T.);
#8568 = VERTEX_POINT('',#8569);
#8569 = CARTESIAN_POINT('',(4.255668022207,-9.343111587111,0.59));
#8570 = SURFACE_CURVE('',#8571,(#8575,#8582),.PCURVE_S1.);
#8571 = LINE('',#8572,#8573);
#8572 = CARTESIAN_POINT('',(4.255668022207,-9.343111587111,0.59));
#8573 = VECTOR('',#8574,1.);
#8574 = DIRECTION('',(0.,0.,1.));
#8575 = PCURVE('',#1615,#8576);
#8576 = DEFINITIONAL_REPRESENTATION('',(#8577),#8581);
#8577 = LINE('',#8578,#8579);
#8578 = CARTESIAN_POINT('',(0.,-0.31));
#8579 = VECTOR('',#8580,1.);
#8580 = DIRECTION('',(0.,1.));
#8581 = ( GEOMETRIC_REPRESENTATION_CONTEXT(2) 
PARAMETRIC_REPRESENTATION_CONTEXT() REPRESENTATION_CONTEXT('2D SPACE',''
  ) );
#8582 = PCURVE('',#1641,#8583);
#8583 = DEFINITIONAL_REPRESENTATION('',(#8584),#8588);
#8584 = LINE('',#8585,#8586);
#8585 = CARTESIAN_POINT('',(0.692288855685,-0.31));
#8586 = VECTOR('',#8587,1.);
#8587 = DIRECTION('',(0.,1.));
#8588 = ( GEOMETRIC_REPRESENTATION_CONTEXT(2) 
PARAMETRIC_REPRESENTATION_CONTEXT() REPRESENTATION_CONTEXT('2D SPACE',''
  ) );
#8589 = ORIENTED_EDGE('',*,*,#8590,.T.);
#8590 = EDGE_CURVE('',#8568,#8470,#8591,.T.);
#8591 = SURFACE_CURVE('',#8592,(#8596,#8603),.PCURVE_S1.);
#8592 = LINE('',#8593,#8594);
#8593 = CARTESIAN_POINT('',(4.255668022207,-9.343111587111,0.59));
#8594 = VECTOR('',#8595,1.);
#8595 = DIRECTION('',(-0.453962748924,0.891020663391,0.));
#8596 = PCURVE('',#1615,#8597);
#8597 = DEFINITIONAL_REPRESENTATION('',(#8598),#8602);
#8598 = LINE('',#8599,#8600);
#8599 = CARTESIAN_POINT('',(0.,-0.31));
#8600 = VECTOR('',#8601,1.);
#8601 = DIRECTION('',(1.,0.));
#8602 = ( GEOMETRIC_REPRESENTATION_CONTEXT(2) 
PARAMETRIC_REPRESENTATION_CONTEXT() REPRESENTATION_CONTEXT('2D SPACE',''
  ) );
#8603 = PCURVE('',#8138,#8604);
#8604 = DEFINITIONAL_REPRESENTATION('',(#8605),#8609);
#8605 = LINE('',#8606,#8607);
#8606 = CARTESIAN_POINT('',(-0.310338513244,1.68020331666));
#8607 = VECTOR('',#8608,1.);
#8608 = DIRECTION('',(-0.453962748924,0.891020663391));
#8609 = ( GEOMETRIC_REPRESENTATION_CONTEXT(2) 
PARAMETRIC_REPRESENTATION_CONTEXT() REPRESENTATION_CONTEXT('2D SPACE',''
  ) );
#8610 = ORIENTED_EDGE('',*,*,#8469,.T.);
#8611 = ORIENTED_EDGE('',*,*,#1600,.F.);
#8612 = ADVANCED_FACE('',(#8613),#2031,.F.);
#8613 = FACE_BOUND('',#8614,.F.);
#8614 = EDGE_LOOP('',(#8615,#8616,#8639,#8660));
#8615 = ORIENTED_EDGE('',*,*,#8542,.F.);
#8616 = ORIENTED_EDGE('',*,*,#8617,.T.);
#8617 = EDGE_CURVE('',#8520,#8618,#8620,.T.);
#8618 = VERTEX_POINT('',#8619);
#8619 = CARTESIAN_POINT('',(4.025231671634,-10.93252075185,0.59));
#8620 = SURFACE_CURVE('',#8621,(#8625,#8632),.PCURVE_S1.);
#8621 = LINE('',#8622,#8623);
#8622 = CARTESIAN_POINT('',(3.81131161485,-10.2741896624,0.59));
#8623 = VECTOR('',#8624,1.);
#8624 = DIRECTION('',(0.309037011681,-0.951050012045,0.));
#8625 = PCURVE('',#2031,#8626);
#8626 = DEFINITIONAL_REPRESENTATION('',(#8627),#8631);
#8627 = LINE('',#8628,#8629);
#8628 = CARTESIAN_POINT('',(0.,-0.31));
#8629 = VECTOR('',#8630,1.);
#8630 = DIRECTION('',(1.,0.));
#8631 = ( GEOMETRIC_REPRESENTATION_CONTEXT(2) 
PARAMETRIC_REPRESENTATION_CONTEXT() REPRESENTATION_CONTEXT('2D SPACE',''
  ) );
#8632 = PCURVE('',#8138,#8633);
#8633 = DEFINITIONAL_REPRESENTATION('',(#8634),#8638);
#8634 = LINE('',#8635,#8636);
#8635 = CARTESIAN_POINT('',(-0.754694920602,0.749125241371));
#8636 = VECTOR('',#8637,1.);
#8637 = DIRECTION('',(0.309037011681,-0.951050012045));
#8638 = ( GEOMETRIC_REPRESENTATION_CONTEXT(2) 
PARAMETRIC_REPRESENTATION_CONTEXT() REPRESENTATION_CONTEXT('2D SPACE',''
  ) );
#8639 = ORIENTED_EDGE('',*,*,#8640,.T.);
#8640 = EDGE_CURVE('',#8618,#1991,#8641,.T.);
#8641 = SURFACE_CURVE('',#8642,(#8646,#8653),.PCURVE_S1.);
#8642 = LINE('',#8643,#8644);
#8643 = CARTESIAN_POINT('',(4.025231671634,-10.93252075185,0.59));
#8644 = VECTOR('',#8645,1.);
#8645 = DIRECTION('',(0.,0.,1.));
#8646 = PCURVE('',#2031,#8647);
#8647 = DEFINITIONAL_REPRESENTATION('',(#8648),#8652);
#8648 = LINE('',#8649,#8650);
#8649 = CARTESIAN_POINT('',(0.692215005641,-0.31));
#8650 = VECTOR('',#8651,1.);
#8651 = DIRECTION('',(0.,1.));
#8652 = ( GEOMETRIC_REPRESENTATION_CONTEXT(2) 
PARAMETRIC_REPRESENTATION_CONTEXT() REPRESENTATION_CONTEXT('2D SPACE',''
  ) );
#8653 = PCURVE('',#2005,#8654);
#8654 = DEFINITIONAL_REPRESENTATION('',(#8655),#8659);
#8655 = LINE('',#8656,#8657);
#8656 = CARTESIAN_POINT('',(0.,-0.31));
#8657 = VECTOR('',#8658,1.);
#8658 = DIRECTION('',(0.,1.));
#8659 = ( GEOMETRIC_REPRESENTATION_CONTEXT(2) 
PARAMETRIC_REPRESENTATION_CONTEXT() REPRESENTATION_CONTEXT('2D SPACE',''
  ) );
#8660 = ORIENTED_EDGE('',*,*,#2016,.F.);
#8661 = ADVANCED_FACE('',(#8662),#1641,.F.);
#8662 = FACE_BOUND('',#8663,.F.);
#8663 = EDGE_LOOP('',(#8664,#8687,#8708,#8709));
#8664 = ORIENTED_EDGE('',*,*,#8665,.F.);
#8665 = EDGE_CURVE('',#8666,#1627,#8668,.T.);
#8666 = VERTEX_POINT('',#8667);
#8667 = CARTESIAN_POINT('',(4.569944893404,-9.959953469555,0.59));
#8668 = SURFACE_CURVE('',#8669,(#8673,#8680),.PCURVE_S1.);
#8669 = LINE('',#8670,#8671);
#8670 = CARTESIAN_POINT('',(4.569944893404,-9.959953469555,0.59));
#8671 = VECTOR('',#8672,1.);
#8672 = DIRECTION('',(0.,0.,1.));
#8673 = PCURVE('',#1641,#8674);
#8674 = DEFINITIONAL_REPRESENTATION('',(#8675),#8679);
#8675 = LINE('',#8676,#8677);
#8676 = CARTESIAN_POINT('',(0.,-0.31));
#8677 = VECTOR('',#8678,1.);
#8678 = DIRECTION('',(0.,1.));
#8679 = ( GEOMETRIC_REPRESENTATION_CONTEXT(2) 
PARAMETRIC_REPRESENTATION_CONTEXT() REPRESENTATION_CONTEXT('2D SPACE',''
  ) );
#8680 = PCURVE('',#1667,#8681);
#8681 = DEFINITIONAL_REPRESENTATION('',(#8682),#8686);
#8682 = LINE('',#8683,#8684);
#8683 = CARTESIAN_POINT('',(0.692215005641,-0.31));
#8684 = VECTOR('',#8685,1.);
#8685 = DIRECTION('',(0.,1.));
#8686 = ( GEOMETRIC_REPRESENTATION_CONTEXT(2) 
PARAMETRIC_REPRESENTATION_CONTEXT() REPRESENTATION_CONTEXT('2D SPACE',''
  ) );
#8687 = ORIENTED_EDGE('',*,*,#8688,.T.);
#8688 = EDGE_CURVE('',#8666,#8568,#8689,.T.);
#8689 = SURFACE_CURVE('',#8690,(#8694,#8701),.PCURVE_S1.);
#8690 = LINE('',#8691,#8692);
#8691 = CARTESIAN_POINT('',(4.569944893404,-9.959953469555,0.59));
#8692 = VECTOR('',#8693,1.);
#8693 = DIRECTION('',(-0.453967832381,0.891018073421,0.));
#8694 = PCURVE('',#1641,#8695);
#8695 = DEFINITIONAL_REPRESENTATION('',(#8696),#8700);
#8696 = LINE('',#8697,#8698);
#8697 = CARTESIAN_POINT('',(0.,-0.31));
#8698 = VECTOR('',#8699,1.);
#8699 = DIRECTION('',(1.,0.));
#8700 = ( GEOMETRIC_REPRESENTATION_CONTEXT(2) 
PARAMETRIC_REPRESENTATION_CONTEXT() REPRESENTATION_CONTEXT('2D SPACE',''
  ) );
#8701 = PCURVE('',#8138,#8702);
#8702 = DEFINITIONAL_REPRESENTATION('',(#8703),#8707);
#8703 = LINE('',#8704,#8705);
#8704 = CARTESIAN_POINT('',(3.938357953039E-03,1.063361434216));
#8705 = VECTOR('',#8706,1.);
#8706 = DIRECTION('',(-0.453967832381,0.891018073421));
#8707 = ( GEOMETRIC_REPRESENTATION_CONTEXT(2) 
PARAMETRIC_REPRESENTATION_CONTEXT() REPRESENTATION_CONTEXT('2D SPACE',''
  ) );
#8708 = ORIENTED_EDGE('',*,*,#8567,.T.);
#8709 = ORIENTED_EDGE('',*,*,#1626,.F.);
#8710 = ADVANCED_FACE('',(#8711),#2005,.F.);
#8711 = FACE_BOUND('',#8712,.F.);
#8712 = EDGE_LOOP('',(#8713,#8714,#8737,#8758));
#8713 = ORIENTED_EDGE('',*,*,#8640,.F.);
#8714 = ORIENTED_EDGE('',*,*,#8715,.T.);
#8715 = EDGE_CURVE('',#8618,#8716,#8718,.T.);
#8716 = VERTEX_POINT('',#8717);
#8717 = CARTESIAN_POINT('',(4.239130479018,-11.59079414418,0.59));
#8718 = SURFACE_CURVE('',#8719,(#8723,#8730),.PCURVE_S1.);
#8719 = LINE('',#8720,#8721);
#8720 = CARTESIAN_POINT('',(4.025231671634,-10.93252075185,0.59));
#8721 = VECTOR('',#8722,1.);
#8722 = DIRECTION('',(0.309033743242,-0.951051074095,0.));
#8723 = PCURVE('',#2005,#8724);
#8724 = DEFINITIONAL_REPRESENTATION('',(#8725),#8729);
#8725 = LINE('',#8726,#8727);
#8726 = CARTESIAN_POINT('',(0.,-0.31));
#8727 = VECTOR('',#8728,1.);
#8728 = DIRECTION('',(1.,0.));
#8729 = ( GEOMETRIC_REPRESENTATION_CONTEXT(2) 
PARAMETRIC_REPRESENTATION_CONTEXT() REPRESENTATION_CONTEXT('2D SPACE',''
  ) );
#8730 = PCURVE('',#8138,#8731);
#8731 = DEFINITIONAL_REPRESENTATION('',(#8732),#8736);
#8732 = LINE('',#8733,#8734);
#8733 = CARTESIAN_POINT('',(-0.540774863817,9.07941519183E-02));
#8734 = VECTOR('',#8735,1.);
#8735 = DIRECTION('',(0.309033743242,-0.951051074095));
#8736 = ( GEOMETRIC_REPRESENTATION_CONTEXT(2) 
PARAMETRIC_REPRESENTATION_CONTEXT() REPRESENTATION_CONTEXT('2D SPACE',''
  ) );
#8737 = ORIENTED_EDGE('',*,*,#8738,.T.);
#8738 = EDGE_CURVE('',#8716,#1965,#8739,.T.);
#8739 = SURFACE_CURVE('',#8740,(#8744,#8751),.PCURVE_S1.);
#8740 = LINE('',#8741,#8742);
#8741 = CARTESIAN_POINT('',(4.239130479018,-11.59079414418,0.59));
#8742 = VECTOR('',#8743,1.);
#8743 = DIRECTION('',(0.,0.,1.));
#8744 = PCURVE('',#2005,#8745);
#8745 = DEFINITIONAL_REPRESENTATION('',(#8746),#8750);
#8746 = LINE('',#8747,#8748);
#8747 = CARTESIAN_POINT('',(0.692153565952,-0.31));
#8748 = VECTOR('',#8749,1.);
#8749 = DIRECTION('',(0.,1.));
#8750 = ( GEOMETRIC_REPRESENTATION_CONTEXT(2) 
PARAMETRIC_REPRESENTATION_CONTEXT() REPRESENTATION_CONTEXT('2D SPACE',''
  ) );
#8751 = PCURVE('',#1979,#8752);
#8752 = DEFINITIONAL_REPRESENTATION('',(#8753),#8757);
#8753 = LINE('',#8754,#8755);
#8754 = CARTESIAN_POINT('',(0.,-0.31));
#8755 = VECTOR('',#8756,1.);
#8756 = DIRECTION('',(0.,1.));
#8757 = ( GEOMETRIC_REPRESENTATION_CONTEXT(2) 
PARAMETRIC_REPRESENTATION_CONTEXT() REPRESENTATION_CONTEXT('2D SPACE',''
  ) );
#8758 = ORIENTED_EDGE('',*,*,#1990,.F.);
#8759 = ADVANCED_FACE('',(#8760),#1667,.F.);
#8760 = FACE_BOUND('',#8761,.F.);
#8761 = EDGE_LOOP('',(#8762,#8785,#8806,#8807));
#8762 = ORIENTED_EDGE('',*,*,#8763,.F.);
#8763 = EDGE_CURVE('',#8764,#1653,#8766,.T.);
#8764 = VERTEX_POINT('',#8765);
#8765 = CARTESIAN_POINT('',(4.884190948238,-10.57672816995,0.59));
#8766 = SURFACE_CURVE('',#8767,(#8771,#8778),.PCURVE_S1.);
#8767 = LINE('',#8768,#8769);
#8768 = CARTESIAN_POINT('',(4.884190948238,-10.57672816995,0.59));
#8769 = VECTOR('',#8770,1.);
#8770 = DIRECTION('',(0.,0.,1.));
#8771 = PCURVE('',#1667,#8772);
#8772 = DEFINITIONAL_REPRESENTATION('',(#8773),#8777);
#8773 = LINE('',#8774,#8775);
#8774 = CARTESIAN_POINT('',(0.,-0.31));
#8775 = VECTOR('',#8776,1.);
#8776 = DIRECTION('',(0.,1.));
#8777 = ( GEOMETRIC_REPRESENTATION_CONTEXT(2) 
PARAMETRIC_REPRESENTATION_CONTEXT() REPRESENTATION_CONTEXT('2D SPACE',''
  ) );
#8778 = PCURVE('',#1693,#8779);
#8779 = DEFINITIONAL_REPRESENTATION('',(#8780),#8784);
#8780 = LINE('',#8781,#8782);
#8781 = CARTESIAN_POINT('',(0.692153565952,-0.31));
#8782 = VECTOR('',#8783,1.);
#8783 = DIRECTION('',(0.,1.));
#8784 = ( GEOMETRIC_REPRESENTATION_CONTEXT(2) 
PARAMETRIC_REPRESENTATION_CONTEXT() REPRESENTATION_CONTEXT('2D SPACE',''
  ) );
#8785 = ORIENTED_EDGE('',*,*,#8786,.T.);
#8786 = EDGE_CURVE('',#8764,#8666,#8787,.T.);
#8787 = SURFACE_CURVE('',#8788,(#8792,#8799),.PCURVE_S1.);
#8788 = LINE('',#8789,#8790);
#8789 = CARTESIAN_POINT('',(4.884190948238,-10.57672816995,0.59));
#8790 = VECTOR('',#8791,1.);
#8791 = DIRECTION('',(-0.453971746167,0.891016079362,0.));
#8792 = PCURVE('',#1667,#8793);
#8793 = DEFINITIONAL_REPRESENTATION('',(#8794),#8798);
#8794 = LINE('',#8795,#8796);
#8795 = CARTESIAN_POINT('',(0.,-0.31));
#8796 = VECTOR('',#8797,1.);
#8797 = DIRECTION('',(1.,0.));
#8798 = ( GEOMETRIC_REPRESENTATION_CONTEXT(2) 
PARAMETRIC_REPRESENTATION_CONTEXT() REPRESENTATION_CONTEXT('2D SPACE',''
  ) );
#8799 = PCURVE('',#8138,#8800);
#8800 = DEFINITIONAL_REPRESENTATION('',(#8801),#8805);
#8801 = LINE('',#8802,#8803);
#8802 = CARTESIAN_POINT('',(0.318184412787,0.446586733814));
#8803 = VECTOR('',#8804,1.);
#8804 = DIRECTION('',(-0.453971746167,0.891016079362));
#8805 = ( GEOMETRIC_REPRESENTATION_CONTEXT(2) 
PARAMETRIC_REPRESENTATION_CONTEXT() REPRESENTATION_CONTEXT('2D SPACE',''
  ) );
#8806 = ORIENTED_EDGE('',*,*,#8665,.T.);
#8807 = ORIENTED_EDGE('',*,*,#1652,.F.);
#8808 = ADVANCED_FACE('',(#8809),#1979,.F.);
#8809 = FACE_BOUND('',#8810,.F.);
#8810 = EDGE_LOOP('',(#8811,#8812,#8835,#8856));
#8811 = ORIENTED_EDGE('',*,*,#8738,.F.);
#8812 = ORIENTED_EDGE('',*,*,#8813,.T.);
#8813 = EDGE_CURVE('',#8716,#8814,#8816,.T.);
#8814 = VERTEX_POINT('',#8815);
#8815 = CARTESIAN_POINT('',(4.453011525819,-12.24901898638,0.59));
#8816 = SURFACE_CURVE('',#8817,(#8821,#8828),.PCURVE_S1.);
#8817 = LINE('',#8818,#8819);
#8818 = CARTESIAN_POINT('',(4.239130479018,-11.59079414418,0.59));
#8819 = VECTOR('',#8820,1.);
#8820 = DIRECTION('',(0.309031149413,-0.951051916928,0.));
#8821 = PCURVE('',#1979,#8822);
#8822 = DEFINITIONAL_REPRESENTATION('',(#8823),#8827);
#8823 = LINE('',#8824,#8825);
#8824 = CARTESIAN_POINT('',(0.,-0.31));
#8825 = VECTOR('',#8826,1.);
#8826 = DIRECTION('',(1.,0.));
#8827 = ( GEOMETRIC_REPRESENTATION_CONTEXT(2) 
PARAMETRIC_REPRESENTATION_CONTEXT() REPRESENTATION_CONTEXT('2D SPACE',''
  ) );
#8828 = PCURVE('',#8138,#8829);
#8829 = DEFINITIONAL_REPRESENTATION('',(#8830),#8834);
#8830 = LINE('',#8831,#8832);
#8831 = CARTESIAN_POINT('',(-0.326876056433,-0.567479240419));
#8832 = VECTOR('',#8833,1.);
#8833 = DIRECTION('',(0.309031149413,-0.951051916928));
#8834 = ( GEOMETRIC_REPRESENTATION_CONTEXT(2) 
PARAMETRIC_REPRESENTATION_CONTEXT() REPRESENTATION_CONTEXT('2D SPACE',''
  ) );
#8835 = ORIENTED_EDGE('',*,*,#8836,.T.);
#8836 = EDGE_CURVE('',#8814,#1939,#8837,.T.);
#8837 = SURFACE_CURVE('',#8838,(#8842,#8849),.PCURVE_S1.);
#8838 = LINE('',#8839,#8840);
#8839 = CARTESIAN_POINT('',(4.453011525819,-12.24901898638,0.59));
#8840 = VECTOR('',#8841,1.);
#8841 = DIRECTION('',(0.,0.,1.));
#8842 = PCURVE('',#1979,#8843);
#8843 = DEFINITIONAL_REPRESENTATION('',(#8844),#8848);
#8844 = LINE('',#8845,#8846);
#8845 = CARTESIAN_POINT('',(0.692101903666,-0.31));
#8846 = VECTOR('',#8847,1.);
#8847 = DIRECTION('',(0.,1.));
#8848 = ( GEOMETRIC_REPRESENTATION_CONTEXT(2) 
PARAMETRIC_REPRESENTATION_CONTEXT() REPRESENTATION_CONTEXT('2D SPACE',''
  ) );
#8849 = PCURVE('',#1953,#8850);
#8850 = DEFINITIONAL_REPRESENTATION('',(#8851),#8855);
#8851 = LINE('',#8852,#8853);
#8852 = CARTESIAN_POINT('',(0.,-0.31));
#8853 = VECTOR('',#8854,1.);
#8854 = DIRECTION('',(0.,1.));
#8855 = ( GEOMETRIC_REPRESENTATION_CONTEXT(2) 
PARAMETRIC_REPRESENTATION_CONTEXT() REPRESENTATION_CONTEXT('2D SPACE',''
  ) );
#8856 = ORIENTED_EDGE('',*,*,#1964,.F.);
#8857 = ADVANCED_FACE('',(#8858),#1693,.F.);
#8858 = FACE_BOUND('',#8859,.F.);
#8859 = EDGE_LOOP('',(#8860,#8883,#8904,#8905));
#8860 = ORIENTED_EDGE('',*,*,#8861,.F.);
#8861 = EDGE_CURVE('',#8862,#1679,#8864,.T.);
#8862 = VERTEX_POINT('',#8863);
#8863 = CARTESIAN_POINT('',(5.198411230645,-11.19344704674,0.59));
#8864 = SURFACE_CURVE('',#8865,(#8869,#8876),.PCURVE_S1.);
#8865 = LINE('',#8866,#8867);
#8866 = CARTESIAN_POINT('',(5.198411230645,-11.19344704674,0.59));
#8867 = VECTOR('',#8868,1.);
#8868 = DIRECTION('',(0.,0.,1.));
#8869 = PCURVE('',#1693,#8870);
#8870 = DEFINITIONAL_REPRESENTATION('',(#8871),#8875);
#8871 = LINE('',#8872,#8873);
#8872 = CARTESIAN_POINT('',(0.,-0.31));
#8873 = VECTOR('',#8874,1.);
#8874 = DIRECTION('',(0.,1.));
#8875 = ( GEOMETRIC_REPRESENTATION_CONTEXT(2) 
PARAMETRIC_REPRESENTATION_CONTEXT() REPRESENTATION_CONTEXT('2D SPACE',''
  ) );
#8876 = PCURVE('',#1719,#8877);
#8877 = DEFINITIONAL_REPRESENTATION('',(#8878),#8882);
#8878 = LINE('',#8879,#8880);
#8879 = CARTESIAN_POINT('',(0.692101903666,-0.31));
#8880 = VECTOR('',#8881,1.);
#8881 = DIRECTION('',(0.,1.));
#8882 = ( GEOMETRIC_REPRESENTATION_CONTEXT(2) 
PARAMETRIC_REPRESENTATION_CONTEXT() REPRESENTATION_CONTEXT('2D SPACE',''
  ) );
#8883 = ORIENTED_EDGE('',*,*,#8884,.T.);
#8884 = EDGE_CURVE('',#8862,#8764,#8885,.T.);
#8885 = SURFACE_CURVE('',#8886,(#8890,#8897),.PCURVE_S1.);
#8886 = LINE('',#8887,#8888);
#8887 = CARTESIAN_POINT('',(5.198411230645,-11.19344704674,0.59));
#8888 = VECTOR('',#8889,1.);
#8889 = DIRECTION('',(-0.453974808286,0.891014519209,0.));
#8890 = PCURVE('',#1693,#8891);
#8891 = DEFINITIONAL_REPRESENTATION('',(#8892),#8896);
#8892 = LINE('',#8893,#8894);
#8893 = CARTESIAN_POINT('',(0.,-0.31));
#8894 = VECTOR('',#8895,1.);
#8895 = DIRECTION('',(1.,0.));
#8896 = ( GEOMETRIC_REPRESENTATION_CONTEXT(2) 
PARAMETRIC_REPRESENTATION_CONTEXT() REPRESENTATION_CONTEXT('2D SPACE',''
  ) );
#8897 = PCURVE('',#8138,#8898);
#8898 = DEFINITIONAL_REPRESENTATION('',(#8899),#8903);
#8899 = LINE('',#8900,#8901);
#8900 = CARTESIAN_POINT('',(0.632404695194,-0.170132142971));
#8901 = VECTOR('',#8902,1.);
#8902 = DIRECTION('',(-0.453974808286,0.891014519209));
#8903 = ( GEOMETRIC_REPRESENTATION_CONTEXT(2) 
PARAMETRIC_REPRESENTATION_CONTEXT() REPRESENTATION_CONTEXT('2D SPACE',''
  ) );
#8904 = ORIENTED_EDGE('',*,*,#8763,.T.);
#8905 = ORIENTED_EDGE('',*,*,#1678,.F.);
#8906 = ADVANCED_FACE('',(#8907),#1953,.F.);
#8907 = FACE_BOUND('',#8908,.F.);
#8908 = EDGE_LOOP('',(#8909,#8910,#8933,#8954));
#8909 = ORIENTED_EDGE('',*,*,#8836,.F.);
#8910 = ORIENTED_EDGE('',*,*,#8911,.T.);
#8911 = EDGE_CURVE('',#8814,#8912,#8914,.T.);
#8912 = VERTEX_POINT('',#8913);
#8913 = CARTESIAN_POINT('',(4.666877577397,-12.90720258915,0.59));
#8914 = SURFACE_CURVE('',#8915,(#8919,#8926),.PCURVE_S1.);
#8915 = LINE('',#8916,#8917);
#8916 = CARTESIAN_POINT('',(4.453011525819,-12.24901898638,0.59));
#8917 = VECTOR('',#8918,1.);
#8918 = DIRECTION('',(0.309029064733,-0.951052594313,0.));
#8919 = PCURVE('',#1953,#8920);
#8920 = DEFINITIONAL_REPRESENTATION('',(#8921),#8925);
#8921 = LINE('',#8922,#8923);
#8922 = CARTESIAN_POINT('',(0.,-0.31));
#8923 = VECTOR('',#8924,1.);
#8924 = DIRECTION('',(1.,0.));
#8925 = ( GEOMETRIC_REPRESENTATION_CONTEXT(2) 
PARAMETRIC_REPRESENTATION_CONTEXT() REPRESENTATION_CONTEXT('2D SPACE',''
  ) );
#8926 = PCURVE('',#8138,#8927);
#8927 = DEFINITIONAL_REPRESENTATION('',(#8928),#8932);
#8928 = LINE('',#8929,#8930);
#8929 = CARTESIAN_POINT('',(-0.112995009633,-1.22570408261));
#8930 = VECTOR('',#8931,1.);
#8931 = DIRECTION('',(0.309029064733,-0.951052594313));
#8932 = ( GEOMETRIC_REPRESENTATION_CONTEXT(2) 
PARAMETRIC_REPRESENTATION_CONTEXT() REPRESENTATION_CONTEXT('2D SPACE',''
  ) );
#8933 = ORIENTED_EDGE('',*,*,#8934,.T.);
#8934 = EDGE_CURVE('',#8912,#1913,#8935,.T.);
#8935 = SURFACE_CURVE('',#8936,(#8940,#8947),.PCURVE_S1.);
#8936 = LINE('',#8937,#8938);
#8937 = CARTESIAN_POINT('',(4.666877577397,-12.90720258915,0.59));
#8938 = VECTOR('',#8939,1.);
#8939 = DIRECTION('',(0.,0.,1.));
#8940 = PCURVE('',#1953,#8941);
#8941 = DEFINITIONAL_REPRESENTATION('',(#8942),#8946);
#8942 = LINE('',#8943,#8944);
#8943 = CARTESIAN_POINT('',(0.692058048855,-0.31));
#8944 = VECTOR('',#8945,1.);
#8945 = DIRECTION('',(0.,1.));
#8946 = ( GEOMETRIC_REPRESENTATION_CONTEXT(2) 
PARAMETRIC_REPRESENTATION_CONTEXT() REPRESENTATION_CONTEXT('2D SPACE',''
  ) );
#8947 = PCURVE('',#1927,#8948);
#8948 = DEFINITIONAL_REPRESENTATION('',(#8949),#8953);
#8949 = LINE('',#8950,#8951);
#8950 = CARTESIAN_POINT('',(0.,-0.31));
#8951 = VECTOR('',#8952,1.);
#8952 = DIRECTION('',(0.,1.));
#8953 = ( GEOMETRIC_REPRESENTATION_CONTEXT(2) 
PARAMETRIC_REPRESENTATION_CONTEXT() REPRESENTATION_CONTEXT('2D SPACE',''
  ) );
#8954 = ORIENTED_EDGE('',*,*,#1938,.F.);
#8955 = ADVANCED_FACE('',(#8956),#1719,.F.);
#8956 = FACE_BOUND('',#8957,.F.);
#8957 = EDGE_LOOP('',(#8958,#8981,#9002,#9003));
#8958 = ORIENTED_EDGE('',*,*,#8959,.F.);
#8959 = EDGE_CURVE('',#8960,#1705,#8962,.T.);
#8960 = VERTEX_POINT('',#8961);
#8961 = CARTESIAN_POINT('',(5.512609741544,-11.81011903476,0.59));
#8962 = SURFACE_CURVE('',#8963,(#8967,#8974),.PCURVE_S1.);
#8963 = LINE('',#8964,#8965);
#8964 = CARTESIAN_POINT('',(5.512609741544,-11.81011903476,0.59));
#8965 = VECTOR('',#8966,1.);
#8966 = DIRECTION('',(0.,0.,1.));
#8967 = PCURVE('',#1719,#8968);
#8968 = DEFINITIONAL_REPRESENTATION('',(#8969),#8973);
#8969 = LINE('',#8970,#8971);
#8970 = CARTESIAN_POINT('',(0.,-0.31));
#8971 = VECTOR('',#8972,1.);
#8972 = DIRECTION('',(0.,1.));
#8973 = ( GEOMETRIC_REPRESENTATION_CONTEXT(2) 
PARAMETRIC_REPRESENTATION_CONTEXT() REPRESENTATION_CONTEXT('2D SPACE',''
  ) );
#8974 = PCURVE('',#1745,#8975);
#8975 = DEFINITIONAL_REPRESENTATION('',(#8976),#8980);
#8976 = LINE('',#8977,#8978);
#8977 = CARTESIAN_POINT('',(0.692058048855,-0.31));
#8978 = VECTOR('',#8979,1.);
#8979 = DIRECTION('',(0.,1.));
#8980 = ( GEOMETRIC_REPRESENTATION_CONTEXT(2) 
PARAMETRIC_REPRESENTATION_CONTEXT() REPRESENTATION_CONTEXT('2D SPACE',''
  ) );
#8981 = ORIENTED_EDGE('',*,*,#8982,.T.);
#8982 = EDGE_CURVE('',#8960,#8862,#8983,.T.);
#8983 = SURFACE_CURVE('',#8984,(#8988,#8995),.PCURVE_S1.);
#8984 = LINE('',#8985,#8986);
#8985 = CARTESIAN_POINT('',(5.512609741544,-11.81011903476,0.59));
#8986 = VECTOR('',#8987,1.);
#8987 = DIRECTION('',(-0.453977238373,0.891013281068,0.));
#8988 = PCURVE('',#1719,#8989);
#8989 = DEFINITIONAL_REPRESENTATION('',(#8990),#8994);
#8990 = LINE('',#8991,#8992);
#8991 = CARTESIAN_POINT('',(0.,-0.31));
#8992 = VECTOR('',#8993,1.);
#8993 = DIRECTION('',(1.,0.));
#8994 = ( GEOMETRIC_REPRESENTATION_CONTEXT(2) 
PARAMETRIC_REPRESENTATION_CONTEXT() REPRESENTATION_CONTEXT('2D SPACE',''
  ) );
#8995 = PCURVE('',#8138,#8996);
#8996 = DEFINITIONAL_REPRESENTATION('',(#8997),#9001);
#8997 = LINE('',#8998,#8999);
#8998 = CARTESIAN_POINT('',(0.946603206093,-0.78680413099));
#8999 = VECTOR('',#9000,1.);
#9000 = DIRECTION('',(-0.453977238373,0.891013281068));
#9001 = ( GEOMETRIC_REPRESENTATION_CONTEXT(2) 
PARAMETRIC_REPRESENTATION_CONTEXT() REPRESENTATION_CONTEXT('2D SPACE',''
  ) );
#9002 = ORIENTED_EDGE('',*,*,#8861,.T.);
#9003 = ORIENTED_EDGE('',*,*,#1704,.F.);
#9004 = ADVANCED_FACE('',(#9005),#1927,.F.);
#9005 = FACE_BOUND('',#9006,.F.);
#9006 = EDGE_LOOP('',(#9007,#9008,#9031,#9052));
#9007 = ORIENTED_EDGE('',*,*,#8934,.F.);
#9008 = ORIENTED_EDGE('',*,*,#9009,.T.);
#9009 = EDGE_CURVE('',#8912,#9010,#9012,.T.);
#9010 = VERTEX_POINT('',#9011);
#9011 = CARTESIAN_POINT('',(4.880730853802,-13.56535086573,0.59));
#9012 = SURFACE_CURVE('',#9013,(#9017,#9024),.PCURVE_S1.);
#9013 = LINE('',#9014,#9015);
#9014 = CARTESIAN_POINT('',(4.666877577397,-12.90720258915,0.59));
#9015 = VECTOR('',#9016,1.);
#9016 = DIRECTION('',(0.309027370152,-0.951053144938,0.));
#9017 = PCURVE('',#1927,#9018);
#9018 = DEFINITIONAL_REPRESENTATION('',(#9019),#9023);
#9019 = LINE('',#9020,#9021);
#9020 = CARTESIAN_POINT('',(0.,-0.31));
#9021 = VECTOR('',#9022,1.);
#9022 = DIRECTION('',(1.,0.));
#9023 = ( GEOMETRIC_REPRESENTATION_CONTEXT(2) 
PARAMETRIC_REPRESENTATION_CONTEXT() REPRESENTATION_CONTEXT('2D SPACE',''
  ) );
#9024 = PCURVE('',#8138,#9025);
#9025 = DEFINITIONAL_REPRESENTATION('',(#9026),#9030);
#9026 = LINE('',#9027,#9028);
#9027 = CARTESIAN_POINT('',(0.100871041946,-1.883887685388));
#9028 = VECTOR('',#9029,1.);
#9029 = DIRECTION('',(0.309027370152,-0.951053144938));
#9030 = ( GEOMETRIC_REPRESENTATION_CONTEXT(2) 
PARAMETRIC_REPRESENTATION_CONTEXT() REPRESENTATION_CONTEXT('2D SPACE',''
  ) );
#9031 = ORIENTED_EDGE('',*,*,#9032,.T.);
#9032 = EDGE_CURVE('',#9010,#1887,#9033,.T.);
#9033 = SURFACE_CURVE('',#9034,(#9038,#9045),.PCURVE_S1.);
#9034 = LINE('',#9035,#9036);
#9035 = CARTESIAN_POINT('',(4.880730853802,-13.56535086573,0.59));
#9036 = VECTOR('',#9037,1.);
#9037 = DIRECTION('',(0.,0.,1.));
#9038 = PCURVE('',#1927,#9039);
#9039 = DEFINITIONAL_REPRESENTATION('',(#9040),#9044);
#9040 = LINE('',#9041,#9042);
#9041 = CARTESIAN_POINT('',(0.69202050388,-0.31));
#9042 = VECTOR('',#9043,1.);
#9043 = DIRECTION('',(0.,1.));
#9044 = ( GEOMETRIC_REPRESENTATION_CONTEXT(2) 
PARAMETRIC_REPRESENTATION_CONTEXT() REPRESENTATION_CONTEXT('2D SPACE',''
  ) );
#9045 = PCURVE('',#1901,#9046);
#9046 = DEFINITIONAL_REPRESENTATION('',(#9047),#9051);
#9047 = LINE('',#9048,#9049);
#9048 = CARTESIAN_POINT('',(0.,-0.31));
#9049 = VECTOR('',#9050,1.);
#9050 = DIRECTION('',(0.,1.));
#9051 = ( GEOMETRIC_REPRESENTATION_CONTEXT(2) 
PARAMETRIC_REPRESENTATION_CONTEXT() REPRESENTATION_CONTEXT('2D SPACE',''
  ) );
#9052 = ORIENTED_EDGE('',*,*,#1912,.F.);
#9053 = ADVANCED_FACE('',(#9054),#1745,.F.);
#9054 = FACE_BOUND('',#9055,.F.);
#9055 = EDGE_LOOP('',(#9056,#9079,#9100,#9101));
#9056 = ORIENTED_EDGE('',*,*,#9057,.F.);
#9057 = EDGE_CURVE('',#9058,#1731,#9060,.T.);
#9058 = VERTEX_POINT('',#9059);
#9059 = CARTESIAN_POINT('',(5.826789694998,-12.42675125888,0.59));
#9060 = SURFACE_CURVE('',#9061,(#9065,#9072),.PCURVE_S1.);
#9061 = LINE('',#9062,#9063);
#9062 = CARTESIAN_POINT('',(5.826789694998,-12.42675125888,0.59));
#9063 = VECTOR('',#9064,1.);
#9064 = DIRECTION('',(0.,0.,1.));
#9065 = PCURVE('',#1745,#9066);
#9066 = DEFINITIONAL_REPRESENTATION('',(#9067),#9071);
#9067 = LINE('',#9068,#9069);
#9068 = CARTESIAN_POINT('',(0.,-0.31));
#9069 = VECTOR('',#9070,1.);
#9070 = DIRECTION('',(0.,1.));
#9071 = ( GEOMETRIC_REPRESENTATION_CONTEXT(2) 
PARAMETRIC_REPRESENTATION_CONTEXT() REPRESENTATION_CONTEXT('2D SPACE',''
  ) );
#9072 = PCURVE('',#1771,#9073);
#9073 = DEFINITIONAL_REPRESENTATION('',(#9074),#9078);
#9074 = LINE('',#9075,#9076);
#9075 = CARTESIAN_POINT('',(0.69202050388,-0.31));
#9076 = VECTOR('',#9077,1.);
#9077 = DIRECTION('',(0.,1.));
#9078 = ( GEOMETRIC_REPRESENTATION_CONTEXT(2) 
PARAMETRIC_REPRESENTATION_CONTEXT() REPRESENTATION_CONTEXT('2D SPACE',''
  ) );
#9079 = ORIENTED_EDGE('',*,*,#9080,.T.);
#9080 = EDGE_CURVE('',#9058,#8960,#9081,.T.);
#9081 = SURFACE_CURVE('',#9082,(#9086,#9093),.PCURVE_S1.);
#9082 = LINE('',#9083,#9084);
#9083 = CARTESIAN_POINT('',(5.826789694998,-12.42675125888,0.59));
#9084 = VECTOR('',#9085,1.);
#9085 = DIRECTION('',(-0.453979191447,0.891012285961,0.));
#9086 = PCURVE('',#1745,#9087);
#9087 = DEFINITIONAL_REPRESENTATION('',(#9088),#9092);
#9088 = LINE('',#9089,#9090);
#9089 = CARTESIAN_POINT('',(0.,-0.31));
#9090 = VECTOR('',#9091,1.);
#9091 = DIRECTION('',(1.,0.));
#9092 = ( GEOMETRIC_REPRESENTATION_CONTEXT(2) 
PARAMETRIC_REPRESENTATION_CONTEXT() REPRESENTATION_CONTEXT('2D SPACE',''
  ) );
#9093 = PCURVE('',#8138,#9094);
#9094 = DEFINITIONAL_REPRESENTATION('',(#9095),#9099);
#9095 = LINE('',#9096,#9097);
#9096 = CARTESIAN_POINT('',(1.260783159547,-1.403436355117));
#9097 = VECTOR('',#9098,1.);
#9098 = DIRECTION('',(-0.453979191447,0.891012285961));
#9099 = ( GEOMETRIC_REPRESENTATION_CONTEXT(2) 
PARAMETRIC_REPRESENTATION_CONTEXT() REPRESENTATION_CONTEXT('2D SPACE',''
  ) );
#9100 = ORIENTED_EDGE('',*,*,#8959,.T.);
#9101 = ORIENTED_EDGE('',*,*,#1730,.F.);
#9102 = ADVANCED_FACE('',(#9103),#1901,.F.);
#9103 = FACE_BOUND('',#9104,.F.);
#9104 = EDGE_LOOP('',(#9105,#9106,#9129,#9150));
#9105 = ORIENTED_EDGE('',*,*,#9032,.F.);
#9106 = ORIENTED_EDGE('',*,*,#9107,.T.);
#9107 = EDGE_CURVE('',#9010,#9108,#9110,.T.);
#9108 = VERTEX_POINT('',#9109);
#9109 = CARTESIAN_POINT('',(5.094573157778,-14.22346865047,0.59));
#9110 = SURFACE_CURVE('',#9111,(#9115,#9122),.PCURVE_S1.);
#9111 = LINE('',#9112,#9113);
#9112 = CARTESIAN_POINT('',(4.880730853802,-13.56535086573,0.59));
#9113 = VECTOR('',#9114,1.);
#9114 = DIRECTION('',(0.309025978521,-0.951053597122,0.));
#9115 = PCURVE('',#1901,#9116);
#9116 = DEFINITIONAL_REPRESENTATION('',(#9117),#9121);
#9117 = LINE('',#9118,#9119);
#9118 = CARTESIAN_POINT('',(0.,-0.31));
#9119 = VECTOR('',#9120,1.);
#9120 = DIRECTION('',(1.,0.));
#9121 = ( GEOMETRIC_REPRESENTATION_CONTEXT(2) 
PARAMETRIC_REPRESENTATION_CONTEXT() REPRESENTATION_CONTEXT('2D SPACE',''
  ) );
#9122 = PCURVE('',#8138,#9123);
#9123 = DEFINITIONAL_REPRESENTATION('',(#9124),#9128);
#9124 = LINE('',#9125,#9126);
#9125 = CARTESIAN_POINT('',(0.314724318351,-2.542035961965));
#9126 = VECTOR('',#9127,1.);
#9127 = DIRECTION('',(0.309025978521,-0.951053597122));
#9128 = ( GEOMETRIC_REPRESENTATION_CONTEXT(2) 
PARAMETRIC_REPRESENTATION_CONTEXT() REPRESENTATION_CONTEXT('2D SPACE',''
  ) );
#9129 = ORIENTED_EDGE('',*,*,#9130,.T.);
#9130 = EDGE_CURVE('',#9108,#1861,#9131,.T.);
#9131 = SURFACE_CURVE('',#9132,(#9136,#9143),.PCURVE_S1.);
#9132 = LINE('',#9133,#9134);
#9133 = CARTESIAN_POINT('',(5.094573157778,-14.22346865047,0.59));
#9134 = VECTOR('',#9135,1.);
#9135 = DIRECTION('',(0.,0.,1.));
#9136 = PCURVE('',#1901,#9137);
#9137 = DEFINITIONAL_REPRESENTATION('',(#9138),#9142);
#9138 = LINE('',#9139,#9140);
#9139 = CARTESIAN_POINT('',(0.691988113745,-0.31));
#9140 = VECTOR('',#9141,1.);
#9141 = DIRECTION('',(0.,1.));
#9142 = ( GEOMETRIC_REPRESENTATION_CONTEXT(2) 
PARAMETRIC_REPRESENTATION_CONTEXT() REPRESENTATION_CONTEXT('2D SPACE',''
  ) );
#9143 = PCURVE('',#1875,#9144);
#9144 = DEFINITIONAL_REPRESENTATION('',(#9145),#9149);
#9145 = LINE('',#9146,#9147);
#9146 = CARTESIAN_POINT('',(0.,-0.31));
#9147 = VECTOR('',#9148,1.);
#9148 = DIRECTION('',(0.,1.));
#9149 = ( GEOMETRIC_REPRESENTATION_CONTEXT(2) 
PARAMETRIC_REPRESENTATION_CONTEXT() REPRESENTATION_CONTEXT('2D SPACE',''
  ) );
#9150 = ORIENTED_EDGE('',*,*,#1886,.F.);
#9151 = ADVANCED_FACE('',(#9152),#1771,.F.);
#9152 = FACE_BOUND('',#9153,.F.);
#9153 = EDGE_LOOP('',(#9154,#9177,#9198,#9199));
#9154 = ORIENTED_EDGE('',*,*,#9155,.F.);
#9155 = EDGE_CURVE('',#9156,#1757,#9158,.T.);
#9156 = VERTEX_POINT('',#9157);
#9157 = CARTESIAN_POINT('',(6.140953702466,-13.0433494702,0.59));
#9158 = SURFACE_CURVE('',#9159,(#9163,#9170),.PCURVE_S1.);
#9159 = LINE('',#9160,#9161);
#9160 = CARTESIAN_POINT('',(6.140953702466,-13.0433494702,0.59));
#9161 = VECTOR('',#9162,1.);
#9162 = DIRECTION('',(0.,0.,1.));
#9163 = PCURVE('',#1771,#9164);
#9164 = DEFINITIONAL_REPRESENTATION('',(#9165),#9169);
#9165 = LINE('',#9166,#9167);
#9166 = CARTESIAN_POINT('',(0.,-0.31));
#9167 = VECTOR('',#9168,1.);
#9168 = DIRECTION('',(0.,1.));
#9169 = ( GEOMETRIC_REPRESENTATION_CONTEXT(2) 
PARAMETRIC_REPRESENTATION_CONTEXT() REPRESENTATION_CONTEXT('2D SPACE',''
  ) );
#9170 = PCURVE('',#1797,#9171);
#9171 = DEFINITIONAL_REPRESENTATION('',(#9172),#9176);
#9172 = LINE('',#9173,#9174);
#9173 = CARTESIAN_POINT('',(0.691988113745,-0.31));
#9174 = VECTOR('',#9175,1.);
#9175 = DIRECTION('',(0.,1.));
#9176 = ( GEOMETRIC_REPRESENTATION_CONTEXT(2) 
PARAMETRIC_REPRESENTATION_CONTEXT() REPRESENTATION_CONTEXT('2D SPACE',''
  ) );
#9177 = ORIENTED_EDGE('',*,*,#9178,.T.);
#9178 = EDGE_CURVE('',#9156,#9058,#9179,.T.);
#9179 = SURFACE_CURVE('',#9180,(#9184,#9191),.PCURVE_S1.);
#9180 = LINE('',#9181,#9182);
#9181 = CARTESIAN_POINT('',(6.140953702466,-13.0433494702,0.59));
#9182 = VECTOR('',#9183,1.);
#9183 = DIRECTION('',(-0.453980779048,0.891011477061,0.));
#9184 = PCURVE('',#1771,#9185);
#9185 = DEFINITIONAL_REPRESENTATION('',(#9186),#9190);
#9186 = LINE('',#9187,#9188);
#9187 = CARTESIAN_POINT('',(0.,-0.31));
#9188 = VECTOR('',#9189,1.);
#9189 = DIRECTION('',(1.,0.));
#9190 = ( GEOMETRIC_REPRESENTATION_CONTEXT(2) 
PARAMETRIC_REPRESENTATION_CONTEXT() REPRESENTATION_CONTEXT('2D SPACE',''
  ) );
#9191 = PCURVE('',#8138,#9192);
#9192 = DEFINITIONAL_REPRESENTATION('',(#9193),#9197);
#9193 = LINE('',#9194,#9195);
#9194 = CARTESIAN_POINT('',(1.574947167015,-2.020034566436));
#9195 = VECTOR('',#9196,1.);
#9196 = DIRECTION('',(-0.453980779048,0.891011477061));
#9197 = ( GEOMETRIC_REPRESENTATION_CONTEXT(2) 
PARAMETRIC_REPRESENTATION_CONTEXT() REPRESENTATION_CONTEXT('2D SPACE',''
  ) );
#9198 = ORIENTED_EDGE('',*,*,#9057,.T.);
#9199 = ORIENTED_EDGE('',*,*,#1756,.F.);
#9200 = ADVANCED_FACE('',(#9201),#1875,.F.);
#9201 = FACE_BOUND('',#9202,.F.);
#9202 = EDGE_LOOP('',(#9203,#9204,#9227,#9248));
#9203 = ORIENTED_EDGE('',*,*,#9130,.F.);
#9204 = ORIENTED_EDGE('',*,*,#9205,.T.);
#9205 = EDGE_CURVE('',#9108,#9206,#9208,.T.);
#9206 = VERTEX_POINT('',#9207);
#9207 = CARTESIAN_POINT('',(5.308405968349,-14.8815599342,0.59));
#9208 = SURFACE_CURVE('',#9209,(#9213,#9220),.PCURVE_S1.);
#9209 = LINE('',#9210,#9211);
#9210 = CARTESIAN_POINT('',(5.094573157778,-14.22346865047,0.59));
#9211 = VECTOR('',#9212,1.);
#9212 = DIRECTION('',(0.309024825052,-0.951053971918,0.));
#9213 = PCURVE('',#1875,#9214);
#9214 = DEFINITIONAL_REPRESENTATION('',(#9215),#9219);
#9215 = LINE('',#9216,#9217);
#9216 = CARTESIAN_POINT('',(0.,-0.31));
#9217 = VECTOR('',#9218,1.);
#9218 = DIRECTION('',(1.,0.));
#9219 = ( GEOMETRIC_REPRESENTATION_CONTEXT(2) 
PARAMETRIC_REPRESENTATION_CONTEXT() REPRESENTATION_CONTEXT('2D SPACE',''
  ) );
#9220 = PCURVE('',#8138,#9221);
#9221 = DEFINITIONAL_REPRESENTATION('',(#9222),#9226);
#9222 = LINE('',#9223,#9224);
#9223 = CARTESIAN_POINT('',(0.528566622327,-3.200153746709));
#9224 = VECTOR('',#9225,1.);
#9225 = DIRECTION('',(0.309024825052,-0.951053971918));
#9226 = ( GEOMETRIC_REPRESENTATION_CONTEXT(2) 
PARAMETRIC_REPRESENTATION_CONTEXT() REPRESENTATION_CONTEXT('2D SPACE',''
  ) );
#9227 = ORIENTED_EDGE('',*,*,#9228,.T.);
#9228 = EDGE_CURVE('',#9206,#1835,#9229,.T.);
#9229 = SURFACE_CURVE('',#9230,(#9234,#9241),.PCURVE_S1.);
#9230 = LINE('',#9231,#9232);
#9231 = CARTESIAN_POINT('',(5.308405968349,-14.8815599342,0.59));
#9232 = VECTOR('',#9233,1.);
#9233 = DIRECTION('',(0.,0.,1.));
#9234 = PCURVE('',#1875,#9235);
#9235 = DEFINITIONAL_REPRESENTATION('',(#9236),#9240);
#9236 = LINE('',#9237,#9238);
#9237 = CARTESIAN_POINT('',(0.691959976145,-0.31));
#9238 = VECTOR('',#9239,1.);
#9239 = DIRECTION('',(0.,1.));
#9240 = ( GEOMETRIC_REPRESENTATION_CONTEXT(2) 
PARAMETRIC_REPRESENTATION_CONTEXT() REPRESENTATION_CONTEXT('2D SPACE',''
  ) );
#9241 = PCURVE('',#1849,#9242);
#9242 = DEFINITIONAL_REPRESENTATION('',(#9243),#9247);
#9243 = LINE('',#9244,#9245);
#9244 = CARTESIAN_POINT('',(0.,-0.31));
#9245 = VECTOR('',#9246,1.);
#9246 = DIRECTION('',(0.,1.));
#9247 = ( GEOMETRIC_REPRESENTATION_CONTEXT(2) 
PARAMETRIC_REPRESENTATION_CONTEXT() REPRESENTATION_CONTEXT('2D SPACE',''
  ) );
#9248 = ORIENTED_EDGE('',*,*,#1860,.F.);
#9249 = ADVANCED_FACE('',(#9250),#1797,.F.);
#9250 = FACE_BOUND('',#9251,.F.);
#9251 = EDGE_LOOP('',(#9252,#9275,#9296,#9297));
#9252 = ORIENTED_EDGE('',*,*,#9253,.F.);
#9253 = EDGE_CURVE('',#9254,#1783,#9256,.T.);
#9254 = VERTEX_POINT('',#9255);
#9255 = CARTESIAN_POINT('',(6.455103907632,-13.65991836186,0.59));
#9256 = SURFACE_CURVE('',#9257,(#9261,#9268),.PCURVE_S1.);
#9257 = LINE('',#9258,#9259);
#9258 = CARTESIAN_POINT('',(6.455103907632,-13.65991836186,0.59));
#9259 = VECTOR('',#9260,1.);
#9260 = DIRECTION('',(0.,0.,1.));
#9261 = PCURVE('',#1797,#9262);
#9262 = DEFINITIONAL_REPRESENTATION('',(#9263),#9267);
#9263 = LINE('',#9264,#9265);
#9264 = CARTESIAN_POINT('',(0.,-0.31));
#9265 = VECTOR('',#9266,1.);
#9266 = DIRECTION('',(0.,1.));
#9267 = ( GEOMETRIC_REPRESENTATION_CONTEXT(2) 
PARAMETRIC_REPRESENTATION_CONTEXT() REPRESENTATION_CONTEXT('2D SPACE',''
  ) );
#9268 = PCURVE('',#1823,#9269);
#9269 = DEFINITIONAL_REPRESENTATION('',(#9270),#9274);
#9270 = LINE('',#9271,#9272);
#9271 = CARTESIAN_POINT('',(0.691959976145,-0.31));
#9272 = VECTOR('',#9273,1.);
#9273 = DIRECTION('',(0.,1.));
#9274 = ( GEOMETRIC_REPRESENTATION_CONTEXT(2) 
PARAMETRIC_REPRESENTATION_CONTEXT() REPRESENTATION_CONTEXT('2D SPACE',''
  ) );
#9275 = ORIENTED_EDGE('',*,*,#9276,.T.);
#9276 = EDGE_CURVE('',#9254,#9156,#9277,.T.);
#9277 = SURFACE_CURVE('',#9278,(#9282,#9289),.PCURVE_S1.);
#9278 = LINE('',#9279,#9280);
#9279 = CARTESIAN_POINT('',(6.455103907632,-13.65991836186,0.59));
#9280 = VECTOR('',#9281,1.);
#9281 = DIRECTION('',(-0.453982082822,0.891010812772,0.));
#9282 = PCURVE('',#1797,#9283);
#9283 = DEFINITIONAL_REPRESENTATION('',(#9284),#9288);
#9284 = LINE('',#9285,#9286);
#9285 = CARTESIAN_POINT('',(0.,-0.31));
#9286 = VECTOR('',#9287,1.);
#9287 = DIRECTION('',(1.,0.));
#9288 = ( GEOMETRIC_REPRESENTATION_CONTEXT(2) 
PARAMETRIC_REPRESENTATION_CONTEXT() REPRESENTATION_CONTEXT('2D SPACE',''
  ) );
#9289 = PCURVE('',#8138,#9290);
#9290 = DEFINITIONAL_REPRESENTATION('',(#9291),#9295);
#9291 = LINE('',#9292,#9293);
#9292 = CARTESIAN_POINT('',(1.889097372181,-2.636603458093));
#9293 = VECTOR('',#9294,1.);
#9294 = DIRECTION('',(-0.453982082822,0.891010812772));
#9295 = ( GEOMETRIC_REPRESENTATION_CONTEXT(2) 
PARAMETRIC_REPRESENTATION_CONTEXT() REPRESENTATION_CONTEXT('2D SPACE',''
  ) );
#9296 = ORIENTED_EDGE('',*,*,#9155,.T.);
#9297 = ORIENTED_EDGE('',*,*,#1782,.F.);
#9298 = ADVANCED_FACE('',(#9299),#1849,.F.);
#9299 = FACE_BOUND('',#9300,.F.);
#9300 = EDGE_LOOP('',(#9301,#9302,#9325,#9346));
#9301 = ORIENTED_EDGE('',*,*,#9228,.F.);
#9302 = ORIENTED_EDGE('',*,*,#9303,.T.);
#9303 = EDGE_CURVE('',#9206,#9304,#9306,.T.);
#9304 = VERTEX_POINT('',#9305);
#9305 = CARTESIAN_POINT('',(6.769242086596,-14.27646180161,0.59));
#9306 = SURFACE_CURVE('',#9307,(#9311,#9318),.PCURVE_S1.);
#9307 = LINE('',#9308,#9309);
#9308 = CARTESIAN_POINT('',(5.308405968349,-14.8815599342,0.59));
#9309 = VECTOR('',#9310,1.);
#9310 = DIRECTION('',(0.923879532511,0.382683432365,0.));
#9311 = PCURVE('',#1849,#9312);
#9312 = DEFINITIONAL_REPRESENTATION('',(#9313),#9317);
#9313 = LINE('',#9314,#9315);
#9314 = CARTESIAN_POINT('',(0.,-0.31));
#9315 = VECTOR('',#9316,1.);
#9316 = DIRECTION('',(1.,0.));
#9317 = ( GEOMETRIC_REPRESENTATION_CONTEXT(2) 
PARAMETRIC_REPRESENTATION_CONTEXT() REPRESENTATION_CONTEXT('2D SPACE',''
  ) );
#9318 = PCURVE('',#8138,#9319);
#9319 = DEFINITIONAL_REPRESENTATION('',(#9320),#9324);
#9320 = LINE('',#9321,#9322);
#9321 = CARTESIAN_POINT('',(0.742399432898,-3.85824503043));
#9322 = VECTOR('',#9323,1.);
#9323 = DIRECTION('',(0.923879532511,0.382683432365));
#9324 = ( GEOMETRIC_REPRESENTATION_CONTEXT(2) 
PARAMETRIC_REPRESENTATION_CONTEXT() REPRESENTATION_CONTEXT('2D SPACE',''
  ) );
#9325 = ORIENTED_EDGE('',*,*,#9326,.T.);
#9326 = EDGE_CURVE('',#9304,#1809,#9327,.T.);
#9327 = SURFACE_CURVE('',#9328,(#9332,#9339),.PCURVE_S1.);
#9328 = LINE('',#9329,#9330);
#9329 = CARTESIAN_POINT('',(6.769242086596,-14.27646180161,0.59));
#9330 = VECTOR('',#9331,1.);
#9331 = DIRECTION('',(0.,0.,1.));
#9332 = PCURVE('',#1849,#9333);
#9333 = DEFINITIONAL_REPRESENTATION('',(#9334),#9338);
#9334 = LINE('',#9335,#9336);
#9335 = CARTESIAN_POINT('',(1.581197620296,-0.31));
#9336 = VECTOR('',#9337,1.);
#9337 = DIRECTION('',(0.,1.));
#9338 = ( GEOMETRIC_REPRESENTATION_CONTEXT(2) 
PARAMETRIC_REPRESENTATION_CONTEXT() REPRESENTATION_CONTEXT('2D SPACE',''
  ) );
#9339 = PCURVE('',#1823,#9340);
#9340 = DEFINITIONAL_REPRESENTATION('',(#9341),#9345);
#9341 = LINE('',#9342,#9343);
#9342 = CARTESIAN_POINT('',(0.,-0.31));
#9343 = VECTOR('',#9344,1.);
#9344 = DIRECTION('',(0.,1.));
#9345 = ( GEOMETRIC_REPRESENTATION_CONTEXT(2) 
PARAMETRIC_REPRESENTATION_CONTEXT() REPRESENTATION_CONTEXT('2D SPACE',''
  ) );
#9346 = ORIENTED_EDGE('',*,*,#1834,.F.);
#9347 = ADVANCED_FACE('',(#9348),#1823,.F.);
#9348 = FACE_BOUND('',#9349,.F.);
#9349 = EDGE_LOOP('',(#9350,#9351,#9372,#9373));
#9350 = ORIENTED_EDGE('',*,*,#9326,.F.);
#9351 = ORIENTED_EDGE('',*,*,#9352,.T.);
#9352 = EDGE_CURVE('',#9304,#9254,#9353,.T.);
#9353 = SURFACE_CURVE('',#9354,(#9358,#9365),.PCURVE_S1.);
#9354 = LINE('',#9355,#9356);
#9355 = CARTESIAN_POINT('',(6.769242086596,-14.27646180161,0.59));
#9356 = VECTOR('',#9357,1.);
#9357 = DIRECTION('',(-0.453983163468,0.891010262167,0.));
#9358 = PCURVE('',#1823,#9359);
#9359 = DEFINITIONAL_REPRESENTATION('',(#9360),#9364);
#9360 = LINE('',#9361,#9362);
#9361 = CARTESIAN_POINT('',(0.,-0.31));
#9362 = VECTOR('',#9363,1.);
#9363 = DIRECTION('',(1.,0.));
#9364 = ( GEOMETRIC_REPRESENTATION_CONTEXT(2) 
PARAMETRIC_REPRESENTATION_CONTEXT() REPRESENTATION_CONTEXT('2D SPACE',''
  ) );
#9365 = PCURVE('',#8138,#9366);
#9366 = DEFINITIONAL_REPRESENTATION('',(#9367),#9371);
#9367 = LINE('',#9368,#9369);
#9368 = CARTESIAN_POINT('',(2.203235551145,-3.253146897847));
#9369 = VECTOR('',#9370,1.);
#9370 = DIRECTION('',(-0.453983163468,0.891010262167));
#9371 = ( GEOMETRIC_REPRESENTATION_CONTEXT(2) 
PARAMETRIC_REPRESENTATION_CONTEXT() REPRESENTATION_CONTEXT('2D SPACE',''
  ) );
#9372 = ORIENTED_EDGE('',*,*,#9253,.T.);
#9373 = ORIENTED_EDGE('',*,*,#1808,.F.);
#9374 = ADVANCED_FACE('',(#9375),#2163,.F.);
#9375 = FACE_BOUND('',#9376,.F.);
#9376 = EDGE_LOOP('',(#9377,#9400,#9428,#9449));
#9377 = ORIENTED_EDGE('',*,*,#9378,.T.);
#9378 = EDGE_CURVE('',#2147,#9379,#9381,.T.);
#9379 = VERTEX_POINT('',#9380);
#9380 = CARTESIAN_POINT('',(6.87469712099,-2.998089307319,0.59));
#9381 = SURFACE_CURVE('',#9382,(#9386,#9393),.PCURVE_S1.);
#9382 = LINE('',#9383,#9384);
#9383 = CARTESIAN_POINT('',(6.87469712099,-2.998089307319,1.21));
#9384 = VECTOR('',#9385,1.);
#9385 = DIRECTION('',(0.,0.,-1.));
#9386 = PCURVE('',#2163,#9387);
#9387 = DEFINITIONAL_REPRESENTATION('',(#9388),#9392);
#9388 = LINE('',#9389,#9390);
#9389 = CARTESIAN_POINT('',(0.,0.31));
#9390 = VECTOR('',#9391,1.);
#9391 = DIRECTION('',(0.,-1.));
#9392 = ( GEOMETRIC_REPRESENTATION_CONTEXT(2) 
PARAMETRIC_REPRESENTATION_CONTEXT() REPRESENTATION_CONTEXT('2D SPACE',''
  ) );
#9393 = PCURVE('',#2189,#9394);
#9394 = DEFINITIONAL_REPRESENTATION('',(#9395),#9399);
#9395 = LINE('',#9396,#9397);
#9396 = CARTESIAN_POINT('',(0.278081313884,0.31));
#9397 = VECTOR('',#9398,1.);
#9398 = DIRECTION('',(-0.,-1.));
#9399 = ( GEOMETRIC_REPRESENTATION_CONTEXT(2) 
PARAMETRIC_REPRESENTATION_CONTEXT() REPRESENTATION_CONTEXT('2D SPACE',''
  ) );
#9400 = ORIENTED_EDGE('',*,*,#9401,.T.);
#9401 = EDGE_CURVE('',#9379,#9402,#9404,.T.);
#9402 = VERTEX_POINT('',#9403);
#9403 = CARTESIAN_POINT('',(7.492011252603,-3.312577571717,0.59));
#9404 = SURFACE_CURVE('',#9405,(#9409,#9416),.PCURVE_S1.);
#9405 = LINE('',#9406,#9407);
#9406 = CARTESIAN_POINT('',(6.87469712099,-2.998089307319,0.59));
#9407 = VECTOR('',#9408,1.);
#9408 = DIRECTION('',(0.891035129715,-0.453934353859,0.));
#9409 = PCURVE('',#2163,#9410);
#9410 = DEFINITIONAL_REPRESENTATION('',(#9411),#9415);
#9411 = LINE('',#9412,#9413);
#9412 = CARTESIAN_POINT('',(0.,-0.31));
#9413 = VECTOR('',#9414,1.);
#9414 = DIRECTION('',(1.,0.));
#9415 = ( GEOMETRIC_REPRESENTATION_CONTEXT(2) 
PARAMETRIC_REPRESENTATION_CONTEXT() REPRESENTATION_CONTEXT('2D SPACE',''
  ) );
#9416 = PCURVE('',#9417,#9422);
#9417 = PLANE('',#9418);
#9418 = AXIS2_PLACEMENT_3D('',#9419,#9420,#9421);
#9419 = CARTESIAN_POINT('',(11.02331490377,-4.566006535451,0.59));
#9420 = DIRECTION('',(0.,0.,1.));
#9421 = DIRECTION('',(1.,0.,0.));
#9422 = DEFINITIONAL_REPRESENTATION('',(#9423),#9427);
#9423 = LINE('',#9424,#9425);
#9424 = CARTESIAN_POINT('',(-4.148617782781,1.567917228133));
#9425 = VECTOR('',#9426,1.);
#9426 = DIRECTION('',(0.891035129715,-0.453934353859));
#9427 = ( GEOMETRIC_REPRESENTATION_CONTEXT(2) 
PARAMETRIC_REPRESENTATION_CONTEXT() REPRESENTATION_CONTEXT('2D SPACE',''
  ) );
#9428 = ORIENTED_EDGE('',*,*,#9429,.T.);
#9429 = EDGE_CURVE('',#9402,#2149,#9430,.T.);
#9430 = SURFACE_CURVE('',#9431,(#9435,#9442),.PCURVE_S1.);
#9431 = LINE('',#9432,#9433);
#9432 = CARTESIAN_POINT('',(7.492011252603,-3.312577571717,0.59));
#9433 = VECTOR('',#9434,1.);
#9434 = DIRECTION('',(0.,0.,1.));
#9435 = PCURVE('',#2163,#9436);
#9436 = DEFINITIONAL_REPRESENTATION('',(#9437),#9441);
#9437 = LINE('',#9438,#9439);
#9438 = CARTESIAN_POINT('',(0.692805604433,-0.31));
#9439 = VECTOR('',#9440,1.);
#9440 = DIRECTION('',(0.,1.));
#9441 = ( GEOMETRIC_REPRESENTATION_CONTEXT(2) 
PARAMETRIC_REPRESENTATION_CONTEXT() REPRESENTATION_CONTEXT('2D SPACE',''
  ) );
#9442 = PCURVE('',#2811,#9443);
#9443 = DEFINITIONAL_REPRESENTATION('',(#9444),#9448);
#9444 = LINE('',#9445,#9446);
#9445 = CARTESIAN_POINT('',(0.,-0.31));
#9446 = VECTOR('',#9447,1.);
#9447 = DIRECTION('',(0.,1.));
#9448 = ( GEOMETRIC_REPRESENTATION_CONTEXT(2) 
PARAMETRIC_REPRESENTATION_CONTEXT() REPRESENTATION_CONTEXT('2D SPACE',''
  ) );
#9449 = ORIENTED_EDGE('',*,*,#2146,.F.);
#9450 = ADVANCED_FACE('',(#9451),#2189,.F.);
#9451 = FACE_BOUND('',#9452,.F.);
#9452 = EDGE_LOOP('',(#9453,#9476,#9497,#9498));
#9453 = ORIENTED_EDGE('',*,*,#9454,.T.);
#9454 = EDGE_CURVE('',#2175,#9455,#9457,.T.);
#9455 = VERTEX_POINT('',#9456);
#9456 = CARTESIAN_POINT('',(6.981114232663,-2.741175673048,0.59));
#9457 = SURFACE_CURVE('',#9458,(#9462,#9469),.PCURVE_S1.);
#9458 = LINE('',#9459,#9460);
#9459 = CARTESIAN_POINT('',(6.981114232663,-2.741175673048,1.21));
#9460 = VECTOR('',#9461,1.);
#9461 = DIRECTION('',(0.,0.,-1.));
#9462 = PCURVE('',#2189,#9463);
#9463 = DEFINITIONAL_REPRESENTATION('',(#9464),#9468);
#9464 = LINE('',#9465,#9466);
#9465 = CARTESIAN_POINT('',(0.,0.31));
#9466 = VECTOR('',#9467,1.);
#9467 = DIRECTION('',(-0.,-1.));
#9468 = ( GEOMETRIC_REPRESENTATION_CONTEXT(2) 
PARAMETRIC_REPRESENTATION_CONTEXT() REPRESENTATION_CONTEXT('2D SPACE',''
  ) );
#9469 = PCURVE('',#2215,#9470);
#9470 = DEFINITIONAL_REPRESENTATION('',(#9471),#9475);
#9471 = LINE('',#9472,#9473);
#9472 = CARTESIAN_POINT('',(0.692805604433,0.31));
#9473 = VECTOR('',#9474,1.);
#9474 = DIRECTION('',(0.,-1.));
#9475 = ( GEOMETRIC_REPRESENTATION_CONTEXT(2) 
PARAMETRIC_REPRESENTATION_CONTEXT() REPRESENTATION_CONTEXT('2D SPACE',''
  ) );
#9476 = ORIENTED_EDGE('',*,*,#9477,.T.);
#9477 = EDGE_CURVE('',#9455,#9379,#9478,.T.);
#9478 = SURFACE_CURVE('',#9479,(#9483,#9490),.PCURVE_S1.);
#9479 = LINE('',#9480,#9481);
#9480 = CARTESIAN_POINT('',(6.981114232663,-2.741175673048,0.59));
#9481 = VECTOR('',#9482,1.);
#9482 = DIRECTION('',(-0.382683432365,-0.923879532511,0.));
#9483 = PCURVE('',#2189,#9484);
#9484 = DEFINITIONAL_REPRESENTATION('',(#9485),#9489);
#9485 = LINE('',#9486,#9487);
#9486 = CARTESIAN_POINT('',(-0.,-0.31));
#9487 = VECTOR('',#9488,1.);
#9488 = DIRECTION('',(1.,0.));
#9489 = ( GEOMETRIC_REPRESENTATION_CONTEXT(2) 
PARAMETRIC_REPRESENTATION_CONTEXT() REPRESENTATION_CONTEXT('2D SPACE',''
  ) );
#9490 = PCURVE('',#9417,#9491);
#9491 = DEFINITIONAL_REPRESENTATION('',(#9492),#9496);
#9492 = LINE('',#9493,#9494);
#9493 = CARTESIAN_POINT('',(-4.042200671107,1.824830862404));
#9494 = VECTOR('',#9495,1.);
#9495 = DIRECTION('',(-0.382683432365,-0.923879532511));
#9496 = ( GEOMETRIC_REPRESENTATION_CONTEXT(2) 
PARAMETRIC_REPRESENTATION_CONTEXT() REPRESENTATION_CONTEXT('2D SPACE',''
  ) );
#9497 = ORIENTED_EDGE('',*,*,#9378,.F.);
#9498 = ORIENTED_EDGE('',*,*,#2174,.F.);
#9499 = ADVANCED_FACE('',(#9500),#2811,.F.);
#9500 = FACE_BOUND('',#9501,.F.);
#9501 = EDGE_LOOP('',(#9502,#9503,#9526,#9547));
#9502 = ORIENTED_EDGE('',*,*,#9429,.F.);
#9503 = ORIENTED_EDGE('',*,*,#9504,.T.);
#9504 = EDGE_CURVE('',#9402,#9505,#9507,.T.);
#9505 = VERTEX_POINT('',#9506);
#9506 = CARTESIAN_POINT('',(8.109163021967,-3.626994099014,0.59));
#9507 = SURFACE_CURVE('',#9508,(#9512,#9519),.PCURVE_S1.);
#9508 = LINE('',#9509,#9510);
#9509 = CARTESIAN_POINT('',(7.492011252603,-3.312577571717,0.59));
#9510 = VECTOR('',#9511,1.);
#9511 = DIRECTION('',(0.891028719016,-0.453946937304,0.));
#9512 = PCURVE('',#2811,#9513);
#9513 = DEFINITIONAL_REPRESENTATION('',(#9514),#9518);
#9514 = LINE('',#9515,#9516);
#9515 = CARTESIAN_POINT('',(0.,-0.31));
#9516 = VECTOR('',#9517,1.);
#9517 = DIRECTION('',(1.,0.));
#9518 = ( GEOMETRIC_REPRESENTATION_CONTEXT(2) 
PARAMETRIC_REPRESENTATION_CONTEXT() REPRESENTATION_CONTEXT('2D SPACE',''
  ) );
#9519 = PCURVE('',#9417,#9520);
#9520 = DEFINITIONAL_REPRESENTATION('',(#9521),#9525);
#9521 = LINE('',#9522,#9523);
#9522 = CARTESIAN_POINT('',(-3.531303651167,1.253428963734));
#9523 = VECTOR('',#9524,1.);
#9524 = DIRECTION('',(0.891028719016,-0.453946937304));
#9525 = ( GEOMETRIC_REPRESENTATION_CONTEXT(2) 
PARAMETRIC_REPRESENTATION_CONTEXT() REPRESENTATION_CONTEXT('2D SPACE',''
  ) );
#9526 = ORIENTED_EDGE('',*,*,#9527,.T.);
#9527 = EDGE_CURVE('',#9505,#2773,#9528,.T.);
#9528 = SURFACE_CURVE('',#9529,(#9533,#9540),.PCURVE_S1.);
#9529 = LINE('',#9530,#9531);
#9530 = CARTESIAN_POINT('',(8.109163021967,-3.626994099014,0.59));
#9531 = VECTOR('',#9532,1.);
#9532 = DIRECTION('',(0.,0.,1.));
#9533 = PCURVE('',#2811,#9534);
#9534 = DEFINITIONAL_REPRESENTATION('',(#9535),#9539);
#9535 = LINE('',#9536,#9537);
#9536 = CARTESIAN_POINT('',(0.692628370099,-0.31));
#9537 = VECTOR('',#9538,1.);
#9538 = DIRECTION('',(0.,1.));
#9539 = ( GEOMETRIC_REPRESENTATION_CONTEXT(2) 
PARAMETRIC_REPRESENTATION_CONTEXT() REPRESENTATION_CONTEXT('2D SPACE',''
  ) );
#9540 = PCURVE('',#2787,#9541);
#9541 = DEFINITIONAL_REPRESENTATION('',(#9542),#9546);
#9542 = LINE('',#9543,#9544);
#9543 = CARTESIAN_POINT('',(0.,-0.31));
#9544 = VECTOR('',#9545,1.);
#9545 = DIRECTION('',(0.,1.));
#9546 = ( GEOMETRIC_REPRESENTATION_CONTEXT(2) 
PARAMETRIC_REPRESENTATION_CONTEXT() REPRESENTATION_CONTEXT('2D SPACE',''
  ) );
#9547 = ORIENTED_EDGE('',*,*,#2798,.F.);
#9548 = ADVANCED_FACE('',(#9549),#2215,.F.);
#9549 = FACE_BOUND('',#9550,.F.);
#9550 = EDGE_LOOP('',(#9551,#9574,#9595,#9596));
#9551 = ORIENTED_EDGE('',*,*,#9552,.T.);
#9552 = EDGE_CURVE('',#2201,#9553,#9555,.T.);
#9553 = VERTEX_POINT('',#9554);
#9554 = CARTESIAN_POINT('',(7.639998025609,-2.955305897274,0.59));
#9555 = SURFACE_CURVE('',#9556,(#9560,#9567),.PCURVE_S1.);
#9556 = LINE('',#9557,#9558);
#9557 = CARTESIAN_POINT('',(7.639998025609,-2.955305897274,1.21));
#9558 = VECTOR('',#9559,1.);
#9559 = DIRECTION('',(0.,0.,-1.));
#9560 = PCURVE('',#2215,#9561);
#9561 = DEFINITIONAL_REPRESENTATION('',(#9562),#9566);
#9562 = LINE('',#9563,#9564);
#9563 = CARTESIAN_POINT('',(0.,0.31));
#9564 = VECTOR('',#9565,1.);
#9565 = DIRECTION('',(0.,-1.));
#9566 = ( GEOMETRIC_REPRESENTATION_CONTEXT(2) 
PARAMETRIC_REPRESENTATION_CONTEXT() REPRESENTATION_CONTEXT('2D SPACE',''
  ) );
#9567 = PCURVE('',#2241,#9568);
#9568 = DEFINITIONAL_REPRESENTATION('',(#9569),#9573);
#9569 = LINE('',#9570,#9571);
#9570 = CARTESIAN_POINT('',(0.692628370099,0.31));
#9571 = VECTOR('',#9572,1.);
#9572 = DIRECTION('',(0.,-1.));
#9573 = ( GEOMETRIC_REPRESENTATION_CONTEXT(2) 
PARAMETRIC_REPRESENTATION_CONTEXT() REPRESENTATION_CONTEXT('2D SPACE',''
  ) );
#9574 = ORIENTED_EDGE('',*,*,#9575,.T.);
#9575 = EDGE_CURVE('',#9553,#9455,#9576,.T.);
#9576 = SURFACE_CURVE('',#9577,(#9581,#9588),.PCURVE_S1.);
#9577 = LINE('',#9578,#9579);
#9578 = CARTESIAN_POINT('',(7.639998025609,-2.955305897274,0.59));
#9579 = VECTOR('',#9580,1.);
#9580 = DIRECTION('',(-0.951037042324,0.30907692267,0.));
#9581 = PCURVE('',#2215,#9582);
#9582 = DEFINITIONAL_REPRESENTATION('',(#9583),#9587);
#9583 = LINE('',#9584,#9585);
#9584 = CARTESIAN_POINT('',(0.,-0.31));
#9585 = VECTOR('',#9586,1.);
#9586 = DIRECTION('',(1.,0.));
#9587 = ( GEOMETRIC_REPRESENTATION_CONTEXT(2) 
PARAMETRIC_REPRESENTATION_CONTEXT() REPRESENTATION_CONTEXT('2D SPACE',''
  ) );
#9588 = PCURVE('',#9417,#9589);
#9589 = DEFINITIONAL_REPRESENTATION('',(#9590),#9594);
#9590 = LINE('',#9591,#9592);
#9591 = CARTESIAN_POINT('',(-3.383316878161,1.610700638177));
#9592 = VECTOR('',#9593,1.);
#9593 = DIRECTION('',(-0.951037042324,0.30907692267));
#9594 = ( GEOMETRIC_REPRESENTATION_CONTEXT(2) 
PARAMETRIC_REPRESENTATION_CONTEXT() REPRESENTATION_CONTEXT('2D SPACE',''
  ) );
#9595 = ORIENTED_EDGE('',*,*,#9454,.F.);
#9596 = ORIENTED_EDGE('',*,*,#2200,.F.);
#9597 = ADVANCED_FACE('',(#9598),#2787,.F.);
#9598 = FACE_BOUND('',#9599,.F.);
#9599 = EDGE_LOOP('',(#9600,#9601,#9624,#9645));
#9600 = ORIENTED_EDGE('',*,*,#9527,.F.);
#9601 = ORIENTED_EDGE('',*,*,#9602,.T.);
#9602 = EDGE_CURVE('',#9505,#9603,#9605,.T.);
#9603 = VERTEX_POINT('',#9604);
#9604 = CARTESIAN_POINT('',(8.726187859305,-3.941353884659,0.59));
#9605 = SURFACE_CURVE('',#9606,(#9610,#9617),.PCURVE_S1.);
#9606 = LINE('',#9607,#9608);
#9607 = CARTESIAN_POINT('',(8.109163021967,-3.626994099014,0.59));
#9608 = VECTOR('',#9609,1.);
#9609 = DIRECTION('',(0.891024089648,-0.453956023935,0.));
#9610 = PCURVE('',#2787,#9611);
#9611 = DEFINITIONAL_REPRESENTATION('',(#9612),#9616);
#9612 = LINE('',#9613,#9614);
#9613 = CARTESIAN_POINT('',(0.,-0.31));
#9614 = VECTOR('',#9615,1.);
#9615 = DIRECTION('',(1.,0.));
#9616 = ( GEOMETRIC_REPRESENTATION_CONTEXT(2) 
PARAMETRIC_REPRESENTATION_CONTEXT() REPRESENTATION_CONTEXT('2D SPACE',''
  ) );
#9617 = PCURVE('',#9417,#9618);
#9618 = DEFINITIONAL_REPRESENTATION('',(#9619),#9623);
#9619 = LINE('',#9620,#9621);
#9620 = CARTESIAN_POINT('',(-2.914151881804,0.939012436438));
#9621 = VECTOR('',#9622,1.);
#9622 = DIRECTION('',(0.891024089648,-0.453956023935));
#9623 = ( GEOMETRIC_REPRESENTATION_CONTEXT(2) 
PARAMETRIC_REPRESENTATION_CONTEXT() REPRESENTATION_CONTEXT('2D SPACE',''
  ) );
#9624 = ORIENTED_EDGE('',*,*,#9625,.T.);
#9625 = EDGE_CURVE('',#9603,#2747,#9626,.T.);
#9626 = SURFACE_CURVE('',#9627,(#9631,#9638),.PCURVE_S1.);
#9627 = LINE('',#9628,#9629);
#9628 = CARTESIAN_POINT('',(8.726187859305,-3.941353884659,0.59));
#9629 = VECTOR('',#9630,1.);
#9630 = DIRECTION('',(0.,0.,1.));
#9631 = PCURVE('',#2787,#9632);
#9632 = DEFINITIONAL_REPRESENTATION('',(#9633),#9637);
#9633 = LINE('',#9634,#9635);
#9634 = CARTESIAN_POINT('',(0.692489512356,-0.31));
#9635 = VECTOR('',#9636,1.);
#9636 = DIRECTION('',(0.,1.));
#9637 = ( GEOMETRIC_REPRESENTATION_CONTEXT(2) 
PARAMETRIC_REPRESENTATION_CONTEXT() REPRESENTATION_CONTEXT('2D SPACE',''
  ) );
#9638 = PCURVE('',#2761,#9639);
#9639 = DEFINITIONAL_REPRESENTATION('',(#9640),#9644);
#9640 = LINE('',#9641,#9642);
#9641 = CARTESIAN_POINT('',(0.,-0.31));
#9642 = VECTOR('',#9643,1.);
#9643 = DIRECTION('',(0.,1.));
#9644 = ( GEOMETRIC_REPRESENTATION_CONTEXT(2) 
PARAMETRIC_REPRESENTATION_CONTEXT() REPRESENTATION_CONTEXT('2D SPACE',''
  ) );
#9645 = ORIENTED_EDGE('',*,*,#2772,.F.);
#9646 = ADVANCED_FACE('',(#9647),#2241,.F.);
#9647 = FACE_BOUND('',#9648,.F.);
#9648 = EDGE_LOOP('',(#9649,#9672,#9693,#9694));
#9649 = ORIENTED_EDGE('',*,*,#9650,.F.);
#9650 = EDGE_CURVE('',#9651,#2227,#9653,.T.);
#9651 = VERTEX_POINT('',#9652);
#9652 = CARTESIAN_POINT('',(8.298716285316,-3.169372039844,0.59));
#9653 = SURFACE_CURVE('',#9654,(#9658,#9665),.PCURVE_S1.);
#9654 = LINE('',#9655,#9656);
#9655 = CARTESIAN_POINT('',(8.298716285316,-3.169372039844,0.59));
#9656 = VECTOR('',#9657,1.);
#9657 = DIRECTION('',(0.,0.,1.));
#9658 = PCURVE('',#2241,#9659);
#9659 = DEFINITIONAL_REPRESENTATION('',(#9660),#9664);
#9660 = LINE('',#9661,#9662);
#9661 = CARTESIAN_POINT('',(0.,-0.31));
#9662 = VECTOR('',#9663,1.);
#9663 = DIRECTION('',(0.,1.));
#9664 = ( GEOMETRIC_REPRESENTATION_CONTEXT(2) 
PARAMETRIC_REPRESENTATION_CONTEXT() REPRESENTATION_CONTEXT('2D SPACE',''
  ) );
#9665 = PCURVE('',#2267,#9666);
#9666 = DEFINITIONAL_REPRESENTATION('',(#9667),#9671);
#9667 = LINE('',#9668,#9669);
#9668 = CARTESIAN_POINT('',(0.692489512356,-0.31));
#9669 = VECTOR('',#9670,1.);
#9670 = DIRECTION('',(0.,1.));
#9671 = ( GEOMETRIC_REPRESENTATION_CONTEXT(2) 
PARAMETRIC_REPRESENTATION_CONTEXT() REPRESENTATION_CONTEXT('2D SPACE',''
  ) );
#9672 = ORIENTED_EDGE('',*,*,#9673,.T.);
#9673 = EDGE_CURVE('',#9651,#9553,#9674,.T.);
#9674 = SURFACE_CURVE('',#9675,(#9679,#9686),.PCURVE_S1.);
#9675 = LINE('',#9676,#9677);
#9676 = CARTESIAN_POINT('',(8.298716285316,-3.169372039844,0.59));
#9677 = VECTOR('',#9678,1.);
#9678 = DIRECTION('',(-0.951041407115,0.309063491782,0.));
#9679 = PCURVE('',#2241,#9680);
#9680 = DEFINITIONAL_REPRESENTATION('',(#9681),#9685);
#9681 = LINE('',#9682,#9683);
#9682 = CARTESIAN_POINT('',(0.,-0.31));
#9683 = VECTOR('',#9684,1.);
#9684 = DIRECTION('',(1.,0.));
#9685 = ( GEOMETRIC_REPRESENTATION_CONTEXT(2) 
PARAMETRIC_REPRESENTATION_CONTEXT() REPRESENTATION_CONTEXT('2D SPACE',''
  ) );
#9686 = PCURVE('',#9417,#9687);
#9687 = DEFINITIONAL_REPRESENTATION('',(#9688),#9692);
#9688 = LINE('',#9689,#9690);
#9689 = CARTESIAN_POINT('',(-2.724598618454,1.396634495607));
#9690 = VECTOR('',#9691,1.);
#9691 = DIRECTION('',(-0.951041407115,0.309063491782));
#9692 = ( GEOMETRIC_REPRESENTATION_CONTEXT(2) 
PARAMETRIC_REPRESENTATION_CONTEXT() REPRESENTATION_CONTEXT('2D SPACE',''
  ) );
#9693 = ORIENTED_EDGE('',*,*,#9552,.F.);
#9694 = ORIENTED_EDGE('',*,*,#2226,.F.);
#9695 = ADVANCED_FACE('',(#9696),#2761,.F.);
#9696 = FACE_BOUND('',#9697,.F.);
#9697 = EDGE_LOOP('',(#9698,#9699,#9722,#9743));
#9698 = ORIENTED_EDGE('',*,*,#9625,.F.);
#9699 = ORIENTED_EDGE('',*,*,#9700,.T.);
#9700 = EDGE_CURVE('',#9603,#9701,#9703,.T.);
#9701 = VERTEX_POINT('',#9702);
#9702 = CARTESIAN_POINT('',(9.343111587111,-4.255668022207,0.59));
#9703 = SURFACE_CURVE('',#9704,(#9708,#9715),.PCURVE_S1.);
#9704 = LINE('',#9705,#9706);
#9705 = CARTESIAN_POINT('',(8.726187859305,-3.941353884659,0.59));
#9706 = VECTOR('',#9707,1.);
#9707 = DIRECTION('',(0.891020663391,-0.453962748924,0.));
#9708 = PCURVE('',#2761,#9709);
#9709 = DEFINITIONAL_REPRESENTATION('',(#9710),#9714);
#9710 = LINE('',#9711,#9712);
#9711 = CARTESIAN_POINT('',(0.,-0.31));
#9712 = VECTOR('',#9713,1.);
#9713 = DIRECTION('',(1.,0.));
#9714 = ( GEOMETRIC_REPRESENTATION_CONTEXT(2) 
PARAMETRIC_REPRESENTATION_CONTEXT() REPRESENTATION_CONTEXT('2D SPACE',''
  ) );
#9715 = PCURVE('',#9417,#9716);
#9716 = DEFINITIONAL_REPRESENTATION('',(#9717),#9721);
#9717 = LINE('',#9718,#9719);
#9718 = CARTESIAN_POINT('',(-2.297127044465,0.624652650792));
#9719 = VECTOR('',#9720,1.);
#9720 = DIRECTION('',(0.891020663391,-0.453962748924));
#9721 = ( GEOMETRIC_REPRESENTATION_CONTEXT(2) 
PARAMETRIC_REPRESENTATION_CONTEXT() REPRESENTATION_CONTEXT('2D SPACE',''
  ) );
#9722 = ORIENTED_EDGE('',*,*,#9723,.T.);
#9723 = EDGE_CURVE('',#9701,#2721,#9724,.T.);
#9724 = SURFACE_CURVE('',#9725,(#9729,#9736),.PCURVE_S1.);
#9725 = LINE('',#9726,#9727);
#9726 = CARTESIAN_POINT('',(9.343111587111,-4.255668022207,0.59));
#9727 = VECTOR('',#9728,1.);
#9728 = DIRECTION('',(0.,0.,1.));
#9729 = PCURVE('',#2761,#9730);
#9730 = DEFINITIONAL_REPRESENTATION('',(#9731),#9735);
#9731 = LINE('',#9732,#9733);
#9732 = CARTESIAN_POINT('',(0.692378699118,-0.31));
#9733 = VECTOR('',#9734,1.);
#9734 = DIRECTION('',(0.,1.));
#9735 = ( GEOMETRIC_REPRESENTATION_CONTEXT(2) 
PARAMETRIC_REPRESENTATION_CONTEXT() REPRESENTATION_CONTEXT('2D SPACE',''
  ) );
#9736 = PCURVE('',#2735,#9737);
#9737 = DEFINITIONAL_REPRESENTATION('',(#9738),#9742);
#9738 = LINE('',#9739,#9740);
#9739 = CARTESIAN_POINT('',(0.,-0.31));
#9740 = VECTOR('',#9741,1.);
#9741 = DIRECTION('',(0.,1.));
#9742 = ( GEOMETRIC_REPRESENTATION_CONTEXT(2) 
PARAMETRIC_REPRESENTATION_CONTEXT() REPRESENTATION_CONTEXT('2D SPACE',''
  ) );
#9743 = ORIENTED_EDGE('',*,*,#2746,.F.);
#9744 = ADVANCED_FACE('',(#9745),#2267,.F.);
#9745 = FACE_BOUND('',#9746,.F.);
#9746 = EDGE_LOOP('',(#9747,#9770,#9791,#9792));
#9747 = ORIENTED_EDGE('',*,*,#9748,.F.);
#9748 = EDGE_CURVE('',#9749,#2253,#9751,.T.);
#9749 = VERTEX_POINT('',#9750);
#9750 = CARTESIAN_POINT('',(8.957304668121,-3.383388550324,0.59));
#9751 = SURFACE_CURVE('',#9752,(#9756,#9763),.PCURVE_S1.);
#9752 = LINE('',#9753,#9754);
#9753 = CARTESIAN_POINT('',(8.957304668121,-3.383388550324,0.59));
#9754 = VECTOR('',#9755,1.);
#9755 = DIRECTION('',(0.,0.,1.));
#9756 = PCURVE('',#2267,#9757);
#9757 = DEFINITIONAL_REPRESENTATION('',(#9758),#9762);
#9758 = LINE('',#9759,#9760);
#9759 = CARTESIAN_POINT('',(0.,-0.31));
#9760 = VECTOR('',#9761,1.);
#9761 = DIRECTION('',(0.,1.));
#9762 = ( GEOMETRIC_REPRESENTATION_CONTEXT(2) 
PARAMETRIC_REPRESENTATION_CONTEXT() REPRESENTATION_CONTEXT('2D SPACE',''
  ) );
#9763 = PCURVE('',#2293,#9764);
#9764 = DEFINITIONAL_REPRESENTATION('',(#9765),#9769);
#9765 = LINE('',#9766,#9767);
#9766 = CARTESIAN_POINT('',(0.692378699118,-0.31));
#9767 = VECTOR('',#9768,1.);
#9768 = DIRECTION('',(0.,1.));
#9769 = ( GEOMETRIC_REPRESENTATION_CONTEXT(2) 
PARAMETRIC_REPRESENTATION_CONTEXT() REPRESENTATION_CONTEXT('2D SPACE',''
  ) );
#9770 = ORIENTED_EDGE('',*,*,#9771,.T.);
#9771 = EDGE_CURVE('',#9749,#9651,#9772,.T.);
#9772 = SURFACE_CURVE('',#9773,(#9777,#9784),.PCURVE_S1.);
#9773 = LINE('',#9774,#9775);
#9774 = CARTESIAN_POINT('',(8.957304668121,-3.383388550324,0.59));
#9775 = VECTOR('',#9776,1.);
#9776 = DIRECTION('',(-0.951044558875,0.309053793106,0.));
#9777 = PCURVE('',#2267,#9778);
#9778 = DEFINITIONAL_REPRESENTATION('',(#9779),#9783);
#9779 = LINE('',#9780,#9781);
#9780 = CARTESIAN_POINT('',(0.,-0.31));
#9781 = VECTOR('',#9782,1.);
#9782 = DIRECTION('',(1.,0.));
#9783 = ( GEOMETRIC_REPRESENTATION_CONTEXT(2) 
PARAMETRIC_REPRESENTATION_CONTEXT() REPRESENTATION_CONTEXT('2D SPACE',''
  ) );
#9784 = PCURVE('',#9417,#9785);
#9785 = DEFINITIONAL_REPRESENTATION('',(#9786),#9790);
#9786 = LINE('',#9787,#9788);
#9787 = CARTESIAN_POINT('',(-2.06601023565,1.182617985127));
#9788 = VECTOR('',#9789,1.);
#9789 = DIRECTION('',(-0.951044558875,0.309053793106));
#9790 = ( GEOMETRIC_REPRESENTATION_CONTEXT(2) 
PARAMETRIC_REPRESENTATION_CONTEXT() REPRESENTATION_CONTEXT('2D SPACE',''
  ) );
#9791 = ORIENTED_EDGE('',*,*,#9650,.T.);
#9792 = ORIENTED_EDGE('',*,*,#2252,.F.);
#9793 = ADVANCED_FACE('',(#9794),#2735,.F.);
#9794 = FACE_BOUND('',#9795,.F.);
#9795 = EDGE_LOOP('',(#9796,#9797,#9820,#9841));
#9796 = ORIENTED_EDGE('',*,*,#9723,.F.);
#9797 = ORIENTED_EDGE('',*,*,#9798,.T.);
#9798 = EDGE_CURVE('',#9701,#9799,#9801,.T.);
#9799 = VERTEX_POINT('',#9800);
#9800 = CARTESIAN_POINT('',(9.959953469555,-4.569944893404,0.59));
#9801 = SURFACE_CURVE('',#9802,(#9806,#9813),.PCURVE_S1.);
#9802 = LINE('',#9803,#9804);
#9803 = CARTESIAN_POINT('',(9.343111587111,-4.255668022207,0.59));
#9804 = VECTOR('',#9805,1.);
#9805 = DIRECTION('',(0.891018073421,-0.453967832381,0.));
#9806 = PCURVE('',#2735,#9807);
#9807 = DEFINITIONAL_REPRESENTATION('',(#9808),#9812);
#9808 = LINE('',#9809,#9810);
#9809 = CARTESIAN_POINT('',(0.,-0.31));
#9810 = VECTOR('',#9811,1.);
#9811 = DIRECTION('',(1.,0.));
#9812 = ( GEOMETRIC_REPRESENTATION_CONTEXT(2) 
PARAMETRIC_REPRESENTATION_CONTEXT() REPRESENTATION_CONTEXT('2D SPACE',''
  ) );
#9813 = PCURVE('',#9417,#9814);
#9814 = DEFINITIONAL_REPRESENTATION('',(#9815),#9819);
#9815 = LINE('',#9816,#9817);
#9816 = CARTESIAN_POINT('',(-1.68020331666,0.310338513244));
#9817 = VECTOR('',#9818,1.);
#9818 = DIRECTION('',(0.891018073421,-0.453967832381));
#9819 = ( GEOMETRIC_REPRESENTATION_CONTEXT(2) 
PARAMETRIC_REPRESENTATION_CONTEXT() REPRESENTATION_CONTEXT('2D SPACE',''
  ) );
#9820 = ORIENTED_EDGE('',*,*,#9821,.T.);
#9821 = EDGE_CURVE('',#9799,#2695,#9822,.T.);
#9822 = SURFACE_CURVE('',#9823,(#9827,#9834),.PCURVE_S1.);
#9823 = LINE('',#9824,#9825);
#9824 = CARTESIAN_POINT('',(9.959953469555,-4.569944893404,0.59));
#9825 = VECTOR('',#9826,1.);
#9826 = DIRECTION('',(0.,0.,1.));
#9827 = PCURVE('',#2735,#9828);
#9828 = DEFINITIONAL_REPRESENTATION('',(#9829),#9833);
#9829 = LINE('',#9830,#9831);
#9830 = CARTESIAN_POINT('',(0.692288855685,-0.31));
#9831 = VECTOR('',#9832,1.);
#9832 = DIRECTION('',(0.,1.));
#9833 = ( GEOMETRIC_REPRESENTATION_CONTEXT(2) 
PARAMETRIC_REPRESENTATION_CONTEXT() REPRESENTATION_CONTEXT('2D SPACE',''
  ) );
#9834 = PCURVE('',#2709,#9835);
#9835 = DEFINITIONAL_REPRESENTATION('',(#9836),#9840);
#9836 = LINE('',#9837,#9838);
#9837 = CARTESIAN_POINT('',(0.,-0.31));
#9838 = VECTOR('',#9839,1.);
#9839 = DIRECTION('',(0.,1.));
#9840 = ( GEOMETRIC_REPRESENTATION_CONTEXT(2) 
PARAMETRIC_REPRESENTATION_CONTEXT() REPRESENTATION_CONTEXT('2D SPACE',''
  ) );
#9841 = ORIENTED_EDGE('',*,*,#2720,.F.);
#9842 = ADVANCED_FACE('',(#9843),#2293,.F.);
#9843 = FACE_BOUND('',#9844,.F.);
#9844 = EDGE_LOOP('',(#9845,#9868,#9889,#9890));
#9845 = ORIENTED_EDGE('',*,*,#9846,.F.);
#9846 = EDGE_CURVE('',#9847,#2279,#9849,.T.);
#9847 = VERTEX_POINT('',#9848);
#9848 = CARTESIAN_POINT('',(9.61578927761,-3.597365843647,0.59));
#9849 = SURFACE_CURVE('',#9850,(#9854,#9861),.PCURVE_S1.);
#9850 = LINE('',#9851,#9852);
#9851 = CARTESIAN_POINT('',(9.61578927761,-3.597365843647,0.59));
#9852 = VECTOR('',#9853,1.);
#9853 = DIRECTION('',(0.,0.,1.));
#9854 = PCURVE('',#2293,#9855);
#9855 = DEFINITIONAL_REPRESENTATION('',(#9856),#9860);
#9856 = LINE('',#9857,#9858);
#9857 = CARTESIAN_POINT('',(0.,-0.31));
#9858 = VECTOR('',#9859,1.);
#9859 = DIRECTION('',(0.,1.));
#9860 = ( GEOMETRIC_REPRESENTATION_CONTEXT(2) 
PARAMETRIC_REPRESENTATION_CONTEXT() REPRESENTATION_CONTEXT('2D SPACE',''
  ) );
#9861 = PCURVE('',#2319,#9862);
#9862 = DEFINITIONAL_REPRESENTATION('',(#9863),#9867);
#9863 = LINE('',#9864,#9865);
#9864 = CARTESIAN_POINT('',(0.692288855685,-0.31));
#9865 = VECTOR('',#9866,1.);
#9866 = DIRECTION('',(0.,1.));
#9867 = ( GEOMETRIC_REPRESENTATION_CONTEXT(2) 
PARAMETRIC_REPRESENTATION_CONTEXT() REPRESENTATION_CONTEXT('2D SPACE',''
  ) );
#9868 = ORIENTED_EDGE('',*,*,#9869,.T.);
#9869 = EDGE_CURVE('',#9847,#9749,#9870,.T.);
#9870 = SURFACE_CURVE('',#9871,(#9875,#9882),.PCURVE_S1.);
#9871 = LINE('',#9872,#9873);
#9872 = CARTESIAN_POINT('',(9.61578927761,-3.597365843647,0.59));
#9873 = VECTOR('',#9874,1.);
#9874 = DIRECTION('',(-0.951046891431,0.30904661509,0.));
#9875 = PCURVE('',#2293,#9876);
#9876 = DEFINITIONAL_REPRESENTATION('',(#9877),#9881);
#9877 = LINE('',#9878,#9879);
#9878 = CARTESIAN_POINT('',(0.,-0.31));
#9879 = VECTOR('',#9880,1.);
#9880 = DIRECTION('',(1.,0.));
#9881 = ( GEOMETRIC_REPRESENTATION_CONTEXT(2) 
PARAMETRIC_REPRESENTATION_CONTEXT() REPRESENTATION_CONTEXT('2D SPACE',''
  ) );
#9882 = PCURVE('',#9417,#9883);
#9883 = DEFINITIONAL_REPRESENTATION('',(#9884),#9888);
#9884 = LINE('',#9885,#9886);
#9885 = CARTESIAN_POINT('',(-1.40752562616,0.968640691804));
#9886 = VECTOR('',#9887,1.);
#9887 = DIRECTION('',(-0.951046891431,0.30904661509));
#9888 = ( GEOMETRIC_REPRESENTATION_CONTEXT(2) 
PARAMETRIC_REPRESENTATION_CONTEXT() REPRESENTATION_CONTEXT('2D SPACE',''
  ) );
#9889 = ORIENTED_EDGE('',*,*,#9748,.T.);
#9890 = ORIENTED_EDGE('',*,*,#2278,.F.);
#9891 = ADVANCED_FACE('',(#9892),#2709,.F.);
#9892 = FACE_BOUND('',#9893,.F.);
#9893 = EDGE_LOOP('',(#9894,#9895,#9918,#9939));
#9894 = ORIENTED_EDGE('',*,*,#9821,.F.);
#9895 = ORIENTED_EDGE('',*,*,#9896,.T.);
#9896 = EDGE_CURVE('',#9799,#9897,#9899,.T.);
#9897 = VERTEX_POINT('',#9898);
#9898 = CARTESIAN_POINT('',(10.576728169956,-4.884190948238,0.59));
#9899 = SURFACE_CURVE('',#9900,(#9904,#9911),.PCURVE_S1.);
#9900 = LINE('',#9901,#9902);
#9901 = CARTESIAN_POINT('',(9.959953469555,-4.569944893404,0.59));
#9902 = VECTOR('',#9903,1.);
#9903 = DIRECTION('',(0.891016079362,-0.453971746167,0.));
#9904 = PCURVE('',#2709,#9905);
#9905 = DEFINITIONAL_REPRESENTATION('',(#9906),#9910);
#9906 = LINE('',#9907,#9908);
#9907 = CARTESIAN_POINT('',(0.,-0.31));
#9908 = VECTOR('',#9909,1.);
#9909 = DIRECTION('',(1.,0.));
#9910 = ( GEOMETRIC_REPRESENTATION_CONTEXT(2) 
PARAMETRIC_REPRESENTATION_CONTEXT() REPRESENTATION_CONTEXT('2D SPACE',''
  ) );
#9911 = PCURVE('',#9417,#9912);
#9912 = DEFINITIONAL_REPRESENTATION('',(#9913),#9917);
#9913 = LINE('',#9914,#9915);
#9914 = CARTESIAN_POINT('',(-1.063361434216,-3.93835795304E-03));
#9915 = VECTOR('',#9916,1.);
#9916 = DIRECTION('',(0.891016079362,-0.453971746167));
#9917 = ( GEOMETRIC_REPRESENTATION_CONTEXT(2) 
PARAMETRIC_REPRESENTATION_CONTEXT() REPRESENTATION_CONTEXT('2D SPACE',''
  ) );
#9918 = ORIENTED_EDGE('',*,*,#9919,.T.);
#9919 = EDGE_CURVE('',#9897,#2669,#9920,.T.);
#9920 = SURFACE_CURVE('',#9921,(#9925,#9932),.PCURVE_S1.);
#9921 = LINE('',#9922,#9923);
#9922 = CARTESIAN_POINT('',(10.576728169956,-4.884190948238,0.59));
#9923 = VECTOR('',#9924,1.);
#9924 = DIRECTION('',(0.,0.,1.));
#9925 = PCURVE('',#2709,#9926);
#9926 = DEFINITIONAL_REPRESENTATION('',(#9927),#9931);
#9927 = LINE('',#9928,#9929);
#9928 = CARTESIAN_POINT('',(0.692215005641,-0.31));
#9929 = VECTOR('',#9930,1.);
#9930 = DIRECTION('',(0.,1.));
#9931 = ( GEOMETRIC_REPRESENTATION_CONTEXT(2) 
PARAMETRIC_REPRESENTATION_CONTEXT() REPRESENTATION_CONTEXT('2D SPACE',''
  ) );
#9932 = PCURVE('',#2683,#9933);
#9933 = DEFINITIONAL_REPRESENTATION('',(#9934),#9938);
#9934 = LINE('',#9935,#9936);
#9935 = CARTESIAN_POINT('',(0.,-0.31));
#9936 = VECTOR('',#9937,1.);
#9937 = DIRECTION('',(0.,1.));
#9938 = ( GEOMETRIC_REPRESENTATION_CONTEXT(2) 
PARAMETRIC_REPRESENTATION_CONTEXT() REPRESENTATION_CONTEXT('2D SPACE',''
  ) );
#9939 = ORIENTED_EDGE('',*,*,#2694,.F.);
#9940 = ADVANCED_FACE('',(#9941),#2319,.F.);
#9941 = FACE_BOUND('',#9942,.F.);
#9942 = EDGE_LOOP('',(#9943,#9966,#9987,#9988));
#9943 = ORIENTED_EDGE('',*,*,#9944,.F.);
#9944 = EDGE_CURVE('',#9945,#2305,#9947,.T.);
#9945 = VERTEX_POINT('',#9946);
#9946 = CARTESIAN_POINT('',(10.2741896624,-3.81131161485,0.59));
#9947 = SURFACE_CURVE('',#9948,(#9952,#9959),.PCURVE_S1.);
#9948 = LINE('',#9949,#9950);
#9949 = CARTESIAN_POINT('',(10.2741896624,-3.81131161485,0.59));
#9950 = VECTOR('',#9951,1.);
#9951 = DIRECTION('',(0.,0.,1.));
#9952 = PCURVE('',#2319,#9953);
#9953 = DEFINITIONAL_REPRESENTATION('',(#9954),#9958);
#9954 = LINE('',#9955,#9956);
#9955 = CARTESIAN_POINT('',(0.,-0.31));
#9956 = VECTOR('',#9957,1.);
#9957 = DIRECTION('',(0.,1.));
#9958 = ( GEOMETRIC_REPRESENTATION_CONTEXT(2) 
PARAMETRIC_REPRESENTATION_CONTEXT() REPRESENTATION_CONTEXT('2D SPACE',''
  ) );
#9959 = PCURVE('',#2345,#9960);
#9960 = DEFINITIONAL_REPRESENTATION('',(#9961),#9965);
#9961 = LINE('',#9962,#9963);
#9962 = CARTESIAN_POINT('',(0.692215005641,-0.31));
#9963 = VECTOR('',#9964,1.);
#9964 = DIRECTION('',(0.,1.));
#9965 = ( GEOMETRIC_REPRESENTATION_CONTEXT(2) 
PARAMETRIC_REPRESENTATION_CONTEXT() REPRESENTATION_CONTEXT('2D SPACE',''
  ) );
#9966 = ORIENTED_EDGE('',*,*,#9967,.T.);
#9967 = EDGE_CURVE('',#9945,#9847,#9968,.T.);
#9968 = SURFACE_CURVE('',#9969,(#9973,#9980),.PCURVE_S1.);
#9969 = LINE('',#9970,#9971);
#9970 = CARTESIAN_POINT('',(10.2741896624,-3.81131161485,0.59));
#9971 = VECTOR('',#9972,1.);
#9972 = DIRECTION('',(-0.951048654593,0.309041189159,0.));
#9973 = PCURVE('',#2319,#9974);
#9974 = DEFINITIONAL_REPRESENTATION('',(#9975),#9979);
#9975 = LINE('',#9976,#9977);
#9976 = CARTESIAN_POINT('',(0.,-0.31));
#9977 = VECTOR('',#9978,1.);
#9978 = DIRECTION('',(1.,0.));
#9979 = ( GEOMETRIC_REPRESENTATION_CONTEXT(2) 
PARAMETRIC_REPRESENTATION_CONTEXT() REPRESENTATION_CONTEXT('2D SPACE',''
  ) );
#9980 = PCURVE('',#9417,#9981);
#9981 = DEFINITIONAL_REPRESENTATION('',(#9982),#9986);
#9982 = LINE('',#9983,#9984);
#9983 = CARTESIAN_POINT('',(-0.749125241371,0.754694920602));
#9984 = VECTOR('',#9985,1.);
#9985 = DIRECTION('',(-0.951048654593,0.309041189159));
#9986 = ( GEOMETRIC_REPRESENTATION_CONTEXT(2) 
PARAMETRIC_REPRESENTATION_CONTEXT() REPRESENTATION_CONTEXT('2D SPACE',''
  ) );
#9987 = ORIENTED_EDGE('',*,*,#9846,.T.);
#9988 = ORIENTED_EDGE('',*,*,#2304,.F.);
#9989 = ADVANCED_FACE('',(#9990),#2683,.F.);
#9990 = FACE_BOUND('',#9991,.F.);
#9991 = EDGE_LOOP('',(#9992,#9993,#10016,#10037));
#9992 = ORIENTED_EDGE('',*,*,#9919,.F.);
#9993 = ORIENTED_EDGE('',*,*,#9994,.T.);
#9994 = EDGE_CURVE('',#9897,#9995,#9997,.T.);
#9995 = VERTEX_POINT('',#9996);
#9996 = CARTESIAN_POINT('',(11.193447046742,-5.198411230645,0.59));
#9997 = SURFACE_CURVE('',#9998,(#10002,#10009),.PCURVE_S1.);
#9998 = LINE('',#9999,#10000);
#9999 = CARTESIAN_POINT('',(10.576728169956,-4.884190948238,0.59));
#10000 = VECTOR('',#10001,1.);
#10001 = DIRECTION('',(0.891014519209,-0.453974808286,0.));
#10002 = PCURVE('',#2683,#10003);
#10003 = DEFINITIONAL_REPRESENTATION('',(#10004),#10008);
#10004 = LINE('',#10005,#10006);
#10005 = CARTESIAN_POINT('',(0.,-0.31));
#10006 = VECTOR('',#10007,1.);
#10007 = DIRECTION('',(1.,0.));
#10008 = ( GEOMETRIC_REPRESENTATION_CONTEXT(2) 
PARAMETRIC_REPRESENTATION_CONTEXT() REPRESENTATION_CONTEXT('2D SPACE',''
  ) );
#10009 = PCURVE('',#9417,#10010);
#10010 = DEFINITIONAL_REPRESENTATION('',(#10011),#10015);
#10011 = LINE('',#10012,#10013);
#10012 = CARTESIAN_POINT('',(-0.446586733814,-0.318184412787));
#10013 = VECTOR('',#10014,1.);
#10014 = DIRECTION('',(0.891014519209,-0.453974808286));
#10015 = ( GEOMETRIC_REPRESENTATION_CONTEXT(2) 
PARAMETRIC_REPRESENTATION_CONTEXT() REPRESENTATION_CONTEXT('2D SPACE',''
  ) );
#10016 = ORIENTED_EDGE('',*,*,#10017,.T.);
#10017 = EDGE_CURVE('',#9995,#2643,#10018,.T.);
#10018 = SURFACE_CURVE('',#10019,(#10023,#10030),.PCURVE_S1.);
#10019 = LINE('',#10020,#10021);
#10020 = CARTESIAN_POINT('',(11.193447046742,-5.198411230645,0.59));
#10021 = VECTOR('',#10022,1.);
#10022 = DIRECTION('',(0.,0.,1.));
#10023 = PCURVE('',#2683,#10024);
#10024 = DEFINITIONAL_REPRESENTATION('',(#10025),#10029);
#10025 = LINE('',#10026,#10027);
#10026 = CARTESIAN_POINT('',(0.692153565952,-0.31));
#10027 = VECTOR('',#10028,1.);
#10028 = DIRECTION('',(0.,1.));
#10029 = ( GEOMETRIC_REPRESENTATION_CONTEXT(2) 
PARAMETRIC_REPRESENTATION_CONTEXT() REPRESENTATION_CONTEXT('2D SPACE',''
  ) );
#10030 = PCURVE('',#2657,#10031);
#10031 = DEFINITIONAL_REPRESENTATION('',(#10032),#10036);
#10032 = LINE('',#10033,#10034);
#10033 = CARTESIAN_POINT('',(0.,-0.31));
#10034 = VECTOR('',#10035,1.);
#10035 = DIRECTION('',(0.,1.));
#10036 = ( GEOMETRIC_REPRESENTATION_CONTEXT(2) 
PARAMETRIC_REPRESENTATION_CONTEXT() REPRESENTATION_CONTEXT('2D SPACE',''
  ) );
#10037 = ORIENTED_EDGE('',*,*,#2668,.F.);
#10038 = ADVANCED_FACE('',(#10039),#2345,.F.);
#10039 = FACE_BOUND('',#10040,.F.);
#10040 = EDGE_LOOP('',(#10041,#10064,#10085,#10086));
#10041 = ORIENTED_EDGE('',*,*,#10042,.F.);
#10042 = EDGE_CURVE('',#10043,#2331,#10045,.T.);
#10043 = VERTEX_POINT('',#10044);
#10044 = CARTESIAN_POINT('',(10.932520751852,-4.025231671634,0.59));
#10045 = SURFACE_CURVE('',#10046,(#10050,#10057),.PCURVE_S1.);
#10046 = LINE('',#10047,#10048);
#10047 = CARTESIAN_POINT('',(10.932520751852,-4.025231671634,0.59));
#10048 = VECTOR('',#10049,1.);
#10049 = DIRECTION('',(0.,0.,1.));
#10050 = PCURVE('',#2345,#10051);
#10051 = DEFINITIONAL_REPRESENTATION('',(#10052),#10056);
#10052 = LINE('',#10053,#10054);
#10053 = CARTESIAN_POINT('',(0.,-0.31));
#10054 = VECTOR('',#10055,1.);
#10055 = DIRECTION('',(0.,1.));
#10056 = ( GEOMETRIC_REPRESENTATION_CONTEXT(2) 
PARAMETRIC_REPRESENTATION_CONTEXT() REPRESENTATION_CONTEXT('2D SPACE',''
  ) );
#10057 = PCURVE('',#2371,#10058);
#10058 = DEFINITIONAL_REPRESENTATION('',(#10059),#10063);
#10059 = LINE('',#10060,#10061);
#10060 = CARTESIAN_POINT('',(0.692153565952,-0.31));
#10061 = VECTOR('',#10062,1.);
#10062 = DIRECTION('',(0.,1.));
#10063 = ( GEOMETRIC_REPRESENTATION_CONTEXT(2) 
PARAMETRIC_REPRESENTATION_CONTEXT() REPRESENTATION_CONTEXT('2D SPACE',''
  ) );
#10064 = ORIENTED_EDGE('',*,*,#10065,.T.);
#10065 = EDGE_CURVE('',#10043,#9945,#10066,.T.);
#10066 = SURFACE_CURVE('',#10067,(#10071,#10078),.PCURVE_S1.);
#10067 = LINE('',#10068,#10069);
#10068 = CARTESIAN_POINT('',(10.932520751852,-4.025231671634,0.59));
#10069 = VECTOR('',#10070,1.);
#10070 = DIRECTION('',(-0.951050012045,0.309037011681,0.));
#10071 = PCURVE('',#2345,#10072);
#10072 = DEFINITIONAL_REPRESENTATION('',(#10073),#10077);
#10073 = LINE('',#10074,#10075);
#10074 = CARTESIAN_POINT('',(0.,-0.31));
#10075 = VECTOR('',#10076,1.);
#10076 = DIRECTION('',(1.,0.));
#10077 = ( GEOMETRIC_REPRESENTATION_CONTEXT(2) 
PARAMETRIC_REPRESENTATION_CONTEXT() REPRESENTATION_CONTEXT('2D SPACE',''
  ) );
#10078 = PCURVE('',#9417,#10079);
#10079 = DEFINITIONAL_REPRESENTATION('',(#10080),#10084);
#10080 = LINE('',#10081,#10082);
#10081 = CARTESIAN_POINT('',(-9.07941519183E-02,0.540774863817));
#10082 = VECTOR('',#10083,1.);
#10083 = DIRECTION('',(-0.951050012045,0.309037011681));
#10084 = ( GEOMETRIC_REPRESENTATION_CONTEXT(2) 
PARAMETRIC_REPRESENTATION_CONTEXT() REPRESENTATION_CONTEXT('2D SPACE',''
  ) );
#10085 = ORIENTED_EDGE('',*,*,#9944,.T.);
#10086 = ORIENTED_EDGE('',*,*,#2330,.F.);
#10087 = ADVANCED_FACE('',(#10088),#2657,.F.);
#10088 = FACE_BOUND('',#10089,.F.);
#10089 = EDGE_LOOP('',(#10090,#10091,#10114,#10135));
#10090 = ORIENTED_EDGE('',*,*,#10017,.F.);
#10091 = ORIENTED_EDGE('',*,*,#10092,.T.);
#10092 = EDGE_CURVE('',#9995,#10093,#10095,.T.);
#10093 = VERTEX_POINT('',#10094);
#10094 = CARTESIAN_POINT('',(11.81011903476,-5.512609741544,0.59));
#10095 = SURFACE_CURVE('',#10096,(#10100,#10107),.PCURVE_S1.);
#10096 = LINE('',#10097,#10098);
#10097 = CARTESIAN_POINT('',(11.193447046742,-5.198411230645,0.59));
#10098 = VECTOR('',#10099,1.);
#10099 = DIRECTION('',(0.891013281068,-0.453977238373,0.));
#10100 = PCURVE('',#2657,#10101);
#10101 = DEFINITIONAL_REPRESENTATION('',(#10102),#10106);
#10102 = LINE('',#10103,#10104);
#10103 = CARTESIAN_POINT('',(0.,-0.31));
#10104 = VECTOR('',#10105,1.);
#10105 = DIRECTION('',(1.,0.));
#10106 = ( GEOMETRIC_REPRESENTATION_CONTEXT(2) 
PARAMETRIC_REPRESENTATION_CONTEXT() REPRESENTATION_CONTEXT('2D SPACE',''
  ) );
#10107 = PCURVE('',#9417,#10108);
#10108 = DEFINITIONAL_REPRESENTATION('',(#10109),#10113);
#10109 = LINE('',#10110,#10111);
#10110 = CARTESIAN_POINT('',(0.170132142971,-0.632404695194));
#10111 = VECTOR('',#10112,1.);
#10112 = DIRECTION('',(0.891013281068,-0.453977238373));
#10113 = ( GEOMETRIC_REPRESENTATION_CONTEXT(2) 
PARAMETRIC_REPRESENTATION_CONTEXT() REPRESENTATION_CONTEXT('2D SPACE',''
  ) );
#10114 = ORIENTED_EDGE('',*,*,#10115,.T.);
#10115 = EDGE_CURVE('',#10093,#2617,#10116,.T.);
#10116 = SURFACE_CURVE('',#10117,(#10121,#10128),.PCURVE_S1.);
#10117 = LINE('',#10118,#10119);
#10118 = CARTESIAN_POINT('',(11.81011903476,-5.512609741544,0.59));
#10119 = VECTOR('',#10120,1.);
#10120 = DIRECTION('',(0.,0.,1.));
#10121 = PCURVE('',#2657,#10122);
#10122 = DEFINITIONAL_REPRESENTATION('',(#10123),#10127);
#10123 = LINE('',#10124,#10125);
#10124 = CARTESIAN_POINT('',(0.692101903666,-0.31));
#10125 = VECTOR('',#10126,1.);
#10126 = DIRECTION('',(0.,1.));
#10127 = ( GEOMETRIC_REPRESENTATION_CONTEXT(2) 
PARAMETRIC_REPRESENTATION_CONTEXT() REPRESENTATION_CONTEXT('2D SPACE',''
  ) );
#10128 = PCURVE('',#2631,#10129);
#10129 = DEFINITIONAL_REPRESENTATION('',(#10130),#10134);
#10130 = LINE('',#10131,#10132);
#10131 = CARTESIAN_POINT('',(0.,-0.31));
#10132 = VECTOR('',#10133,1.);
#10133 = DIRECTION('',(0.,1.));
#10134 = ( GEOMETRIC_REPRESENTATION_CONTEXT(2) 
PARAMETRIC_REPRESENTATION_CONTEXT() REPRESENTATION_CONTEXT('2D SPACE',''
  ) );
#10135 = ORIENTED_EDGE('',*,*,#2642,.F.);
#10136 = ADVANCED_FACE('',(#10137),#2371,.F.);
#10137 = FACE_BOUND('',#10138,.F.);
#10138 = EDGE_LOOP('',(#10139,#10162,#10183,#10184));
#10139 = ORIENTED_EDGE('',*,*,#10140,.F.);
#10140 = EDGE_CURVE('',#10141,#2357,#10143,.T.);
#10141 = VERTEX_POINT('',#10142);
#10142 = CARTESIAN_POINT('',(11.590794144189,-4.239130479018,0.59));
#10143 = SURFACE_CURVE('',#10144,(#10148,#10155),.PCURVE_S1.);
#10144 = LINE('',#10145,#10146);
#10145 = CARTESIAN_POINT('',(11.590794144189,-4.239130479018,0.59));
#10146 = VECTOR('',#10147,1.);
#10147 = DIRECTION('',(0.,0.,1.));
#10148 = PCURVE('',#2371,#10149);
#10149 = DEFINITIONAL_REPRESENTATION('',(#10150),#10154);
#10150 = LINE('',#10151,#10152);
#10151 = CARTESIAN_POINT('',(0.,-0.31));
#10152 = VECTOR('',#10153,1.);
#10153 = DIRECTION('',(0.,1.));
#10154 = ( GEOMETRIC_REPRESENTATION_CONTEXT(2) 
PARAMETRIC_REPRESENTATION_CONTEXT() REPRESENTATION_CONTEXT('2D SPACE',''
  ) );
#10155 = PCURVE('',#2397,#10156);
#10156 = DEFINITIONAL_REPRESENTATION('',(#10157),#10161);
#10157 = LINE('',#10158,#10159);
#10158 = CARTESIAN_POINT('',(0.692101903666,-0.31));
#10159 = VECTOR('',#10160,1.);
#10160 = DIRECTION('',(0.,1.));
#10161 = ( GEOMETRIC_REPRESENTATION_CONTEXT(2) 
PARAMETRIC_REPRESENTATION_CONTEXT() REPRESENTATION_CONTEXT('2D SPACE',''
  ) );
#10162 = ORIENTED_EDGE('',*,*,#10163,.T.);
#10163 = EDGE_CURVE('',#10141,#10043,#10164,.T.);
#10164 = SURFACE_CURVE('',#10165,(#10169,#10176),.PCURVE_S1.);
#10165 = LINE('',#10166,#10167);
#10166 = CARTESIAN_POINT('',(11.590794144189,-4.239130479018,0.59));
#10167 = VECTOR('',#10168,1.);
#10168 = DIRECTION('',(-0.951051074095,0.309033743242,0.));
#10169 = PCURVE('',#2371,#10170);
#10170 = DEFINITIONAL_REPRESENTATION('',(#10171),#10175);
#10171 = LINE('',#10172,#10173);
#10172 = CARTESIAN_POINT('',(0.,-0.31));
#10173 = VECTOR('',#10174,1.);
#10174 = DIRECTION('',(1.,0.));
#10175 = ( GEOMETRIC_REPRESENTATION_CONTEXT(2) 
PARAMETRIC_REPRESENTATION_CONTEXT() REPRESENTATION_CONTEXT('2D SPACE',''
  ) );
#10176 = PCURVE('',#9417,#10177);
#10177 = DEFINITIONAL_REPRESENTATION('',(#10178),#10182);
#10178 = LINE('',#10179,#10180);
#10179 = CARTESIAN_POINT('',(0.567479240419,0.326876056433));
#10180 = VECTOR('',#10181,1.);
#10181 = DIRECTION('',(-0.951051074095,0.309033743242));
#10182 = ( GEOMETRIC_REPRESENTATION_CONTEXT(2) 
PARAMETRIC_REPRESENTATION_CONTEXT() REPRESENTATION_CONTEXT('2D SPACE',''
  ) );
#10183 = ORIENTED_EDGE('',*,*,#10042,.T.);
#10184 = ORIENTED_EDGE('',*,*,#2356,.F.);
#10185 = ADVANCED_FACE('',(#10186),#2631,.F.);
#10186 = FACE_BOUND('',#10187,.F.);
#10187 = EDGE_LOOP('',(#10188,#10189,#10212,#10233));
#10188 = ORIENTED_EDGE('',*,*,#10115,.F.);
#10189 = ORIENTED_EDGE('',*,*,#10190,.T.);
#10190 = EDGE_CURVE('',#10093,#10191,#10193,.T.);
#10191 = VERTEX_POINT('',#10192);
#10192 = CARTESIAN_POINT('',(12.426751258888,-5.826789694998,0.59));
#10193 = SURFACE_CURVE('',#10194,(#10198,#10205),.PCURVE_S1.);
#10194 = LINE('',#10195,#10196);
#10195 = CARTESIAN_POINT('',(11.81011903476,-5.512609741544,0.59));
#10196 = VECTOR('',#10197,1.);
#10197 = DIRECTION('',(0.891012285961,-0.453979191447,0.));
#10198 = PCURVE('',#2631,#10199);
#10199 = DEFINITIONAL_REPRESENTATION('',(#10200),#10204);
#10200 = LINE('',#10201,#10202);
#10201 = CARTESIAN_POINT('',(0.,-0.31));
#10202 = VECTOR('',#10203,1.);
#10203 = DIRECTION('',(1.,0.));
#10204 = ( GEOMETRIC_REPRESENTATION_CONTEXT(2) 
PARAMETRIC_REPRESENTATION_CONTEXT() REPRESENTATION_CONTEXT('2D SPACE',''
  ) );
#10205 = PCURVE('',#9417,#10206);
#10206 = DEFINITIONAL_REPRESENTATION('',(#10207),#10211);
#10207 = LINE('',#10208,#10209);
#10208 = CARTESIAN_POINT('',(0.78680413099,-0.946603206093));
#10209 = VECTOR('',#10210,1.);
#10210 = DIRECTION('',(0.891012285961,-0.453979191447));
#10211 = ( GEOMETRIC_REPRESENTATION_CONTEXT(2) 
PARAMETRIC_REPRESENTATION_CONTEXT() REPRESENTATION_CONTEXT('2D SPACE',''
  ) );
#10212 = ORIENTED_EDGE('',*,*,#10213,.T.);
#10213 = EDGE_CURVE('',#10191,#2591,#10214,.T.);
#10214 = SURFACE_CURVE('',#10215,(#10219,#10226),.PCURVE_S1.);
#10215 = LINE('',#10216,#10217);
#10216 = CARTESIAN_POINT('',(12.426751258888,-5.826789694998,0.59));
#10217 = VECTOR('',#10218,1.);
#10218 = DIRECTION('',(0.,0.,1.));
#10219 = PCURVE('',#2631,#10220);
#10220 = DEFINITIONAL_REPRESENTATION('',(#10221),#10225);
#10221 = LINE('',#10222,#10223);
#10222 = CARTESIAN_POINT('',(0.692058048855,-0.31));
#10223 = VECTOR('',#10224,1.);
#10224 = DIRECTION('',(0.,1.));
#10225 = ( GEOMETRIC_REPRESENTATION_CONTEXT(2) 
PARAMETRIC_REPRESENTATION_CONTEXT() REPRESENTATION_CONTEXT('2D SPACE',''
  ) );
#10226 = PCURVE('',#2605,#10227);
#10227 = DEFINITIONAL_REPRESENTATION('',(#10228),#10232);
#10228 = LINE('',#10229,#10230);
#10229 = CARTESIAN_POINT('',(0.,-0.31));
#10230 = VECTOR('',#10231,1.);
#10231 = DIRECTION('',(0.,1.));
#10232 = ( GEOMETRIC_REPRESENTATION_CONTEXT(2) 
PARAMETRIC_REPRESENTATION_CONTEXT() REPRESENTATION_CONTEXT('2D SPACE',''
  ) );
#10233 = ORIENTED_EDGE('',*,*,#2616,.F.);
#10234 = ADVANCED_FACE('',(#10235),#2397,.F.);
#10235 = FACE_BOUND('',#10236,.F.);
#10236 = EDGE_LOOP('',(#10237,#10260,#10281,#10282));
#10237 = ORIENTED_EDGE('',*,*,#10238,.F.);
#10238 = EDGE_CURVE('',#10239,#2383,#10241,.T.);
#10239 = VERTEX_POINT('',#10240);
#10240 = CARTESIAN_POINT('',(12.24901898638,-4.453011525819,0.59));
#10241 = SURFACE_CURVE('',#10242,(#10246,#10253),.PCURVE_S1.);
#10242 = LINE('',#10243,#10244);
#10243 = CARTESIAN_POINT('',(12.24901898638,-4.453011525819,0.59));
#10244 = VECTOR('',#10245,1.);
#10245 = DIRECTION('',(0.,0.,1.));
#10246 = PCURVE('',#2397,#10247);
#10247 = DEFINITIONAL_REPRESENTATION('',(#10248),#10252);
#10248 = LINE('',#10249,#10250);
#10249 = CARTESIAN_POINT('',(0.,-0.31));
#10250 = VECTOR('',#10251,1.);
#10251 = DIRECTION('',(0.,1.));
#10252 = ( GEOMETRIC_REPRESENTATION_CONTEXT(2) 
PARAMETRIC_REPRESENTATION_CONTEXT() REPRESENTATION_CONTEXT('2D SPACE',''
  ) );
#10253 = PCURVE('',#2423,#10254);
#10254 = DEFINITIONAL_REPRESENTATION('',(#10255),#10259);
#10255 = LINE('',#10256,#10257);
#10256 = CARTESIAN_POINT('',(0.692058048855,-0.31));
#10257 = VECTOR('',#10258,1.);
#10258 = DIRECTION('',(0.,1.));
#10259 = ( GEOMETRIC_REPRESENTATION_CONTEXT(2) 
PARAMETRIC_REPRESENTATION_CONTEXT() REPRESENTATION_CONTEXT('2D SPACE',''
  ) );
#10260 = ORIENTED_EDGE('',*,*,#10261,.T.);
#10261 = EDGE_CURVE('',#10239,#10141,#10262,.T.);
#10262 = SURFACE_CURVE('',#10263,(#10267,#10274),.PCURVE_S1.);
#10263 = LINE('',#10264,#10265);
#10264 = CARTESIAN_POINT('',(12.24901898638,-4.453011525819,0.59));
#10265 = VECTOR('',#10266,1.);
#10266 = DIRECTION('',(-0.951051916928,0.309031149413,0.));
#10267 = PCURVE('',#2397,#10268);
#10268 = DEFINITIONAL_REPRESENTATION('',(#10269),#10273);
#10269 = LINE('',#10270,#10271);
#10270 = CARTESIAN_POINT('',(0.,-0.31));
#10271 = VECTOR('',#10272,1.);
#10272 = DIRECTION('',(1.,0.));
#10273 = ( GEOMETRIC_REPRESENTATION_CONTEXT(2) 
PARAMETRIC_REPRESENTATION_CONTEXT() REPRESENTATION_CONTEXT('2D SPACE',''
  ) );
#10274 = PCURVE('',#9417,#10275);
#10275 = DEFINITIONAL_REPRESENTATION('',(#10276),#10280);
#10276 = LINE('',#10277,#10278);
#10277 = CARTESIAN_POINT('',(1.22570408261,0.112995009633));
#10278 = VECTOR('',#10279,1.);
#10279 = DIRECTION('',(-0.951051916928,0.309031149413));
#10280 = ( GEOMETRIC_REPRESENTATION_CONTEXT(2) 
PARAMETRIC_REPRESENTATION_CONTEXT() REPRESENTATION_CONTEXT('2D SPACE',''
  ) );
#10281 = ORIENTED_EDGE('',*,*,#10140,.T.);
#10282 = ORIENTED_EDGE('',*,*,#2382,.F.);
#10283 = ADVANCED_FACE('',(#10284),#2605,.F.);
#10284 = FACE_BOUND('',#10285,.F.);
#10285 = EDGE_LOOP('',(#10286,#10287,#10310,#10331));
#10286 = ORIENTED_EDGE('',*,*,#10213,.F.);
#10287 = ORIENTED_EDGE('',*,*,#10288,.T.);
#10288 = EDGE_CURVE('',#10191,#10289,#10291,.T.);
#10289 = VERTEX_POINT('',#10290);
#10290 = CARTESIAN_POINT('',(13.043349470207,-6.140953702466,0.59));
#10291 = SURFACE_CURVE('',#10292,(#10296,#10303),.PCURVE_S1.);
#10292 = LINE('',#10293,#10294);
#10293 = CARTESIAN_POINT('',(12.426751258888,-5.826789694998,0.59));
#10294 = VECTOR('',#10295,1.);
#10295 = DIRECTION('',(0.891011477061,-0.453980779048,0.));
#10296 = PCURVE('',#2605,#10297);
#10297 = DEFINITIONAL_REPRESENTATION('',(#10298),#10302);
#10298 = LINE('',#10299,#10300);
#10299 = CARTESIAN_POINT('',(0.,-0.31));
#10300 = VECTOR('',#10301,1.);
#10301 = DIRECTION('',(1.,0.));
#10302 = ( GEOMETRIC_REPRESENTATION_CONTEXT(2) 
PARAMETRIC_REPRESENTATION_CONTEXT() REPRESENTATION_CONTEXT('2D SPACE',''
  ) );
#10303 = PCURVE('',#9417,#10304);
#10304 = DEFINITIONAL_REPRESENTATION('',(#10305),#10309);
#10305 = LINE('',#10306,#10307);
#10306 = CARTESIAN_POINT('',(1.403436355117,-1.260783159547));
#10307 = VECTOR('',#10308,1.);
#10308 = DIRECTION('',(0.891011477061,-0.453980779048));
#10309 = ( GEOMETRIC_REPRESENTATION_CONTEXT(2) 
PARAMETRIC_REPRESENTATION_CONTEXT() REPRESENTATION_CONTEXT('2D SPACE',''
  ) );
#10310 = ORIENTED_EDGE('',*,*,#10311,.T.);
#10311 = EDGE_CURVE('',#10289,#2565,#10312,.T.);
#10312 = SURFACE_CURVE('',#10313,(#10317,#10324),.PCURVE_S1.);
#10313 = LINE('',#10314,#10315);
#10314 = CARTESIAN_POINT('',(13.043349470207,-6.140953702466,0.59));
#10315 = VECTOR('',#10316,1.);
#10316 = DIRECTION('',(0.,0.,1.));
#10317 = PCURVE('',#2605,#10318);
#10318 = DEFINITIONAL_REPRESENTATION('',(#10319),#10323);
#10319 = LINE('',#10320,#10321);
#10320 = CARTESIAN_POINT('',(0.69202050388,-0.31));
#10321 = VECTOR('',#10322,1.);
#10322 = DIRECTION('',(0.,1.));
#10323 = ( GEOMETRIC_REPRESENTATION_CONTEXT(2) 
PARAMETRIC_REPRESENTATION_CONTEXT() REPRESENTATION_CONTEXT('2D SPACE',''
  ) );
#10324 = PCURVE('',#2579,#10325);
#10325 = DEFINITIONAL_REPRESENTATION('',(#10326),#10330);
#10326 = LINE('',#10327,#10328);
#10327 = CARTESIAN_POINT('',(0.,-0.31));
#10328 = VECTOR('',#10329,1.);
#10329 = DIRECTION('',(0.,1.));
#10330 = ( GEOMETRIC_REPRESENTATION_CONTEXT(2) 
PARAMETRIC_REPRESENTATION_CONTEXT() REPRESENTATION_CONTEXT('2D SPACE',''
  ) );
#10331 = ORIENTED_EDGE('',*,*,#2590,.F.);
#10332 = ADVANCED_FACE('',(#10333),#2423,.F.);
#10333 = FACE_BOUND('',#10334,.F.);
#10334 = EDGE_LOOP('',(#10335,#10358,#10379,#10380));
#10335 = ORIENTED_EDGE('',*,*,#10336,.F.);
#10336 = EDGE_CURVE('',#10337,#2409,#10339,.T.);
#10337 = VERTEX_POINT('',#10338);
#10338 = CARTESIAN_POINT('',(12.907202589159,-4.666877577397,0.59));
#10339 = SURFACE_CURVE('',#10340,(#10344,#10351),.PCURVE_S1.);
#10340 = LINE('',#10341,#10342);
#10341 = CARTESIAN_POINT('',(12.907202589159,-4.666877577397,0.59));
#10342 = VECTOR('',#10343,1.);
#10343 = DIRECTION('',(0.,0.,1.));
#10344 = PCURVE('',#2423,#10345);
#10345 = DEFINITIONAL_REPRESENTATION('',(#10346),#10350);
#10346 = LINE('',#10347,#10348);
#10347 = CARTESIAN_POINT('',(0.,-0.31));
#10348 = VECTOR('',#10349,1.);
#10349 = DIRECTION('',(0.,1.));
#10350 = ( GEOMETRIC_REPRESENTATION_CONTEXT(2) 
PARAMETRIC_REPRESENTATION_CONTEXT() REPRESENTATION_CONTEXT('2D SPACE',''
  ) );
#10351 = PCURVE('',#2449,#10352);
#10352 = DEFINITIONAL_REPRESENTATION('',(#10353),#10357);
#10353 = LINE('',#10354,#10355);
#10354 = CARTESIAN_POINT('',(0.69202050388,-0.31));
#10355 = VECTOR('',#10356,1.);
#10356 = DIRECTION('',(0.,1.));
#10357 = ( GEOMETRIC_REPRESENTATION_CONTEXT(2) 
PARAMETRIC_REPRESENTATION_CONTEXT() REPRESENTATION_CONTEXT('2D SPACE',''
  ) );
#10358 = ORIENTED_EDGE('',*,*,#10359,.T.);
#10359 = EDGE_CURVE('',#10337,#10239,#10360,.T.);
#10360 = SURFACE_CURVE('',#10361,(#10365,#10372),.PCURVE_S1.);
#10361 = LINE('',#10362,#10363);
#10362 = CARTESIAN_POINT('',(12.907202589159,-4.666877577397,0.59));
#10363 = VECTOR('',#10364,1.);
#10364 = DIRECTION('',(-0.951052594313,0.309029064733,0.));
#10365 = PCURVE('',#2423,#10366);
#10366 = DEFINITIONAL_REPRESENTATION('',(#10367),#10371);
#10367 = LINE('',#10368,#10369);
#10368 = CARTESIAN_POINT('',(0.,-0.31));
#10369 = VECTOR('',#10370,1.);
#10370 = DIRECTION('',(1.,0.));
#10371 = ( GEOMETRIC_REPRESENTATION_CONTEXT(2) 
PARAMETRIC_REPRESENTATION_CONTEXT() REPRESENTATION_CONTEXT('2D SPACE',''
  ) );
#10372 = PCURVE('',#9417,#10373);
#10373 = DEFINITIONAL_REPRESENTATION('',(#10374),#10378);
#10374 = LINE('',#10375,#10376);
#10375 = CARTESIAN_POINT('',(1.883887685388,-0.100871041946));
#10376 = VECTOR('',#10377,1.);
#10377 = DIRECTION('',(-0.951052594313,0.309029064733));
#10378 = ( GEOMETRIC_REPRESENTATION_CONTEXT(2) 
PARAMETRIC_REPRESENTATION_CONTEXT() REPRESENTATION_CONTEXT('2D SPACE',''
  ) );
#10379 = ORIENTED_EDGE('',*,*,#10238,.T.);
#10380 = ORIENTED_EDGE('',*,*,#2408,.F.);
#10381 = ADVANCED_FACE('',(#10382),#2579,.F.);
#10382 = FACE_BOUND('',#10383,.F.);
#10383 = EDGE_LOOP('',(#10384,#10385,#10408,#10429));
#10384 = ORIENTED_EDGE('',*,*,#10311,.F.);
#10385 = ORIENTED_EDGE('',*,*,#10386,.T.);
#10386 = EDGE_CURVE('',#10289,#10387,#10389,.T.);
#10387 = VERTEX_POINT('',#10388);
#10388 = CARTESIAN_POINT('',(13.659918361864,-6.455103907632,0.59));
#10389 = SURFACE_CURVE('',#10390,(#10394,#10401),.PCURVE_S1.);
#10390 = LINE('',#10391,#10392);
#10391 = CARTESIAN_POINT('',(13.043349470207,-6.140953702466,0.59));
#10392 = VECTOR('',#10393,1.);
#10393 = DIRECTION('',(0.891010812772,-0.453982082822,0.));
#10394 = PCURVE('',#2579,#10395);
#10395 = DEFINITIONAL_REPRESENTATION('',(#10396),#10400);
#10396 = LINE('',#10397,#10398);
#10397 = CARTESIAN_POINT('',(0.,-0.31));
#10398 = VECTOR('',#10399,1.);
#10399 = DIRECTION('',(1.,0.));
#10400 = ( GEOMETRIC_REPRESENTATION_CONTEXT(2) 
PARAMETRIC_REPRESENTATION_CONTEXT() REPRESENTATION_CONTEXT('2D SPACE',''
  ) );
#10401 = PCURVE('',#9417,#10402);
#10402 = DEFINITIONAL_REPRESENTATION('',(#10403),#10407);
#10403 = LINE('',#10404,#10405);
#10404 = CARTESIAN_POINT('',(2.020034566436,-1.574947167015));
#10405 = VECTOR('',#10406,1.);
#10406 = DIRECTION('',(0.891010812772,-0.453982082822));
#10407 = ( GEOMETRIC_REPRESENTATION_CONTEXT(2) 
PARAMETRIC_REPRESENTATION_CONTEXT() REPRESENTATION_CONTEXT('2D SPACE',''
  ) );
#10408 = ORIENTED_EDGE('',*,*,#10409,.T.);
#10409 = EDGE_CURVE('',#10387,#2539,#10410,.T.);
#10410 = SURFACE_CURVE('',#10411,(#10415,#10422),.PCURVE_S1.);
#10411 = LINE('',#10412,#10413);
#10412 = CARTESIAN_POINT('',(13.659918361864,-6.455103907632,0.59));
#10413 = VECTOR('',#10414,1.);
#10414 = DIRECTION('',(0.,0.,1.));
#10415 = PCURVE('',#2579,#10416);
#10416 = DEFINITIONAL_REPRESENTATION('',(#10417),#10421);
#10417 = LINE('',#10418,#10419);
#10418 = CARTESIAN_POINT('',(0.691988113745,-0.31));
#10419 = VECTOR('',#10420,1.);
#10420 = DIRECTION('',(0.,1.));
#10421 = ( GEOMETRIC_REPRESENTATION_CONTEXT(2) 
PARAMETRIC_REPRESENTATION_CONTEXT() REPRESENTATION_CONTEXT('2D SPACE',''
  ) );
#10422 = PCURVE('',#2553,#10423);
#10423 = DEFINITIONAL_REPRESENTATION('',(#10424),#10428);
#10424 = LINE('',#10425,#10426);
#10425 = CARTESIAN_POINT('',(0.,-0.31));
#10426 = VECTOR('',#10427,1.);
#10427 = DIRECTION('',(0.,1.));
#10428 = ( GEOMETRIC_REPRESENTATION_CONTEXT(2) 
PARAMETRIC_REPRESENTATION_CONTEXT() REPRESENTATION_CONTEXT('2D SPACE',''
  ) );
#10429 = ORIENTED_EDGE('',*,*,#2564,.F.);
#10430 = ADVANCED_FACE('',(#10431),#2449,.F.);
#10431 = FACE_BOUND('',#10432,.F.);
#10432 = EDGE_LOOP('',(#10433,#10456,#10477,#10478));
#10433 = ORIENTED_EDGE('',*,*,#10434,.F.);
#10434 = EDGE_CURVE('',#10435,#2435,#10437,.T.);
#10435 = VERTEX_POINT('',#10436);
#10436 = CARTESIAN_POINT('',(13.565350865736,-4.880730853802,0.59));
#10437 = SURFACE_CURVE('',#10438,(#10442,#10449),.PCURVE_S1.);
#10438 = LINE('',#10439,#10440);
#10439 = CARTESIAN_POINT('',(13.565350865736,-4.880730853802,0.59));
#10440 = VECTOR('',#10441,1.);
#10441 = DIRECTION('',(0.,0.,1.));
#10442 = PCURVE('',#2449,#10443);
#10443 = DEFINITIONAL_REPRESENTATION('',(#10444),#10448);
#10444 = LINE('',#10445,#10446);
#10445 = CARTESIAN_POINT('',(0.,-0.31));
#10446 = VECTOR('',#10447,1.);
#10447 = DIRECTION('',(0.,1.));
#10448 = ( GEOMETRIC_REPRESENTATION_CONTEXT(2) 
PARAMETRIC_REPRESENTATION_CONTEXT() REPRESENTATION_CONTEXT('2D SPACE',''
  ) );
#10449 = PCURVE('',#2475,#10450);
#10450 = DEFINITIONAL_REPRESENTATION('',(#10451),#10455);
#10451 = LINE('',#10452,#10453);
#10452 = CARTESIAN_POINT('',(0.691988113745,-0.31));
#10453 = VECTOR('',#10454,1.);
#10454 = DIRECTION('',(0.,1.));
#10455 = ( GEOMETRIC_REPRESENTATION_CONTEXT(2) 
PARAMETRIC_REPRESENTATION_CONTEXT() REPRESENTATION_CONTEXT('2D SPACE',''
  ) );
#10456 = ORIENTED_EDGE('',*,*,#10457,.T.);
#10457 = EDGE_CURVE('',#10435,#10337,#10458,.T.);
#10458 = SURFACE_CURVE('',#10459,(#10463,#10470),.PCURVE_S1.);
#10459 = LINE('',#10460,#10461);
#10460 = CARTESIAN_POINT('',(13.565350865736,-4.880730853802,0.59));
#10461 = VECTOR('',#10462,1.);
#10462 = DIRECTION('',(-0.951053144938,0.309027370152,0.));
#10463 = PCURVE('',#2449,#10464);
#10464 = DEFINITIONAL_REPRESENTATION('',(#10465),#10469);
#10465 = LINE('',#10466,#10467);
#10466 = CARTESIAN_POINT('',(0.,-0.31));
#10467 = VECTOR('',#10468,1.);
#10468 = DIRECTION('',(1.,0.));
#10469 = ( GEOMETRIC_REPRESENTATION_CONTEXT(2) 
PARAMETRIC_REPRESENTATION_CONTEXT() REPRESENTATION_CONTEXT('2D SPACE',''
  ) );
#10470 = PCURVE('',#9417,#10471);
#10471 = DEFINITIONAL_REPRESENTATION('',(#10472),#10476);
#10472 = LINE('',#10473,#10474);
#10473 = CARTESIAN_POINT('',(2.542035961965,-0.314724318351));
#10474 = VECTOR('',#10475,1.);
#10475 = DIRECTION('',(-0.951053144938,0.309027370152));
#10476 = ( GEOMETRIC_REPRESENTATION_CONTEXT(2) 
PARAMETRIC_REPRESENTATION_CONTEXT() REPRESENTATION_CONTEXT('2D SPACE',''
  ) );
#10477 = ORIENTED_EDGE('',*,*,#10336,.T.);
#10478 = ORIENTED_EDGE('',*,*,#2434,.F.);
#10479 = ADVANCED_FACE('',(#10480),#2553,.F.);
#10480 = FACE_BOUND('',#10481,.F.);
#10481 = EDGE_LOOP('',(#10482,#10483,#10506,#10527));
#10482 = ORIENTED_EDGE('',*,*,#10409,.F.);
#10483 = ORIENTED_EDGE('',*,*,#10484,.T.);
#10484 = EDGE_CURVE('',#10387,#10485,#10487,.T.);
#10485 = VERTEX_POINT('',#10486);
#10486 = CARTESIAN_POINT('',(14.276461801618,-6.769242086596,0.59));
#10487 = SURFACE_CURVE('',#10488,(#10492,#10499),.PCURVE_S1.);
#10488 = LINE('',#10489,#10490);
#10489 = CARTESIAN_POINT('',(13.659918361864,-6.455103907632,0.59));
#10490 = VECTOR('',#10491,1.);
#10491 = DIRECTION('',(0.891010262167,-0.453983163468,0.));
#10492 = PCURVE('',#2553,#10493);
#10493 = DEFINITIONAL_REPRESENTATION('',(#10494),#10498);
#10494 = LINE('',#10495,#10496);
#10495 = CARTESIAN_POINT('',(0.,-0.31));
#10496 = VECTOR('',#10497,1.);
#10497 = DIRECTION('',(1.,0.));
#10498 = ( GEOMETRIC_REPRESENTATION_CONTEXT(2) 
PARAMETRIC_REPRESENTATION_CONTEXT() REPRESENTATION_CONTEXT('2D SPACE',''
  ) );
#10499 = PCURVE('',#9417,#10500);
#10500 = DEFINITIONAL_REPRESENTATION('',(#10501),#10505);
#10501 = LINE('',#10502,#10503);
#10502 = CARTESIAN_POINT('',(2.636603458093,-1.889097372181));
#10503 = VECTOR('',#10504,1.);
#10504 = DIRECTION('',(0.891010262167,-0.453983163468));
#10505 = ( GEOMETRIC_REPRESENTATION_CONTEXT(2) 
PARAMETRIC_REPRESENTATION_CONTEXT() REPRESENTATION_CONTEXT('2D SPACE',''
  ) );
#10506 = ORIENTED_EDGE('',*,*,#10507,.T.);
#10507 = EDGE_CURVE('',#10485,#2513,#10508,.T.);
#10508 = SURFACE_CURVE('',#10509,(#10513,#10520),.PCURVE_S1.);
#10509 = LINE('',#10510,#10511);
#10510 = CARTESIAN_POINT('',(14.276461801618,-6.769242086596,0.59));
#10511 = VECTOR('',#10512,1.);
#10512 = DIRECTION('',(0.,0.,1.));
#10513 = PCURVE('',#2553,#10514);
#10514 = DEFINITIONAL_REPRESENTATION('',(#10515),#10519);
#10515 = LINE('',#10516,#10517);
#10516 = CARTESIAN_POINT('',(0.691959976145,-0.31));
#10517 = VECTOR('',#10518,1.);
#10518 = DIRECTION('',(0.,1.));
#10519 = ( GEOMETRIC_REPRESENTATION_CONTEXT(2) 
PARAMETRIC_REPRESENTATION_CONTEXT() REPRESENTATION_CONTEXT('2D SPACE',''
  ) );
#10520 = PCURVE('',#2527,#10521);
#10521 = DEFINITIONAL_REPRESENTATION('',(#10522),#10526);
#10522 = LINE('',#10523,#10524);
#10523 = CARTESIAN_POINT('',(0.,-0.31));
#10524 = VECTOR('',#10525,1.);
#10525 = DIRECTION('',(0.,1.));
#10526 = ( GEOMETRIC_REPRESENTATION_CONTEXT(2) 
PARAMETRIC_REPRESENTATION_CONTEXT() REPRESENTATION_CONTEXT('2D SPACE',''
  ) );
#10527 = ORIENTED_EDGE('',*,*,#2538,.F.);
#10528 = ADVANCED_FACE('',(#10529),#2475,.F.);
#10529 = FACE_BOUND('',#10530,.F.);
#10530 = EDGE_LOOP('',(#10531,#10554,#10575,#10576));
#10531 = ORIENTED_EDGE('',*,*,#10532,.F.);
#10532 = EDGE_CURVE('',#10533,#2461,#10535,.T.);
#10533 = VERTEX_POINT('',#10534);
#10534 = CARTESIAN_POINT('',(14.223468650479,-5.094573157778,0.59));
#10535 = SURFACE_CURVE('',#10536,(#10540,#10547),.PCURVE_S1.);
#10536 = LINE('',#10537,#10538);
#10537 = CARTESIAN_POINT('',(14.223468650479,-5.094573157778,0.59));
#10538 = VECTOR('',#10539,1.);
#10539 = DIRECTION('',(0.,0.,1.));
#10540 = PCURVE('',#2475,#10541);
#10541 = DEFINITIONAL_REPRESENTATION('',(#10542),#10546);
#10542 = LINE('',#10543,#10544);
#10543 = CARTESIAN_POINT('',(0.,-0.31));
#10544 = VECTOR('',#10545,1.);
#10545 = DIRECTION('',(0.,1.));
#10546 = ( GEOMETRIC_REPRESENTATION_CONTEXT(2) 
PARAMETRIC_REPRESENTATION_CONTEXT() REPRESENTATION_CONTEXT('2D SPACE',''
  ) );
#10547 = PCURVE('',#2501,#10548);
#10548 = DEFINITIONAL_REPRESENTATION('',(#10549),#10553);
#10549 = LINE('',#10550,#10551);
#10550 = CARTESIAN_POINT('',(0.691959976145,-0.31));
#10551 = VECTOR('',#10552,1.);
#10552 = DIRECTION('',(0.,1.));
#10553 = ( GEOMETRIC_REPRESENTATION_CONTEXT(2) 
PARAMETRIC_REPRESENTATION_CONTEXT() REPRESENTATION_CONTEXT('2D SPACE',''
  ) );
#10554 = ORIENTED_EDGE('',*,*,#10555,.T.);
#10555 = EDGE_CURVE('',#10533,#10435,#10556,.T.);
#10556 = SURFACE_CURVE('',#10557,(#10561,#10568),.PCURVE_S1.);
#10557 = LINE('',#10558,#10559);
#10558 = CARTESIAN_POINT('',(14.223468650479,-5.094573157778,0.59));
#10559 = VECTOR('',#10560,1.);
#10560 = DIRECTION('',(-0.951053597122,0.309025978521,0.));
#10561 = PCURVE('',#2475,#10562);
#10562 = DEFINITIONAL_REPRESENTATION('',(#10563),#10567);
#10563 = LINE('',#10564,#10565);
#10564 = CARTESIAN_POINT('',(0.,-0.31));
#10565 = VECTOR('',#10566,1.);
#10566 = DIRECTION('',(1.,0.));
#10567 = ( GEOMETRIC_REPRESENTATION_CONTEXT(2) 
PARAMETRIC_REPRESENTATION_CONTEXT() REPRESENTATION_CONTEXT('2D SPACE',''
  ) );
#10568 = PCURVE('',#9417,#10569);
#10569 = DEFINITIONAL_REPRESENTATION('',(#10570),#10574);
#10570 = LINE('',#10571,#10572);
#10571 = CARTESIAN_POINT('',(3.200153746709,-0.528566622327));
#10572 = VECTOR('',#10573,1.);
#10573 = DIRECTION('',(-0.951053597122,0.309025978521));
#10574 = ( GEOMETRIC_REPRESENTATION_CONTEXT(2) 
PARAMETRIC_REPRESENTATION_CONTEXT() REPRESENTATION_CONTEXT('2D SPACE',''
  ) );
#10575 = ORIENTED_EDGE('',*,*,#10434,.T.);
#10576 = ORIENTED_EDGE('',*,*,#2460,.F.);
#10577 = ADVANCED_FACE('',(#10578),#2527,.F.);
#10578 = FACE_BOUND('',#10579,.F.);
#10579 = EDGE_LOOP('',(#10580,#10581,#10604,#10625));
#10580 = ORIENTED_EDGE('',*,*,#10507,.F.);
#10581 = ORIENTED_EDGE('',*,*,#10582,.T.);
#10582 = EDGE_CURVE('',#10485,#10583,#10585,.T.);
#10583 = VERTEX_POINT('',#10584);
#10584 = CARTESIAN_POINT('',(14.8815599342,-5.308405968349,0.59));
#10585 = SURFACE_CURVE('',#10586,(#10590,#10597),.PCURVE_S1.);
#10586 = LINE('',#10587,#10588);
#10587 = CARTESIAN_POINT('',(14.276461801618,-6.769242086596,0.59));
#10588 = VECTOR('',#10589,1.);
#10589 = DIRECTION('',(0.382683432365,0.923879532511,0.));
#10590 = PCURVE('',#2527,#10591);
#10591 = DEFINITIONAL_REPRESENTATION('',(#10592),#10596);
#10592 = LINE('',#10593,#10594);
#10593 = CARTESIAN_POINT('',(0.,-0.31));
#10594 = VECTOR('',#10595,1.);
#10595 = DIRECTION('',(1.,0.));
#10596 = ( GEOMETRIC_REPRESENTATION_CONTEXT(2) 
PARAMETRIC_REPRESENTATION_CONTEXT() REPRESENTATION_CONTEXT('2D SPACE',''
  ) );
#10597 = PCURVE('',#9417,#10598);
#10598 = DEFINITIONAL_REPRESENTATION('',(#10599),#10603);
#10599 = LINE('',#10600,#10601);
#10600 = CARTESIAN_POINT('',(3.253146897847,-2.203235551145));
#10601 = VECTOR('',#10602,1.);
#10602 = DIRECTION('',(0.382683432365,0.923879532511));
#10603 = ( GEOMETRIC_REPRESENTATION_CONTEXT(2) 
PARAMETRIC_REPRESENTATION_CONTEXT() REPRESENTATION_CONTEXT('2D SPACE',''
  ) );
#10604 = ORIENTED_EDGE('',*,*,#10605,.T.);
#10605 = EDGE_CURVE('',#10583,#2487,#10606,.T.);
#10606 = SURFACE_CURVE('',#10607,(#10611,#10618),.PCURVE_S1.);
#10607 = LINE('',#10608,#10609);
#10608 = CARTESIAN_POINT('',(14.8815599342,-5.308405968349,0.59));
#10609 = VECTOR('',#10610,1.);
#10610 = DIRECTION('',(0.,0.,1.));
#10611 = PCURVE('',#2527,#10612);
#10612 = DEFINITIONAL_REPRESENTATION('',(#10613),#10617);
#10613 = LINE('',#10614,#10615);
#10614 = CARTESIAN_POINT('',(1.581197620296,-0.31));
#10615 = VECTOR('',#10616,1.);
#10616 = DIRECTION('',(0.,1.));
#10617 = ( GEOMETRIC_REPRESENTATION_CONTEXT(2) 
PARAMETRIC_REPRESENTATION_CONTEXT() REPRESENTATION_CONTEXT('2D SPACE',''
  ) );
#10618 = PCURVE('',#2501,#10619);
#10619 = DEFINITIONAL_REPRESENTATION('',(#10620),#10624);
#10620 = LINE('',#10621,#10622);
#10621 = CARTESIAN_POINT('',(0.,-0.31));
#10622 = VECTOR('',#10623,1.);
#10623 = DIRECTION('',(0.,1.));
#10624 = ( GEOMETRIC_REPRESENTATION_CONTEXT(2) 
PARAMETRIC_REPRESENTATION_CONTEXT() REPRESENTATION_CONTEXT('2D SPACE',''
  ) );
#10625 = ORIENTED_EDGE('',*,*,#2512,.F.);
#10626 = ADVANCED_FACE('',(#10627),#2501,.F.);
#10627 = FACE_BOUND('',#10628,.F.);
#10628 = EDGE_LOOP('',(#10629,#10630,#10651,#10652));
#10629 = ORIENTED_EDGE('',*,*,#10605,.F.);
#10630 = ORIENTED_EDGE('',*,*,#10631,.T.);
#10631 = EDGE_CURVE('',#10583,#10533,#10632,.T.);
#10632 = SURFACE_CURVE('',#10633,(#10637,#10644),.PCURVE_S1.);
#10633 = LINE('',#10634,#10635);
#10634 = CARTESIAN_POINT('',(14.8815599342,-5.308405968349,0.59));
#10635 = VECTOR('',#10636,1.);
#10636 = DIRECTION('',(-0.951053971918,0.309024825052,0.));
#10637 = PCURVE('',#2501,#10638);
#10638 = DEFINITIONAL_REPRESENTATION('',(#10639),#10643);
#10639 = LINE('',#10640,#10641);
#10640 = CARTESIAN_POINT('',(0.,-0.31));
#10641 = VECTOR('',#10642,1.);
#10642 = DIRECTION('',(1.,0.));
#10643 = ( GEOMETRIC_REPRESENTATION_CONTEXT(2) 
PARAMETRIC_REPRESENTATION_CONTEXT() REPRESENTATION_CONTEXT('2D SPACE',''
  ) );
#10644 = PCURVE('',#9417,#10645);
#10645 = DEFINITIONAL_REPRESENTATION('',(#10646),#10650);
#10646 = LINE('',#10647,#10648);
#10647 = CARTESIAN_POINT('',(3.85824503043,-0.742399432898));
#10648 = VECTOR('',#10649,1.);
#10649 = DIRECTION('',(-0.951053971918,0.309024825052));
#10650 = ( GEOMETRIC_REPRESENTATION_CONTEXT(2) 
PARAMETRIC_REPRESENTATION_CONTEXT() REPRESENTATION_CONTEXT('2D SPACE',''
  ) );
#10651 = ORIENTED_EDGE('',*,*,#10532,.T.);
#10652 = ORIENTED_EDGE('',*,*,#2486,.F.);
#10653 = ADVANCED_FACE('',(#10654),#2841,.F.);
#10654 = FACE_BOUND('',#10655,.F.);
#10655 = EDGE_LOOP('',(#10656,#10679,#10707,#10728));
#10656 = ORIENTED_EDGE('',*,*,#10657,.T.);
#10657 = EDGE_CURVE('',#2825,#10658,#10660,.T.);
#10658 = VERTEX_POINT('',#10659);
#10659 = CARTESIAN_POINT('',(-6.87469712099,2.998089307319,0.59));
#10660 = SURFACE_CURVE('',#10661,(#10665,#10672),.PCURVE_S1.);
#10661 = LINE('',#10662,#10663);
#10662 = CARTESIAN_POINT('',(-6.87469712099,2.998089307319,1.21));
#10663 = VECTOR('',#10664,1.);
#10664 = DIRECTION('',(0.,0.,-1.));
#10665 = PCURVE('',#2841,#10666);
#10666 = DEFINITIONAL_REPRESENTATION('',(#10667),#10671);
#10667 = LINE('',#10668,#10669);
#10668 = CARTESIAN_POINT('',(0.,0.31));
#10669 = VECTOR('',#10670,1.);
#10670 = DIRECTION('',(0.,-1.));
#10671 = ( GEOMETRIC_REPRESENTATION_CONTEXT(2) 
PARAMETRIC_REPRESENTATION_CONTEXT() REPRESENTATION_CONTEXT('2D SPACE',''
  ) );
#10672 = PCURVE('',#2867,#10673);
#10673 = DEFINITIONAL_REPRESENTATION('',(#10674),#10678);
#10674 = LINE('',#10675,#10676);
#10675 = CARTESIAN_POINT('',(0.278081313884,0.31));
#10676 = VECTOR('',#10677,1.);
#10677 = DIRECTION('',(0.,-1.));
#10678 = ( GEOMETRIC_REPRESENTATION_CONTEXT(2) 
PARAMETRIC_REPRESENTATION_CONTEXT() REPRESENTATION_CONTEXT('2D SPACE',''
  ) );
#10679 = ORIENTED_EDGE('',*,*,#10680,.T.);
#10680 = EDGE_CURVE('',#10658,#10681,#10683,.T.);
#10681 = VERTEX_POINT('',#10682);
#10682 = CARTESIAN_POINT('',(-7.492011252603,3.312577571717,0.59));
#10683 = SURFACE_CURVE('',#10684,(#10688,#10695),.PCURVE_S1.);
#10684 = LINE('',#10685,#10686);
#10685 = CARTESIAN_POINT('',(-6.87469712099,2.998089307319,0.59));
#10686 = VECTOR('',#10687,1.);
#10687 = DIRECTION('',(-0.891035129715,0.453934353859,0.));
#10688 = PCURVE('',#2841,#10689);
#10689 = DEFINITIONAL_REPRESENTATION('',(#10690),#10694);
#10690 = LINE('',#10691,#10692);
#10691 = CARTESIAN_POINT('',(0.,-0.31));
#10692 = VECTOR('',#10693,1.);
#10693 = DIRECTION('',(1.,0.));
#10694 = ( GEOMETRIC_REPRESENTATION_CONTEXT(2) 
PARAMETRIC_REPRESENTATION_CONTEXT() REPRESENTATION_CONTEXT('2D SPACE',''
  ) );
#10695 = PCURVE('',#10696,#10701);
#10696 = PLANE('',#10697);
#10697 = AXIS2_PLACEMENT_3D('',#10698,#10699,#10700);
#10698 = CARTESIAN_POINT('',(-11.02331490377,4.566006535451,0.59));
#10699 = DIRECTION('',(0.,0.,1.));
#10700 = DIRECTION('',(1.,0.,0.));
#10701 = DEFINITIONAL_REPRESENTATION('',(#10702),#10706);
#10702 = LINE('',#10703,#10704);
#10703 = CARTESIAN_POINT('',(4.148617782781,-1.567917228133));
#10704 = VECTOR('',#10705,1.);
#10705 = DIRECTION('',(-0.891035129715,0.453934353859));
#10706 = ( GEOMETRIC_REPRESENTATION_CONTEXT(2) 
PARAMETRIC_REPRESENTATION_CONTEXT() REPRESENTATION_CONTEXT('2D SPACE',''
  ) );
#10707 = ORIENTED_EDGE('',*,*,#10708,.T.);
#10708 = EDGE_CURVE('',#10681,#2827,#10709,.T.);
#10709 = SURFACE_CURVE('',#10710,(#10714,#10721),.PCURVE_S1.);
#10710 = LINE('',#10711,#10712);
#10711 = CARTESIAN_POINT('',(-7.492011252603,3.312577571717,0.59));
#10712 = VECTOR('',#10713,1.);
#10713 = DIRECTION('',(0.,0.,1.));
#10714 = PCURVE('',#2841,#10715);
#10715 = DEFINITIONAL_REPRESENTATION('',(#10716),#10720);
#10716 = LINE('',#10717,#10718);
#10717 = CARTESIAN_POINT('',(0.692805604433,-0.31));
#10718 = VECTOR('',#10719,1.);
#10719 = DIRECTION('',(0.,1.));
#10720 = ( GEOMETRIC_REPRESENTATION_CONTEXT(2) 
PARAMETRIC_REPRESENTATION_CONTEXT() REPRESENTATION_CONTEXT('2D SPACE',''
  ) );
#10721 = PCURVE('',#3489,#10722);
#10722 = DEFINITIONAL_REPRESENTATION('',(#10723),#10727);
#10723 = LINE('',#10724,#10725);
#10724 = CARTESIAN_POINT('',(0.,-0.31));
#10725 = VECTOR('',#10726,1.);
#10726 = DIRECTION('',(0.,1.));
#10727 = ( GEOMETRIC_REPRESENTATION_CONTEXT(2) 
PARAMETRIC_REPRESENTATION_CONTEXT() REPRESENTATION_CONTEXT('2D SPACE',''
  ) );
#10728 = ORIENTED_EDGE('',*,*,#2824,.F.);
#10729 = ADVANCED_FACE('',(#10730),#2867,.F.);
#10730 = FACE_BOUND('',#10731,.F.);
#10731 = EDGE_LOOP('',(#10732,#10755,#10776,#10777));
#10732 = ORIENTED_EDGE('',*,*,#10733,.T.);
#10733 = EDGE_CURVE('',#2853,#10734,#10736,.T.);
#10734 = VERTEX_POINT('',#10735);
#10735 = CARTESIAN_POINT('',(-6.981114232663,2.741175673048,0.59));
#10736 = SURFACE_CURVE('',#10737,(#10741,#10748),.PCURVE_S1.);
#10737 = LINE('',#10738,#10739);
#10738 = CARTESIAN_POINT('',(-6.981114232663,2.741175673048,1.21));
#10739 = VECTOR('',#10740,1.);
#10740 = DIRECTION('',(0.,0.,-1.));
#10741 = PCURVE('',#2867,#10742);
#10742 = DEFINITIONAL_REPRESENTATION('',(#10743),#10747);
#10743 = LINE('',#10744,#10745);
#10744 = CARTESIAN_POINT('',(0.,0.31));
#10745 = VECTOR('',#10746,1.);
#10746 = DIRECTION('',(0.,-1.));
#10747 = ( GEOMETRIC_REPRESENTATION_CONTEXT(2) 
PARAMETRIC_REPRESENTATION_CONTEXT() REPRESENTATION_CONTEXT('2D SPACE',''
  ) );
#10748 = PCURVE('',#2893,#10749);
#10749 = DEFINITIONAL_REPRESENTATION('',(#10750),#10754);
#10750 = LINE('',#10751,#10752);
#10751 = CARTESIAN_POINT('',(0.692805604433,0.31));
#10752 = VECTOR('',#10753,1.);
#10753 = DIRECTION('',(0.,-1.));
#10754 = ( GEOMETRIC_REPRESENTATION_CONTEXT(2) 
PARAMETRIC_REPRESENTATION_CONTEXT() REPRESENTATION_CONTEXT('2D SPACE',''
  ) );
#10755 = ORIENTED_EDGE('',*,*,#10756,.T.);
#10756 = EDGE_CURVE('',#10734,#10658,#10757,.T.);
#10757 = SURFACE_CURVE('',#10758,(#10762,#10769),.PCURVE_S1.);
#10758 = LINE('',#10759,#10760);
#10759 = CARTESIAN_POINT('',(-6.981114232663,2.741175673048,0.59));
#10760 = VECTOR('',#10761,1.);
#10761 = DIRECTION('',(0.382683432365,0.923879532511,0.));
#10762 = PCURVE('',#2867,#10763);
#10763 = DEFINITIONAL_REPRESENTATION('',(#10764),#10768);
#10764 = LINE('',#10765,#10766);
#10765 = CARTESIAN_POINT('',(0.,-0.31));
#10766 = VECTOR('',#10767,1.);
#10767 = DIRECTION('',(1.,0.));
#10768 = ( GEOMETRIC_REPRESENTATION_CONTEXT(2) 
PARAMETRIC_REPRESENTATION_CONTEXT() REPRESENTATION_CONTEXT('2D SPACE',''
  ) );
#10769 = PCURVE('',#10696,#10770);
#10770 = DEFINITIONAL_REPRESENTATION('',(#10771),#10775);
#10771 = LINE('',#10772,#10773);
#10772 = CARTESIAN_POINT('',(4.042200671107,-1.824830862404));
#10773 = VECTOR('',#10774,1.);
#10774 = DIRECTION('',(0.382683432365,0.923879532511));
#10775 = ( GEOMETRIC_REPRESENTATION_CONTEXT(2) 
PARAMETRIC_REPRESENTATION_CONTEXT() REPRESENTATION_CONTEXT('2D SPACE',''
  ) );
#10776 = ORIENTED_EDGE('',*,*,#10657,.F.);
#10777 = ORIENTED_EDGE('',*,*,#2852,.F.);
#10778 = ADVANCED_FACE('',(#10779),#3489,.F.);
#10779 = FACE_BOUND('',#10780,.F.);
#10780 = EDGE_LOOP('',(#10781,#10782,#10805,#10826));
#10781 = ORIENTED_EDGE('',*,*,#10708,.F.);
#10782 = ORIENTED_EDGE('',*,*,#10783,.T.);
#10783 = EDGE_CURVE('',#10681,#10784,#10786,.T.);
#10784 = VERTEX_POINT('',#10785);
#10785 = CARTESIAN_POINT('',(-8.109163021967,3.626994099014,0.59));
#10786 = SURFACE_CURVE('',#10787,(#10791,#10798),.PCURVE_S1.);
#10787 = LINE('',#10788,#10789);
#10788 = CARTESIAN_POINT('',(-7.492011252603,3.312577571717,0.59));
#10789 = VECTOR('',#10790,1.);
#10790 = DIRECTION('',(-0.891028719016,0.453946937304,0.));
#10791 = PCURVE('',#3489,#10792);
#10792 = DEFINITIONAL_REPRESENTATION('',(#10793),#10797);
#10793 = LINE('',#10794,#10795);
#10794 = CARTESIAN_POINT('',(0.,-0.31));
#10795 = VECTOR('',#10796,1.);
#10796 = DIRECTION('',(1.,0.));
#10797 = ( GEOMETRIC_REPRESENTATION_CONTEXT(2) 
PARAMETRIC_REPRESENTATION_CONTEXT() REPRESENTATION_CONTEXT('2D SPACE',''
  ) );
#10798 = PCURVE('',#10696,#10799);
#10799 = DEFINITIONAL_REPRESENTATION('',(#10800),#10804);
#10800 = LINE('',#10801,#10802);
#10801 = CARTESIAN_POINT('',(3.531303651167,-1.253428963734));
#10802 = VECTOR('',#10803,1.);
#10803 = DIRECTION('',(-0.891028719016,0.453946937304));
#10804 = ( GEOMETRIC_REPRESENTATION_CONTEXT(2) 
PARAMETRIC_REPRESENTATION_CONTEXT() REPRESENTATION_CONTEXT('2D SPACE',''
  ) );
#10805 = ORIENTED_EDGE('',*,*,#10806,.T.);
#10806 = EDGE_CURVE('',#10784,#3451,#10807,.T.);
#10807 = SURFACE_CURVE('',#10808,(#10812,#10819),.PCURVE_S1.);
#10808 = LINE('',#10809,#10810);
#10809 = CARTESIAN_POINT('',(-8.109163021967,3.626994099014,0.59));
#10810 = VECTOR('',#10811,1.);
#10811 = DIRECTION('',(0.,0.,1.));
#10812 = PCURVE('',#3489,#10813);
#10813 = DEFINITIONAL_REPRESENTATION('',(#10814),#10818);
#10814 = LINE('',#10815,#10816);
#10815 = CARTESIAN_POINT('',(0.692628370099,-0.31));
#10816 = VECTOR('',#10817,1.);
#10817 = DIRECTION('',(0.,1.));
#10818 = ( GEOMETRIC_REPRESENTATION_CONTEXT(2) 
PARAMETRIC_REPRESENTATION_CONTEXT() REPRESENTATION_CONTEXT('2D SPACE',''
  ) );
#10819 = PCURVE('',#3465,#10820);
#10820 = DEFINITIONAL_REPRESENTATION('',(#10821),#10825);
#10821 = LINE('',#10822,#10823);
#10822 = CARTESIAN_POINT('',(0.,-0.31));
#10823 = VECTOR('',#10824,1.);
#10824 = DIRECTION('',(0.,1.));
#10825 = ( GEOMETRIC_REPRESENTATION_CONTEXT(2) 
PARAMETRIC_REPRESENTATION_CONTEXT() REPRESENTATION_CONTEXT('2D SPACE',''
  ) );
#10826 = ORIENTED_EDGE('',*,*,#3476,.F.);
#10827 = ADVANCED_FACE('',(#10828),#2893,.F.);
#10828 = FACE_BOUND('',#10829,.F.);
#10829 = EDGE_LOOP('',(#10830,#10853,#10874,#10875));
#10830 = ORIENTED_EDGE('',*,*,#10831,.T.);
#10831 = EDGE_CURVE('',#2879,#10832,#10834,.T.);
#10832 = VERTEX_POINT('',#10833);
#10833 = CARTESIAN_POINT('',(-7.639998025609,2.955305897274,0.59));
#10834 = SURFACE_CURVE('',#10835,(#10839,#10846),.PCURVE_S1.);
#10835 = LINE('',#10836,#10837);
#10836 = CARTESIAN_POINT('',(-7.639998025609,2.955305897274,1.21));
#10837 = VECTOR('',#10838,1.);
#10838 = DIRECTION('',(0.,0.,-1.));
#10839 = PCURVE('',#2893,#10840);
#10840 = DEFINITIONAL_REPRESENTATION('',(#10841),#10845);
#10841 = LINE('',#10842,#10843);
#10842 = CARTESIAN_POINT('',(0.,0.31));
#10843 = VECTOR('',#10844,1.);
#10844 = DIRECTION('',(0.,-1.));
#10845 = ( GEOMETRIC_REPRESENTATION_CONTEXT(2) 
PARAMETRIC_REPRESENTATION_CONTEXT() REPRESENTATION_CONTEXT('2D SPACE',''
  ) );
#10846 = PCURVE('',#2919,#10847);
#10847 = DEFINITIONAL_REPRESENTATION('',(#10848),#10852);
#10848 = LINE('',#10849,#10850);
#10849 = CARTESIAN_POINT('',(0.692628370099,0.31));
#10850 = VECTOR('',#10851,1.);
#10851 = DIRECTION('',(0.,-1.));
#10852 = ( GEOMETRIC_REPRESENTATION_CONTEXT(2) 
PARAMETRIC_REPRESENTATION_CONTEXT() REPRESENTATION_CONTEXT('2D SPACE',''
  ) );
#10853 = ORIENTED_EDGE('',*,*,#10854,.T.);
#10854 = EDGE_CURVE('',#10832,#10734,#10855,.T.);
#10855 = SURFACE_CURVE('',#10856,(#10860,#10867),.PCURVE_S1.);
#10856 = LINE('',#10857,#10858);
#10857 = CARTESIAN_POINT('',(-7.639998025609,2.955305897274,0.59));
#10858 = VECTOR('',#10859,1.);
#10859 = DIRECTION('',(0.951037042324,-0.30907692267,0.));
#10860 = PCURVE('',#2893,#10861);
#10861 = DEFINITIONAL_REPRESENTATION('',(#10862),#10866);
#10862 = LINE('',#10863,#10864);
#10863 = CARTESIAN_POINT('',(0.,-0.31));
#10864 = VECTOR('',#10865,1.);
#10865 = DIRECTION('',(1.,0.));
#10866 = ( GEOMETRIC_REPRESENTATION_CONTEXT(2) 
PARAMETRIC_REPRESENTATION_CONTEXT() REPRESENTATION_CONTEXT('2D SPACE',''
  ) );
#10867 = PCURVE('',#10696,#10868);
#10868 = DEFINITIONAL_REPRESENTATION('',(#10869),#10873);
#10869 = LINE('',#10870,#10871);
#10870 = CARTESIAN_POINT('',(3.383316878161,-1.610700638177));
#10871 = VECTOR('',#10872,1.);
#10872 = DIRECTION('',(0.951037042324,-0.30907692267));
#10873 = ( GEOMETRIC_REPRESENTATION_CONTEXT(2) 
PARAMETRIC_REPRESENTATION_CONTEXT() REPRESENTATION_CONTEXT('2D SPACE',''
  ) );
#10874 = ORIENTED_EDGE('',*,*,#10733,.F.);
#10875 = ORIENTED_EDGE('',*,*,#2878,.F.);
#10876 = ADVANCED_FACE('',(#10877),#3465,.F.);
#10877 = FACE_BOUND('',#10878,.F.);
#10878 = EDGE_LOOP('',(#10879,#10880,#10903,#10924));
#10879 = ORIENTED_EDGE('',*,*,#10806,.F.);
#10880 = ORIENTED_EDGE('',*,*,#10881,.T.);
#10881 = EDGE_CURVE('',#10784,#10882,#10884,.T.);
#10882 = VERTEX_POINT('',#10883);
#10883 = CARTESIAN_POINT('',(-8.726187859305,3.941353884659,0.59));
#10884 = SURFACE_CURVE('',#10885,(#10889,#10896),.PCURVE_S1.);
#10885 = LINE('',#10886,#10887);
#10886 = CARTESIAN_POINT('',(-8.109163021967,3.626994099014,0.59));
#10887 = VECTOR('',#10888,1.);
#10888 = DIRECTION('',(-0.891024089648,0.453956023935,0.));
#10889 = PCURVE('',#3465,#10890);
#10890 = DEFINITIONAL_REPRESENTATION('',(#10891),#10895);
#10891 = LINE('',#10892,#10893);
#10892 = CARTESIAN_POINT('',(0.,-0.31));
#10893 = VECTOR('',#10894,1.);
#10894 = DIRECTION('',(1.,0.));
#10895 = ( GEOMETRIC_REPRESENTATION_CONTEXT(2) 
PARAMETRIC_REPRESENTATION_CONTEXT() REPRESENTATION_CONTEXT('2D SPACE',''
  ) );
#10896 = PCURVE('',#10696,#10897);
#10897 = DEFINITIONAL_REPRESENTATION('',(#10898),#10902);
#10898 = LINE('',#10899,#10900);
#10899 = CARTESIAN_POINT('',(2.914151881804,-0.939012436438));
#10900 = VECTOR('',#10901,1.);
#10901 = DIRECTION('',(-0.891024089648,0.453956023935));
#10902 = ( GEOMETRIC_REPRESENTATION_CONTEXT(2) 
PARAMETRIC_REPRESENTATION_CONTEXT() REPRESENTATION_CONTEXT('2D SPACE',''
  ) );
#10903 = ORIENTED_EDGE('',*,*,#10904,.T.);
#10904 = EDGE_CURVE('',#10882,#3425,#10905,.T.);
#10905 = SURFACE_CURVE('',#10906,(#10910,#10917),.PCURVE_S1.);
#10906 = LINE('',#10907,#10908);
#10907 = CARTESIAN_POINT('',(-8.726187859305,3.941353884659,0.59));
#10908 = VECTOR('',#10909,1.);
#10909 = DIRECTION('',(0.,0.,1.));
#10910 = PCURVE('',#3465,#10911);
#10911 = DEFINITIONAL_REPRESENTATION('',(#10912),#10916);
#10912 = LINE('',#10913,#10914);
#10913 = CARTESIAN_POINT('',(0.692489512356,-0.31));
#10914 = VECTOR('',#10915,1.);
#10915 = DIRECTION('',(0.,1.));
#10916 = ( GEOMETRIC_REPRESENTATION_CONTEXT(2) 
PARAMETRIC_REPRESENTATION_CONTEXT() REPRESENTATION_CONTEXT('2D SPACE',''
  ) );
#10917 = PCURVE('',#3439,#10918);
#10918 = DEFINITIONAL_REPRESENTATION('',(#10919),#10923);
#10919 = LINE('',#10920,#10921);
#10920 = CARTESIAN_POINT('',(0.,-0.31));
#10921 = VECTOR('',#10922,1.);
#10922 = DIRECTION('',(0.,1.));
#10923 = ( GEOMETRIC_REPRESENTATION_CONTEXT(2) 
PARAMETRIC_REPRESENTATION_CONTEXT() REPRESENTATION_CONTEXT('2D SPACE',''
  ) );
#10924 = ORIENTED_EDGE('',*,*,#3450,.F.);
#10925 = ADVANCED_FACE('',(#10926),#2919,.F.);
#10926 = FACE_BOUND('',#10927,.F.);
#10927 = EDGE_LOOP('',(#10928,#10951,#10972,#10973));
#10928 = ORIENTED_EDGE('',*,*,#10929,.F.);
#10929 = EDGE_CURVE('',#10930,#2905,#10932,.T.);
#10930 = VERTEX_POINT('',#10931);
#10931 = CARTESIAN_POINT('',(-8.298716285316,3.169372039844,0.59));
#10932 = SURFACE_CURVE('',#10933,(#10937,#10944),.PCURVE_S1.);
#10933 = LINE('',#10934,#10935);
#10934 = CARTESIAN_POINT('',(-8.298716285316,3.169372039844,0.59));
#10935 = VECTOR('',#10936,1.);
#10936 = DIRECTION('',(0.,0.,1.));
#10937 = PCURVE('',#2919,#10938);
#10938 = DEFINITIONAL_REPRESENTATION('',(#10939),#10943);
#10939 = LINE('',#10940,#10941);
#10940 = CARTESIAN_POINT('',(0.,-0.31));
#10941 = VECTOR('',#10942,1.);
#10942 = DIRECTION('',(0.,1.));
#10943 = ( GEOMETRIC_REPRESENTATION_CONTEXT(2) 
PARAMETRIC_REPRESENTATION_CONTEXT() REPRESENTATION_CONTEXT('2D SPACE',''
  ) );
#10944 = PCURVE('',#2945,#10945);
#10945 = DEFINITIONAL_REPRESENTATION('',(#10946),#10950);
#10946 = LINE('',#10947,#10948);
#10947 = CARTESIAN_POINT('',(0.692489512356,-0.31));
#10948 = VECTOR('',#10949,1.);
#10949 = DIRECTION('',(0.,1.));
#10950 = ( GEOMETRIC_REPRESENTATION_CONTEXT(2) 
PARAMETRIC_REPRESENTATION_CONTEXT() REPRESENTATION_CONTEXT('2D SPACE',''
  ) );
#10951 = ORIENTED_EDGE('',*,*,#10952,.T.);
#10952 = EDGE_CURVE('',#10930,#10832,#10953,.T.);
#10953 = SURFACE_CURVE('',#10954,(#10958,#10965),.PCURVE_S1.);
#10954 = LINE('',#10955,#10956);
#10955 = CARTESIAN_POINT('',(-8.298716285316,3.169372039844,0.59));
#10956 = VECTOR('',#10957,1.);
#10957 = DIRECTION('',(0.951041407115,-0.309063491782,0.));
#10958 = PCURVE('',#2919,#10959);
#10959 = DEFINITIONAL_REPRESENTATION('',(#10960),#10964);
#10960 = LINE('',#10961,#10962);
#10961 = CARTESIAN_POINT('',(0.,-0.31));
#10962 = VECTOR('',#10963,1.);
#10963 = DIRECTION('',(1.,0.));
#10964 = ( GEOMETRIC_REPRESENTATION_CONTEXT(2) 
PARAMETRIC_REPRESENTATION_CONTEXT() REPRESENTATION_CONTEXT('2D SPACE',''
  ) );
#10965 = PCURVE('',#10696,#10966);
#10966 = DEFINITIONAL_REPRESENTATION('',(#10967),#10971);
#10967 = LINE('',#10968,#10969);
#10968 = CARTESIAN_POINT('',(2.724598618454,-1.396634495607));
#10969 = VECTOR('',#10970,1.);
#10970 = DIRECTION('',(0.951041407115,-0.309063491782));
#10971 = ( GEOMETRIC_REPRESENTATION_CONTEXT(2) 
PARAMETRIC_REPRESENTATION_CONTEXT() REPRESENTATION_CONTEXT('2D SPACE',''
  ) );
#10972 = ORIENTED_EDGE('',*,*,#10831,.F.);
#10973 = ORIENTED_EDGE('',*,*,#2904,.F.);
#10974 = ADVANCED_FACE('',(#10975),#3439,.F.);
#10975 = FACE_BOUND('',#10976,.F.);
#10976 = EDGE_LOOP('',(#10977,#10978,#11001,#11022));
#10977 = ORIENTED_EDGE('',*,*,#10904,.F.);
#10978 = ORIENTED_EDGE('',*,*,#10979,.T.);
#10979 = EDGE_CURVE('',#10882,#10980,#10982,.T.);
#10980 = VERTEX_POINT('',#10981);
#10981 = CARTESIAN_POINT('',(-9.343111587111,4.255668022207,0.59));
#10982 = SURFACE_CURVE('',#10983,(#10987,#10994),.PCURVE_S1.);
#10983 = LINE('',#10984,#10985);
#10984 = CARTESIAN_POINT('',(-8.726187859305,3.941353884659,0.59));
#10985 = VECTOR('',#10986,1.);
#10986 = DIRECTION('',(-0.891020663391,0.453962748924,0.));
#10987 = PCURVE('',#3439,#10988);
#10988 = DEFINITIONAL_REPRESENTATION('',(#10989),#10993);
#10989 = LINE('',#10990,#10991);
#10990 = CARTESIAN_POINT('',(0.,-0.31));
#10991 = VECTOR('',#10992,1.);
#10992 = DIRECTION('',(1.,0.));
#10993 = ( GEOMETRIC_REPRESENTATION_CONTEXT(2) 
PARAMETRIC_REPRESENTATION_CONTEXT() REPRESENTATION_CONTEXT('2D SPACE',''
  ) );
#10994 = PCURVE('',#10696,#10995);
#10995 = DEFINITIONAL_REPRESENTATION('',(#10996),#11000);
#10996 = LINE('',#10997,#10998);
#10997 = CARTESIAN_POINT('',(2.297127044465,-0.624652650792));
#10998 = VECTOR('',#10999,1.);
#10999 = DIRECTION('',(-0.891020663391,0.453962748924));
#11000 = ( GEOMETRIC_REPRESENTATION_CONTEXT(2) 
PARAMETRIC_REPRESENTATION_CONTEXT() REPRESENTATION_CONTEXT('2D SPACE',''
  ) );
#11001 = ORIENTED_EDGE('',*,*,#11002,.T.);
#11002 = EDGE_CURVE('',#10980,#3399,#11003,.T.);
#11003 = SURFACE_CURVE('',#11004,(#11008,#11015),.PCURVE_S1.);
#11004 = LINE('',#11005,#11006);
#11005 = CARTESIAN_POINT('',(-9.343111587111,4.255668022207,0.59));
#11006 = VECTOR('',#11007,1.);
#11007 = DIRECTION('',(0.,0.,1.));
#11008 = PCURVE('',#3439,#11009);
#11009 = DEFINITIONAL_REPRESENTATION('',(#11010),#11014);
#11010 = LINE('',#11011,#11012);
#11011 = CARTESIAN_POINT('',(0.692378699118,-0.31));
#11012 = VECTOR('',#11013,1.);
#11013 = DIRECTION('',(0.,1.));
#11014 = ( GEOMETRIC_REPRESENTATION_CONTEXT(2) 
PARAMETRIC_REPRESENTATION_CONTEXT() REPRESENTATION_CONTEXT('2D SPACE',''
  ) );
#11015 = PCURVE('',#3413,#11016);
#11016 = DEFINITIONAL_REPRESENTATION('',(#11017),#11021);
#11017 = LINE('',#11018,#11019);
#11018 = CARTESIAN_POINT('',(0.,-0.31));
#11019 = VECTOR('',#11020,1.);
#11020 = DIRECTION('',(0.,1.));
#11021 = ( GEOMETRIC_REPRESENTATION_CONTEXT(2) 
PARAMETRIC_REPRESENTATION_CONTEXT() REPRESENTATION_CONTEXT('2D SPACE',''
  ) );
#11022 = ORIENTED_EDGE('',*,*,#3424,.F.);
#11023 = ADVANCED_FACE('',(#11024),#2945,.F.);
#11024 = FACE_BOUND('',#11025,.F.);
#11025 = EDGE_LOOP('',(#11026,#11049,#11070,#11071));
#11026 = ORIENTED_EDGE('',*,*,#11027,.F.);
#11027 = EDGE_CURVE('',#11028,#2931,#11030,.T.);
#11028 = VERTEX_POINT('',#11029);
#11029 = CARTESIAN_POINT('',(-8.957304668121,3.383388550324,0.59));
#11030 = SURFACE_CURVE('',#11031,(#11035,#11042),.PCURVE_S1.);
#11031 = LINE('',#11032,#11033);
#11032 = CARTESIAN_POINT('',(-8.957304668121,3.383388550324,0.59));
#11033 = VECTOR('',#11034,1.);
#11034 = DIRECTION('',(0.,0.,1.));
#11035 = PCURVE('',#2945,#11036);
#11036 = DEFINITIONAL_REPRESENTATION('',(#11037),#11041);
#11037 = LINE('',#11038,#11039);
#11038 = CARTESIAN_POINT('',(0.,-0.31));
#11039 = VECTOR('',#11040,1.);
#11040 = DIRECTION('',(0.,1.));
#11041 = ( GEOMETRIC_REPRESENTATION_CONTEXT(2) 
PARAMETRIC_REPRESENTATION_CONTEXT() REPRESENTATION_CONTEXT('2D SPACE',''
  ) );
#11042 = PCURVE('',#2971,#11043);
#11043 = DEFINITIONAL_REPRESENTATION('',(#11044),#11048);
#11044 = LINE('',#11045,#11046);
#11045 = CARTESIAN_POINT('',(0.692378699118,-0.31));
#11046 = VECTOR('',#11047,1.);
#11047 = DIRECTION('',(0.,1.));
#11048 = ( GEOMETRIC_REPRESENTATION_CONTEXT(2) 
PARAMETRIC_REPRESENTATION_CONTEXT() REPRESENTATION_CONTEXT('2D SPACE',''
  ) );
#11049 = ORIENTED_EDGE('',*,*,#11050,.T.);
#11050 = EDGE_CURVE('',#11028,#10930,#11051,.T.);
#11051 = SURFACE_CURVE('',#11052,(#11056,#11063),.PCURVE_S1.);
#11052 = LINE('',#11053,#11054);
#11053 = CARTESIAN_POINT('',(-8.957304668121,3.383388550324,0.59));
#11054 = VECTOR('',#11055,1.);
#11055 = DIRECTION('',(0.951044558875,-0.309053793106,0.));
#11056 = PCURVE('',#2945,#11057);
#11057 = DEFINITIONAL_REPRESENTATION('',(#11058),#11062);
#11058 = LINE('',#11059,#11060);
#11059 = CARTESIAN_POINT('',(0.,-0.31));
#11060 = VECTOR('',#11061,1.);
#11061 = DIRECTION('',(1.,0.));
#11062 = ( GEOMETRIC_REPRESENTATION_CONTEXT(2) 
PARAMETRIC_REPRESENTATION_CONTEXT() REPRESENTATION_CONTEXT('2D SPACE',''
  ) );
#11063 = PCURVE('',#10696,#11064);
#11064 = DEFINITIONAL_REPRESENTATION('',(#11065),#11069);
#11065 = LINE('',#11066,#11067);
#11066 = CARTESIAN_POINT('',(2.06601023565,-1.182617985127));
#11067 = VECTOR('',#11068,1.);
#11068 = DIRECTION('',(0.951044558875,-0.309053793106));
#11069 = ( GEOMETRIC_REPRESENTATION_CONTEXT(2) 
PARAMETRIC_REPRESENTATION_CONTEXT() REPRESENTATION_CONTEXT('2D SPACE',''
  ) );
#11070 = ORIENTED_EDGE('',*,*,#10929,.T.);
#11071 = ORIENTED_EDGE('',*,*,#2930,.F.);
#11072 = ADVANCED_FACE('',(#11073),#3413,.F.);
#11073 = FACE_BOUND('',#11074,.F.);
#11074 = EDGE_LOOP('',(#11075,#11076,#11099,#11120));
#11075 = ORIENTED_EDGE('',*,*,#11002,.F.);
#11076 = ORIENTED_EDGE('',*,*,#11077,.T.);
#11077 = EDGE_CURVE('',#10980,#11078,#11080,.T.);
#11078 = VERTEX_POINT('',#11079);
#11079 = CARTESIAN_POINT('',(-9.959953469555,4.569944893404,0.59));
#11080 = SURFACE_CURVE('',#11081,(#11085,#11092),.PCURVE_S1.);
#11081 = LINE('',#11082,#11083);
#11082 = CARTESIAN_POINT('',(-9.343111587111,4.255668022207,0.59));
#11083 = VECTOR('',#11084,1.);
#11084 = DIRECTION('',(-0.891018073421,0.453967832381,0.));
#11085 = PCURVE('',#3413,#11086);
#11086 = DEFINITIONAL_REPRESENTATION('',(#11087),#11091);
#11087 = LINE('',#11088,#11089);
#11088 = CARTESIAN_POINT('',(0.,-0.31));
#11089 = VECTOR('',#11090,1.);
#11090 = DIRECTION('',(1.,0.));
#11091 = ( GEOMETRIC_REPRESENTATION_CONTEXT(2) 
PARAMETRIC_REPRESENTATION_CONTEXT() REPRESENTATION_CONTEXT('2D SPACE',''
  ) );
#11092 = PCURVE('',#10696,#11093);
#11093 = DEFINITIONAL_REPRESENTATION('',(#11094),#11098);
#11094 = LINE('',#11095,#11096);
#11095 = CARTESIAN_POINT('',(1.68020331666,-0.310338513244));
#11096 = VECTOR('',#11097,1.);
#11097 = DIRECTION('',(-0.891018073421,0.453967832381));
#11098 = ( GEOMETRIC_REPRESENTATION_CONTEXT(2) 
PARAMETRIC_REPRESENTATION_CONTEXT() REPRESENTATION_CONTEXT('2D SPACE',''
  ) );
#11099 = ORIENTED_EDGE('',*,*,#11100,.T.);
#11100 = EDGE_CURVE('',#11078,#3373,#11101,.T.);
#11101 = SURFACE_CURVE('',#11102,(#11106,#11113),.PCURVE_S1.);
#11102 = LINE('',#11103,#11104);
#11103 = CARTESIAN_POINT('',(-9.959953469555,4.569944893404,0.59));
#11104 = VECTOR('',#11105,1.);
#11105 = DIRECTION('',(0.,0.,1.));
#11106 = PCURVE('',#3413,#11107);
#11107 = DEFINITIONAL_REPRESENTATION('',(#11108),#11112);
#11108 = LINE('',#11109,#11110);
#11109 = CARTESIAN_POINT('',(0.692288855685,-0.31));
#11110 = VECTOR('',#11111,1.);
#11111 = DIRECTION('',(0.,1.));
#11112 = ( GEOMETRIC_REPRESENTATION_CONTEXT(2) 
PARAMETRIC_REPRESENTATION_CONTEXT() REPRESENTATION_CONTEXT('2D SPACE',''
  ) );
#11113 = PCURVE('',#3387,#11114);
#11114 = DEFINITIONAL_REPRESENTATION('',(#11115),#11119);
#11115 = LINE('',#11116,#11117);
#11116 = CARTESIAN_POINT('',(0.,-0.31));
#11117 = VECTOR('',#11118,1.);
#11118 = DIRECTION('',(0.,1.));
#11119 = ( GEOMETRIC_REPRESENTATION_CONTEXT(2) 
PARAMETRIC_REPRESENTATION_CONTEXT() REPRESENTATION_CONTEXT('2D SPACE',''
  ) );
#11120 = ORIENTED_EDGE('',*,*,#3398,.F.);
#11121 = ADVANCED_FACE('',(#11122),#2971,.F.);
#11122 = FACE_BOUND('',#11123,.F.);
#11123 = EDGE_LOOP('',(#11124,#11147,#11168,#11169));
#11124 = ORIENTED_EDGE('',*,*,#11125,.F.);
#11125 = EDGE_CURVE('',#11126,#2957,#11128,.T.);
#11126 = VERTEX_POINT('',#11127);
#11127 = CARTESIAN_POINT('',(-9.61578927761,3.597365843647,0.59));
#11128 = SURFACE_CURVE('',#11129,(#11133,#11140),.PCURVE_S1.);
#11129 = LINE('',#11130,#11131);
#11130 = CARTESIAN_POINT('',(-9.61578927761,3.597365843647,0.59));
#11131 = VECTOR('',#11132,1.);
#11132 = DIRECTION('',(0.,0.,1.));
#11133 = PCURVE('',#2971,#11134);
#11134 = DEFINITIONAL_REPRESENTATION('',(#11135),#11139);
#11135 = LINE('',#11136,#11137);
#11136 = CARTESIAN_POINT('',(0.,-0.31));
#11137 = VECTOR('',#11138,1.);
#11138 = DIRECTION('',(0.,1.));
#11139 = ( GEOMETRIC_REPRESENTATION_CONTEXT(2) 
PARAMETRIC_REPRESENTATION_CONTEXT() REPRESENTATION_CONTEXT('2D SPACE',''
  ) );
#11140 = PCURVE('',#2997,#11141);
#11141 = DEFINITIONAL_REPRESENTATION('',(#11142),#11146);
#11142 = LINE('',#11143,#11144);
#11143 = CARTESIAN_POINT('',(0.692288855685,-0.31));
#11144 = VECTOR('',#11145,1.);
#11145 = DIRECTION('',(0.,1.));
#11146 = ( GEOMETRIC_REPRESENTATION_CONTEXT(2) 
PARAMETRIC_REPRESENTATION_CONTEXT() REPRESENTATION_CONTEXT('2D SPACE',''
  ) );
#11147 = ORIENTED_EDGE('',*,*,#11148,.T.);
#11148 = EDGE_CURVE('',#11126,#11028,#11149,.T.);
#11149 = SURFACE_CURVE('',#11150,(#11154,#11161),.PCURVE_S1.);
#11150 = LINE('',#11151,#11152);
#11151 = CARTESIAN_POINT('',(-9.61578927761,3.597365843647,0.59));
#11152 = VECTOR('',#11153,1.);
#11153 = DIRECTION('',(0.951046891431,-0.30904661509,0.));
#11154 = PCURVE('',#2971,#11155);
#11155 = DEFINITIONAL_REPRESENTATION('',(#11156),#11160);
#11156 = LINE('',#11157,#11158);
#11157 = CARTESIAN_POINT('',(0.,-0.31));
#11158 = VECTOR('',#11159,1.);
#11159 = DIRECTION('',(1.,0.));
#11160 = ( GEOMETRIC_REPRESENTATION_CONTEXT(2) 
PARAMETRIC_REPRESENTATION_CONTEXT() REPRESENTATION_CONTEXT('2D SPACE',''
  ) );
#11161 = PCURVE('',#10696,#11162);
#11162 = DEFINITIONAL_REPRESENTATION('',(#11163),#11167);
#11163 = LINE('',#11164,#11165);
#11164 = CARTESIAN_POINT('',(1.40752562616,-0.968640691804));
#11165 = VECTOR('',#11166,1.);
#11166 = DIRECTION('',(0.951046891431,-0.30904661509));
#11167 = ( GEOMETRIC_REPRESENTATION_CONTEXT(2) 
PARAMETRIC_REPRESENTATION_CONTEXT() REPRESENTATION_CONTEXT('2D SPACE',''
  ) );
#11168 = ORIENTED_EDGE('',*,*,#11027,.T.);
#11169 = ORIENTED_EDGE('',*,*,#2956,.F.);
#11170 = ADVANCED_FACE('',(#11171),#3387,.F.);
#11171 = FACE_BOUND('',#11172,.F.);
#11172 = EDGE_LOOP('',(#11173,#11174,#11197,#11218));
#11173 = ORIENTED_EDGE('',*,*,#11100,.F.);
#11174 = ORIENTED_EDGE('',*,*,#11175,.T.);
#11175 = EDGE_CURVE('',#11078,#11176,#11178,.T.);
#11176 = VERTEX_POINT('',#11177);
#11177 = CARTESIAN_POINT('',(-10.57672816995,4.884190948238,0.59));
#11178 = SURFACE_CURVE('',#11179,(#11183,#11190),.PCURVE_S1.);
#11179 = LINE('',#11180,#11181);
#11180 = CARTESIAN_POINT('',(-9.959953469555,4.569944893404,0.59));
#11181 = VECTOR('',#11182,1.);
#11182 = DIRECTION('',(-0.891016079362,0.453971746167,0.));
#11183 = PCURVE('',#3387,#11184);
#11184 = DEFINITIONAL_REPRESENTATION('',(#11185),#11189);
#11185 = LINE('',#11186,#11187);
#11186 = CARTESIAN_POINT('',(0.,-0.31));
#11187 = VECTOR('',#11188,1.);
#11188 = DIRECTION('',(1.,0.));
#11189 = ( GEOMETRIC_REPRESENTATION_CONTEXT(2) 
PARAMETRIC_REPRESENTATION_CONTEXT() REPRESENTATION_CONTEXT('2D SPACE',''
  ) );
#11190 = PCURVE('',#10696,#11191);
#11191 = DEFINITIONAL_REPRESENTATION('',(#11192),#11196);
#11192 = LINE('',#11193,#11194);
#11193 = CARTESIAN_POINT('',(1.063361434216,3.938357953042E-03));
#11194 = VECTOR('',#11195,1.);
#11195 = DIRECTION('',(-0.891016079362,0.453971746167));
#11196 = ( GEOMETRIC_REPRESENTATION_CONTEXT(2) 
PARAMETRIC_REPRESENTATION_CONTEXT() REPRESENTATION_CONTEXT('2D SPACE',''
  ) );
#11197 = ORIENTED_EDGE('',*,*,#11198,.T.);
#11198 = EDGE_CURVE('',#11176,#3347,#11199,.T.);
#11199 = SURFACE_CURVE('',#11200,(#11204,#11211),.PCURVE_S1.);
#11200 = LINE('',#11201,#11202);
#11201 = CARTESIAN_POINT('',(-10.57672816995,4.884190948238,0.59));
#11202 = VECTOR('',#11203,1.);
#11203 = DIRECTION('',(0.,0.,1.));
#11204 = PCURVE('',#3387,#11205);
#11205 = DEFINITIONAL_REPRESENTATION('',(#11206),#11210);
#11206 = LINE('',#11207,#11208);
#11207 = CARTESIAN_POINT('',(0.692215005641,-0.31));
#11208 = VECTOR('',#11209,1.);
#11209 = DIRECTION('',(0.,1.));
#11210 = ( GEOMETRIC_REPRESENTATION_CONTEXT(2) 
PARAMETRIC_REPRESENTATION_CONTEXT() REPRESENTATION_CONTEXT('2D SPACE',''
  ) );
#11211 = PCURVE('',#3361,#11212);
#11212 = DEFINITIONAL_REPRESENTATION('',(#11213),#11217);
#11213 = LINE('',#11214,#11215);
#11214 = CARTESIAN_POINT('',(0.,-0.31));
#11215 = VECTOR('',#11216,1.);
#11216 = DIRECTION('',(0.,1.));
#11217 = ( GEOMETRIC_REPRESENTATION_CONTEXT(2) 
PARAMETRIC_REPRESENTATION_CONTEXT() REPRESENTATION_CONTEXT('2D SPACE',''
  ) );
#11218 = ORIENTED_EDGE('',*,*,#3372,.F.);
#11219 = ADVANCED_FACE('',(#11220),#2997,.F.);
#11220 = FACE_BOUND('',#11221,.F.);
#11221 = EDGE_LOOP('',(#11222,#11245,#11266,#11267));
#11222 = ORIENTED_EDGE('',*,*,#11223,.F.);
#11223 = EDGE_CURVE('',#11224,#2983,#11226,.T.);
#11224 = VERTEX_POINT('',#11225);
#11225 = CARTESIAN_POINT('',(-10.2741896624,3.81131161485,0.59));
#11226 = SURFACE_CURVE('',#11227,(#11231,#11238),.PCURVE_S1.);
#11227 = LINE('',#11228,#11229);
#11228 = CARTESIAN_POINT('',(-10.2741896624,3.81131161485,0.59));
#11229 = VECTOR('',#11230,1.);
#11230 = DIRECTION('',(0.,0.,1.));
#11231 = PCURVE('',#2997,#11232);
#11232 = DEFINITIONAL_REPRESENTATION('',(#11233),#11237);
#11233 = LINE('',#11234,#11235);
#11234 = CARTESIAN_POINT('',(0.,-0.31));
#11235 = VECTOR('',#11236,1.);
#11236 = DIRECTION('',(0.,1.));
#11237 = ( GEOMETRIC_REPRESENTATION_CONTEXT(2) 
PARAMETRIC_REPRESENTATION_CONTEXT() REPRESENTATION_CONTEXT('2D SPACE',''
  ) );
#11238 = PCURVE('',#3023,#11239);
#11239 = DEFINITIONAL_REPRESENTATION('',(#11240),#11244);
#11240 = LINE('',#11241,#11242);
#11241 = CARTESIAN_POINT('',(0.692215005641,-0.31));
#11242 = VECTOR('',#11243,1.);
#11243 = DIRECTION('',(0.,1.));
#11244 = ( GEOMETRIC_REPRESENTATION_CONTEXT(2) 
PARAMETRIC_REPRESENTATION_CONTEXT() REPRESENTATION_CONTEXT('2D SPACE',''
  ) );
#11245 = ORIENTED_EDGE('',*,*,#11246,.T.);
#11246 = EDGE_CURVE('',#11224,#11126,#11247,.T.);
#11247 = SURFACE_CURVE('',#11248,(#11252,#11259),.PCURVE_S1.);
#11248 = LINE('',#11249,#11250);
#11249 = CARTESIAN_POINT('',(-10.2741896624,3.81131161485,0.59));
#11250 = VECTOR('',#11251,1.);
#11251 = DIRECTION('',(0.951048654593,-0.309041189159,0.));
#11252 = PCURVE('',#2997,#11253);
#11253 = DEFINITIONAL_REPRESENTATION('',(#11254),#11258);
#11254 = LINE('',#11255,#11256);
#11255 = CARTESIAN_POINT('',(0.,-0.31));
#11256 = VECTOR('',#11257,1.);
#11257 = DIRECTION('',(1.,0.));
#11258 = ( GEOMETRIC_REPRESENTATION_CONTEXT(2) 
PARAMETRIC_REPRESENTATION_CONTEXT() REPRESENTATION_CONTEXT('2D SPACE',''
  ) );
#11259 = PCURVE('',#10696,#11260);
#11260 = DEFINITIONAL_REPRESENTATION('',(#11261),#11265);
#11261 = LINE('',#11262,#11263);
#11262 = CARTESIAN_POINT('',(0.749125241371,-0.754694920602));
#11263 = VECTOR('',#11264,1.);
#11264 = DIRECTION('',(0.951048654593,-0.309041189159));
#11265 = ( GEOMETRIC_REPRESENTATION_CONTEXT(2) 
PARAMETRIC_REPRESENTATION_CONTEXT() REPRESENTATION_CONTEXT('2D SPACE',''
  ) );
#11266 = ORIENTED_EDGE('',*,*,#11125,.T.);
#11267 = ORIENTED_EDGE('',*,*,#2982,.F.);
#11268 = ADVANCED_FACE('',(#11269),#3361,.F.);
#11269 = FACE_BOUND('',#11270,.F.);
#11270 = EDGE_LOOP('',(#11271,#11272,#11295,#11316));
#11271 = ORIENTED_EDGE('',*,*,#11198,.F.);
#11272 = ORIENTED_EDGE('',*,*,#11273,.T.);
#11273 = EDGE_CURVE('',#11176,#11274,#11276,.T.);
#11274 = VERTEX_POINT('',#11275);
#11275 = CARTESIAN_POINT('',(-11.19344704674,5.198411230645,0.59));
#11276 = SURFACE_CURVE('',#11277,(#11281,#11288),.PCURVE_S1.);
#11277 = LINE('',#11278,#11279);
#11278 = CARTESIAN_POINT('',(-10.57672816995,4.884190948238,0.59));
#11279 = VECTOR('',#11280,1.);
#11280 = DIRECTION('',(-0.891014519209,0.453974808286,0.));
#11281 = PCURVE('',#3361,#11282);
#11282 = DEFINITIONAL_REPRESENTATION('',(#11283),#11287);
#11283 = LINE('',#11284,#11285);
#11284 = CARTESIAN_POINT('',(0.,-0.31));
#11285 = VECTOR('',#11286,1.);
#11286 = DIRECTION('',(1.,0.));
#11287 = ( GEOMETRIC_REPRESENTATION_CONTEXT(2) 
PARAMETRIC_REPRESENTATION_CONTEXT() REPRESENTATION_CONTEXT('2D SPACE',''
  ) );
#11288 = PCURVE('',#10696,#11289);
#11289 = DEFINITIONAL_REPRESENTATION('',(#11290),#11294);
#11290 = LINE('',#11291,#11292);
#11291 = CARTESIAN_POINT('',(0.446586733814,0.318184412787));
#11292 = VECTOR('',#11293,1.);
#11293 = DIRECTION('',(-0.891014519209,0.453974808286));
#11294 = ( GEOMETRIC_REPRESENTATION_CONTEXT(2) 
PARAMETRIC_REPRESENTATION_CONTEXT() REPRESENTATION_CONTEXT('2D SPACE',''
  ) );
#11295 = ORIENTED_EDGE('',*,*,#11296,.T.);
#11296 = EDGE_CURVE('',#11274,#3321,#11297,.T.);
#11297 = SURFACE_CURVE('',#11298,(#11302,#11309),.PCURVE_S1.);
#11298 = LINE('',#11299,#11300);
#11299 = CARTESIAN_POINT('',(-11.19344704674,5.198411230645,0.59));
#11300 = VECTOR('',#11301,1.);
#11301 = DIRECTION('',(0.,0.,1.));
#11302 = PCURVE('',#3361,#11303);
#11303 = DEFINITIONAL_REPRESENTATION('',(#11304),#11308);
#11304 = LINE('',#11305,#11306);
#11305 = CARTESIAN_POINT('',(0.692153565952,-0.31));
#11306 = VECTOR('',#11307,1.);
#11307 = DIRECTION('',(0.,1.));
#11308 = ( GEOMETRIC_REPRESENTATION_CONTEXT(2) 
PARAMETRIC_REPRESENTATION_CONTEXT() REPRESENTATION_CONTEXT('2D SPACE',''
  ) );
#11309 = PCURVE('',#3335,#11310);
#11310 = DEFINITIONAL_REPRESENTATION('',(#11311),#11315);
#11311 = LINE('',#11312,#11313);
#11312 = CARTESIAN_POINT('',(0.,-0.31));
#11313 = VECTOR('',#11314,1.);
#11314 = DIRECTION('',(0.,1.));
#11315 = ( GEOMETRIC_REPRESENTATION_CONTEXT(2) 
PARAMETRIC_REPRESENTATION_CONTEXT() REPRESENTATION_CONTEXT('2D SPACE',''
  ) );
#11316 = ORIENTED_EDGE('',*,*,#3346,.F.);
#11317 = ADVANCED_FACE('',(#11318),#3023,.F.);
#11318 = FACE_BOUND('',#11319,.F.);
#11319 = EDGE_LOOP('',(#11320,#11343,#11364,#11365));
#11320 = ORIENTED_EDGE('',*,*,#11321,.F.);
#11321 = EDGE_CURVE('',#11322,#3009,#11324,.T.);
#11322 = VERTEX_POINT('',#11323);
#11323 = CARTESIAN_POINT('',(-10.93252075185,4.025231671634,0.59));
#11324 = SURFACE_CURVE('',#11325,(#11329,#11336),.PCURVE_S1.);
#11325 = LINE('',#11326,#11327);
#11326 = CARTESIAN_POINT('',(-10.93252075185,4.025231671634,0.59));
#11327 = VECTOR('',#11328,1.);
#11328 = DIRECTION('',(0.,0.,1.));
#11329 = PCURVE('',#3023,#11330);
#11330 = DEFINITIONAL_REPRESENTATION('',(#11331),#11335);
#11331 = LINE('',#11332,#11333);
#11332 = CARTESIAN_POINT('',(0.,-0.31));
#11333 = VECTOR('',#11334,1.);
#11334 = DIRECTION('',(0.,1.));
#11335 = ( GEOMETRIC_REPRESENTATION_CONTEXT(2) 
PARAMETRIC_REPRESENTATION_CONTEXT() REPRESENTATION_CONTEXT('2D SPACE',''
  ) );
#11336 = PCURVE('',#3049,#11337);
#11337 = DEFINITIONAL_REPRESENTATION('',(#11338),#11342);
#11338 = LINE('',#11339,#11340);
#11339 = CARTESIAN_POINT('',(0.692153565952,-0.31));
#11340 = VECTOR('',#11341,1.);
#11341 = DIRECTION('',(0.,1.));
#11342 = ( GEOMETRIC_REPRESENTATION_CONTEXT(2) 
PARAMETRIC_REPRESENTATION_CONTEXT() REPRESENTATION_CONTEXT('2D SPACE',''
  ) );
#11343 = ORIENTED_EDGE('',*,*,#11344,.T.);
#11344 = EDGE_CURVE('',#11322,#11224,#11345,.T.);
#11345 = SURFACE_CURVE('',#11346,(#11350,#11357),.PCURVE_S1.);
#11346 = LINE('',#11347,#11348);
#11347 = CARTESIAN_POINT('',(-10.93252075185,4.025231671634,0.59));
#11348 = VECTOR('',#11349,1.);
#11349 = DIRECTION('',(0.951050012045,-0.309037011681,0.));
#11350 = PCURVE('',#3023,#11351);
#11351 = DEFINITIONAL_REPRESENTATION('',(#11352),#11356);
#11352 = LINE('',#11353,#11354);
#11353 = CARTESIAN_POINT('',(0.,-0.31));
#11354 = VECTOR('',#11355,1.);
#11355 = DIRECTION('',(1.,0.));
#11356 = ( GEOMETRIC_REPRESENTATION_CONTEXT(2) 
PARAMETRIC_REPRESENTATION_CONTEXT() REPRESENTATION_CONTEXT('2D SPACE',''
  ) );
#11357 = PCURVE('',#10696,#11358);
#11358 = DEFINITIONAL_REPRESENTATION('',(#11359),#11363);
#11359 = LINE('',#11360,#11361);
#11360 = CARTESIAN_POINT('',(9.07941519183E-02,-0.540774863817));
#11361 = VECTOR('',#11362,1.);
#11362 = DIRECTION('',(0.951050012045,-0.309037011681));
#11363 = ( GEOMETRIC_REPRESENTATION_CONTEXT(2) 
PARAMETRIC_REPRESENTATION_CONTEXT() REPRESENTATION_CONTEXT('2D SPACE',''
  ) );
#11364 = ORIENTED_EDGE('',*,*,#11223,.T.);
#11365 = ORIENTED_EDGE('',*,*,#3008,.F.);
#11366 = ADVANCED_FACE('',(#11367),#3335,.F.);
#11367 = FACE_BOUND('',#11368,.F.);
#11368 = EDGE_LOOP('',(#11369,#11370,#11393,#11414));
#11369 = ORIENTED_EDGE('',*,*,#11296,.F.);
#11370 = ORIENTED_EDGE('',*,*,#11371,.T.);
#11371 = EDGE_CURVE('',#11274,#11372,#11374,.T.);
#11372 = VERTEX_POINT('',#11373);
#11373 = CARTESIAN_POINT('',(-11.81011903476,5.512609741544,0.59));
#11374 = SURFACE_CURVE('',#11375,(#11379,#11386),.PCURVE_S1.);
#11375 = LINE('',#11376,#11377);
#11376 = CARTESIAN_POINT('',(-11.19344704674,5.198411230645,0.59));
#11377 = VECTOR('',#11378,1.);
#11378 = DIRECTION('',(-0.891013281068,0.453977238373,0.));
#11379 = PCURVE('',#3335,#11380);
#11380 = DEFINITIONAL_REPRESENTATION('',(#11381),#11385);
#11381 = LINE('',#11382,#11383);
#11382 = CARTESIAN_POINT('',(0.,-0.31));
#11383 = VECTOR('',#11384,1.);
#11384 = DIRECTION('',(1.,0.));
#11385 = ( GEOMETRIC_REPRESENTATION_CONTEXT(2) 
PARAMETRIC_REPRESENTATION_CONTEXT() REPRESENTATION_CONTEXT('2D SPACE',''
  ) );
#11386 = PCURVE('',#10696,#11387);
#11387 = DEFINITIONAL_REPRESENTATION('',(#11388),#11392);
#11388 = LINE('',#11389,#11390);
#11389 = CARTESIAN_POINT('',(-0.170132142971,0.632404695194));
#11390 = VECTOR('',#11391,1.);
#11391 = DIRECTION('',(-0.891013281068,0.453977238373));
#11392 = ( GEOMETRIC_REPRESENTATION_CONTEXT(2) 
PARAMETRIC_REPRESENTATION_CONTEXT() REPRESENTATION_CONTEXT('2D SPACE',''
  ) );
#11393 = ORIENTED_EDGE('',*,*,#11394,.T.);
#11394 = EDGE_CURVE('',#11372,#3295,#11395,.T.);
#11395 = SURFACE_CURVE('',#11396,(#11400,#11407),.PCURVE_S1.);
#11396 = LINE('',#11397,#11398);
#11397 = CARTESIAN_POINT('',(-11.81011903476,5.512609741544,0.59));
#11398 = VECTOR('',#11399,1.);
#11399 = DIRECTION('',(0.,0.,1.));
#11400 = PCURVE('',#3335,#11401);
#11401 = DEFINITIONAL_REPRESENTATION('',(#11402),#11406);
#11402 = LINE('',#11403,#11404);
#11403 = CARTESIAN_POINT('',(0.692101903666,-0.31));
#11404 = VECTOR('',#11405,1.);
#11405 = DIRECTION('',(0.,1.));
#11406 = ( GEOMETRIC_REPRESENTATION_CONTEXT(2) 
PARAMETRIC_REPRESENTATION_CONTEXT() REPRESENTATION_CONTEXT('2D SPACE',''
  ) );
#11407 = PCURVE('',#3309,#11408);
#11408 = DEFINITIONAL_REPRESENTATION('',(#11409),#11413);
#11409 = LINE('',#11410,#11411);
#11410 = CARTESIAN_POINT('',(0.,-0.31));
#11411 = VECTOR('',#11412,1.);
#11412 = DIRECTION('',(0.,1.));
#11413 = ( GEOMETRIC_REPRESENTATION_CONTEXT(2) 
PARAMETRIC_REPRESENTATION_CONTEXT() REPRESENTATION_CONTEXT('2D SPACE',''
  ) );
#11414 = ORIENTED_EDGE('',*,*,#3320,.F.);
#11415 = ADVANCED_FACE('',(#11416),#3049,.F.);
#11416 = FACE_BOUND('',#11417,.F.);
#11417 = EDGE_LOOP('',(#11418,#11441,#11462,#11463));
#11418 = ORIENTED_EDGE('',*,*,#11419,.F.);
#11419 = EDGE_CURVE('',#11420,#3035,#11422,.T.);
#11420 = VERTEX_POINT('',#11421);
#11421 = CARTESIAN_POINT('',(-11.59079414418,4.239130479018,0.59));
#11422 = SURFACE_CURVE('',#11423,(#11427,#11434),.PCURVE_S1.);
#11423 = LINE('',#11424,#11425);
#11424 = CARTESIAN_POINT('',(-11.59079414418,4.239130479018,0.59));
#11425 = VECTOR('',#11426,1.);
#11426 = DIRECTION('',(0.,0.,1.));
#11427 = PCURVE('',#3049,#11428);
#11428 = DEFINITIONAL_REPRESENTATION('',(#11429),#11433);
#11429 = LINE('',#11430,#11431);
#11430 = CARTESIAN_POINT('',(0.,-0.31));
#11431 = VECTOR('',#11432,1.);
#11432 = DIRECTION('',(0.,1.));
#11433 = ( GEOMETRIC_REPRESENTATION_CONTEXT(2) 
PARAMETRIC_REPRESENTATION_CONTEXT() REPRESENTATION_CONTEXT('2D SPACE',''
  ) );
#11434 = PCURVE('',#3075,#11435);
#11435 = DEFINITIONAL_REPRESENTATION('',(#11436),#11440);
#11436 = LINE('',#11437,#11438);
#11437 = CARTESIAN_POINT('',(0.692101903666,-0.31));
#11438 = VECTOR('',#11439,1.);
#11439 = DIRECTION('',(0.,1.));
#11440 = ( GEOMETRIC_REPRESENTATION_CONTEXT(2) 
PARAMETRIC_REPRESENTATION_CONTEXT() REPRESENTATION_CONTEXT('2D SPACE',''
  ) );
#11441 = ORIENTED_EDGE('',*,*,#11442,.T.);
#11442 = EDGE_CURVE('',#11420,#11322,#11443,.T.);
#11443 = SURFACE_CURVE('',#11444,(#11448,#11455),.PCURVE_S1.);
#11444 = LINE('',#11445,#11446);
#11445 = CARTESIAN_POINT('',(-11.59079414418,4.239130479018,0.59));
#11446 = VECTOR('',#11447,1.);
#11447 = DIRECTION('',(0.951051074095,-0.309033743242,0.));
#11448 = PCURVE('',#3049,#11449);
#11449 = DEFINITIONAL_REPRESENTATION('',(#11450),#11454);
#11450 = LINE('',#11451,#11452);
#11451 = CARTESIAN_POINT('',(0.,-0.31));
#11452 = VECTOR('',#11453,1.);
#11453 = DIRECTION('',(1.,0.));
#11454 = ( GEOMETRIC_REPRESENTATION_CONTEXT(2) 
PARAMETRIC_REPRESENTATION_CONTEXT() REPRESENTATION_CONTEXT('2D SPACE',''
  ) );
#11455 = PCURVE('',#10696,#11456);
#11456 = DEFINITIONAL_REPRESENTATION('',(#11457),#11461);
#11457 = LINE('',#11458,#11459);
#11458 = CARTESIAN_POINT('',(-0.567479240419,-0.326876056433));
#11459 = VECTOR('',#11460,1.);
#11460 = DIRECTION('',(0.951051074095,-0.309033743242));
#11461 = ( GEOMETRIC_REPRESENTATION_CONTEXT(2) 
PARAMETRIC_REPRESENTATION_CONTEXT() REPRESENTATION_CONTEXT('2D SPACE',''
  ) );
#11462 = ORIENTED_EDGE('',*,*,#11321,.T.);
#11463 = ORIENTED_EDGE('',*,*,#3034,.F.);
#11464 = ADVANCED_FACE('',(#11465),#3309,.F.);
#11465 = FACE_BOUND('',#11466,.F.);
#11466 = EDGE_LOOP('',(#11467,#11468,#11491,#11512));
#11467 = ORIENTED_EDGE('',*,*,#11394,.F.);
#11468 = ORIENTED_EDGE('',*,*,#11469,.T.);
#11469 = EDGE_CURVE('',#11372,#11470,#11472,.T.);
#11470 = VERTEX_POINT('',#11471);
#11471 = CARTESIAN_POINT('',(-12.42675125888,5.826789694998,0.59));
#11472 = SURFACE_CURVE('',#11473,(#11477,#11484),.PCURVE_S1.);
#11473 = LINE('',#11474,#11475);
#11474 = CARTESIAN_POINT('',(-11.81011903476,5.512609741544,0.59));
#11475 = VECTOR('',#11476,1.);
#11476 = DIRECTION('',(-0.891012285961,0.453979191447,0.));
#11477 = PCURVE('',#3309,#11478);
#11478 = DEFINITIONAL_REPRESENTATION('',(#11479),#11483);
#11479 = LINE('',#11480,#11481);
#11480 = CARTESIAN_POINT('',(0.,-0.31));
#11481 = VECTOR('',#11482,1.);
#11482 = DIRECTION('',(1.,0.));
#11483 = ( GEOMETRIC_REPRESENTATION_CONTEXT(2) 
PARAMETRIC_REPRESENTATION_CONTEXT() REPRESENTATION_CONTEXT('2D SPACE',''
  ) );
#11484 = PCURVE('',#10696,#11485);
#11485 = DEFINITIONAL_REPRESENTATION('',(#11486),#11490);
#11486 = LINE('',#11487,#11488);
#11487 = CARTESIAN_POINT('',(-0.78680413099,0.946603206093));
#11488 = VECTOR('',#11489,1.);
#11489 = DIRECTION('',(-0.891012285961,0.453979191447));
#11490 = ( GEOMETRIC_REPRESENTATION_CONTEXT(2) 
PARAMETRIC_REPRESENTATION_CONTEXT() REPRESENTATION_CONTEXT('2D SPACE',''
  ) );
#11491 = ORIENTED_EDGE('',*,*,#11492,.T.);
#11492 = EDGE_CURVE('',#11470,#3269,#11493,.T.);
#11493 = SURFACE_CURVE('',#11494,(#11498,#11505),.PCURVE_S1.);
#11494 = LINE('',#11495,#11496);
#11495 = CARTESIAN_POINT('',(-12.42675125888,5.826789694998,0.59));
#11496 = VECTOR('',#11497,1.);
#11497 = DIRECTION('',(0.,0.,1.));
#11498 = PCURVE('',#3309,#11499);
#11499 = DEFINITIONAL_REPRESENTATION('',(#11500),#11504);
#11500 = LINE('',#11501,#11502);
#11501 = CARTESIAN_POINT('',(0.692058048855,-0.31));
#11502 = VECTOR('',#11503,1.);
#11503 = DIRECTION('',(0.,1.));
#11504 = ( GEOMETRIC_REPRESENTATION_CONTEXT(2) 
PARAMETRIC_REPRESENTATION_CONTEXT() REPRESENTATION_CONTEXT('2D SPACE',''
  ) );
#11505 = PCURVE('',#3283,#11506);
#11506 = DEFINITIONAL_REPRESENTATION('',(#11507),#11511);
#11507 = LINE('',#11508,#11509);
#11508 = CARTESIAN_POINT('',(0.,-0.31));
#11509 = VECTOR('',#11510,1.);
#11510 = DIRECTION('',(0.,1.));
#11511 = ( GEOMETRIC_REPRESENTATION_CONTEXT(2) 
PARAMETRIC_REPRESENTATION_CONTEXT() REPRESENTATION_CONTEXT('2D SPACE',''
  ) );
#11512 = ORIENTED_EDGE('',*,*,#3294,.F.);
#11513 = ADVANCED_FACE('',(#11514),#3075,.F.);
#11514 = FACE_BOUND('',#11515,.F.);
#11515 = EDGE_LOOP('',(#11516,#11539,#11560,#11561));
#11516 = ORIENTED_EDGE('',*,*,#11517,.F.);
#11517 = EDGE_CURVE('',#11518,#3061,#11520,.T.);
#11518 = VERTEX_POINT('',#11519);
#11519 = CARTESIAN_POINT('',(-12.24901898638,4.453011525819,0.59));
#11520 = SURFACE_CURVE('',#11521,(#11525,#11532),.PCURVE_S1.);
#11521 = LINE('',#11522,#11523);
#11522 = CARTESIAN_POINT('',(-12.24901898638,4.453011525819,0.59));
#11523 = VECTOR('',#11524,1.);
#11524 = DIRECTION('',(0.,0.,1.));
#11525 = PCURVE('',#3075,#11526);
#11526 = DEFINITIONAL_REPRESENTATION('',(#11527),#11531);
#11527 = LINE('',#11528,#11529);
#11528 = CARTESIAN_POINT('',(0.,-0.31));
#11529 = VECTOR('',#11530,1.);
#11530 = DIRECTION('',(0.,1.));
#11531 = ( GEOMETRIC_REPRESENTATION_CONTEXT(2) 
PARAMETRIC_REPRESENTATION_CONTEXT() REPRESENTATION_CONTEXT('2D SPACE',''
  ) );
#11532 = PCURVE('',#3101,#11533);
#11533 = DEFINITIONAL_REPRESENTATION('',(#11534),#11538);
#11534 = LINE('',#11535,#11536);
#11535 = CARTESIAN_POINT('',(0.692058048855,-0.31));
#11536 = VECTOR('',#11537,1.);
#11537 = DIRECTION('',(0.,1.));
#11538 = ( GEOMETRIC_REPRESENTATION_CONTEXT(2) 
PARAMETRIC_REPRESENTATION_CONTEXT() REPRESENTATION_CONTEXT('2D SPACE',''
  ) );
#11539 = ORIENTED_EDGE('',*,*,#11540,.T.);
#11540 = EDGE_CURVE('',#11518,#11420,#11541,.T.);
#11541 = SURFACE_CURVE('',#11542,(#11546,#11553),.PCURVE_S1.);
#11542 = LINE('',#11543,#11544);
#11543 = CARTESIAN_POINT('',(-12.24901898638,4.453011525819,0.59));
#11544 = VECTOR('',#11545,1.);
#11545 = DIRECTION('',(0.951051916928,-0.309031149413,0.));
#11546 = PCURVE('',#3075,#11547);
#11547 = DEFINITIONAL_REPRESENTATION('',(#11548),#11552);
#11548 = LINE('',#11549,#11550);
#11549 = CARTESIAN_POINT('',(0.,-0.31));
#11550 = VECTOR('',#11551,1.);
#11551 = DIRECTION('',(1.,0.));
#11552 = ( GEOMETRIC_REPRESENTATION_CONTEXT(2) 
PARAMETRIC_REPRESENTATION_CONTEXT() REPRESENTATION_CONTEXT('2D SPACE',''
  ) );
#11553 = PCURVE('',#10696,#11554);
#11554 = DEFINITIONAL_REPRESENTATION('',(#11555),#11559);
#11555 = LINE('',#11556,#11557);
#11556 = CARTESIAN_POINT('',(-1.22570408261,-0.112995009633));
#11557 = VECTOR('',#11558,1.);
#11558 = DIRECTION('',(0.951051916928,-0.309031149413));
#11559 = ( GEOMETRIC_REPRESENTATION_CONTEXT(2) 
PARAMETRIC_REPRESENTATION_CONTEXT() REPRESENTATION_CONTEXT('2D SPACE',''
  ) );
#11560 = ORIENTED_EDGE('',*,*,#11419,.T.);
#11561 = ORIENTED_EDGE('',*,*,#3060,.F.);
#11562 = ADVANCED_FACE('',(#11563),#3283,.F.);
#11563 = FACE_BOUND('',#11564,.F.);
#11564 = EDGE_LOOP('',(#11565,#11566,#11589,#11610));
#11565 = ORIENTED_EDGE('',*,*,#11492,.F.);
#11566 = ORIENTED_EDGE('',*,*,#11567,.T.);
#11567 = EDGE_CURVE('',#11470,#11568,#11570,.T.);
#11568 = VERTEX_POINT('',#11569);
#11569 = CARTESIAN_POINT('',(-13.0433494702,6.140953702466,0.59));
#11570 = SURFACE_CURVE('',#11571,(#11575,#11582),.PCURVE_S1.);
#11571 = LINE('',#11572,#11573);
#11572 = CARTESIAN_POINT('',(-12.42675125888,5.826789694998,0.59));
#11573 = VECTOR('',#11574,1.);
#11574 = DIRECTION('',(-0.891011477061,0.453980779048,0.));
#11575 = PCURVE('',#3283,#11576);
#11576 = DEFINITIONAL_REPRESENTATION('',(#11577),#11581);
#11577 = LINE('',#11578,#11579);
#11578 = CARTESIAN_POINT('',(0.,-0.31));
#11579 = VECTOR('',#11580,1.);
#11580 = DIRECTION('',(1.,0.));
#11581 = ( GEOMETRIC_REPRESENTATION_CONTEXT(2) 
PARAMETRIC_REPRESENTATION_CONTEXT() REPRESENTATION_CONTEXT('2D SPACE',''
  ) );
#11582 = PCURVE('',#10696,#11583);
#11583 = DEFINITIONAL_REPRESENTATION('',(#11584),#11588);
#11584 = LINE('',#11585,#11586);
#11585 = CARTESIAN_POINT('',(-1.403436355117,1.260783159547));
#11586 = VECTOR('',#11587,1.);
#11587 = DIRECTION('',(-0.891011477061,0.453980779048));
#11588 = ( GEOMETRIC_REPRESENTATION_CONTEXT(2) 
PARAMETRIC_REPRESENTATION_CONTEXT() REPRESENTATION_CONTEXT('2D SPACE',''
  ) );
#11589 = ORIENTED_EDGE('',*,*,#11590,.T.);
#11590 = EDGE_CURVE('',#11568,#3243,#11591,.T.);
#11591 = SURFACE_CURVE('',#11592,(#11596,#11603),.PCURVE_S1.);
#11592 = LINE('',#11593,#11594);
#11593 = CARTESIAN_POINT('',(-13.0433494702,6.140953702466,0.59));
#11594 = VECTOR('',#11595,1.);
#11595 = DIRECTION('',(0.,0.,1.));
#11596 = PCURVE('',#3283,#11597);
#11597 = DEFINITIONAL_REPRESENTATION('',(#11598),#11602);
#11598 = LINE('',#11599,#11600);
#11599 = CARTESIAN_POINT('',(0.69202050388,-0.31));
#11600 = VECTOR('',#11601,1.);
#11601 = DIRECTION('',(0.,1.));
#11602 = ( GEOMETRIC_REPRESENTATION_CONTEXT(2) 
PARAMETRIC_REPRESENTATION_CONTEXT() REPRESENTATION_CONTEXT('2D SPACE',''
  ) );
#11603 = PCURVE('',#3257,#11604);
#11604 = DEFINITIONAL_REPRESENTATION('',(#11605),#11609);
#11605 = LINE('',#11606,#11607);
#11606 = CARTESIAN_POINT('',(0.,-0.31));
#11607 = VECTOR('',#11608,1.);
#11608 = DIRECTION('',(0.,1.));
#11609 = ( GEOMETRIC_REPRESENTATION_CONTEXT(2) 
PARAMETRIC_REPRESENTATION_CONTEXT() REPRESENTATION_CONTEXT('2D SPACE',''
  ) );
#11610 = ORIENTED_EDGE('',*,*,#3268,.F.);
#11611 = ADVANCED_FACE('',(#11612),#3101,.F.);
#11612 = FACE_BOUND('',#11613,.F.);
#11613 = EDGE_LOOP('',(#11614,#11637,#11658,#11659));
#11614 = ORIENTED_EDGE('',*,*,#11615,.F.);
#11615 = EDGE_CURVE('',#11616,#3087,#11618,.T.);
#11616 = VERTEX_POINT('',#11617);
#11617 = CARTESIAN_POINT('',(-12.90720258915,4.666877577397,0.59));
#11618 = SURFACE_CURVE('',#11619,(#11623,#11630),.PCURVE_S1.);
#11619 = LINE('',#11620,#11621);
#11620 = CARTESIAN_POINT('',(-12.90720258915,4.666877577397,0.59));
#11621 = VECTOR('',#11622,1.);
#11622 = DIRECTION('',(0.,0.,1.));
#11623 = PCURVE('',#3101,#11624);
#11624 = DEFINITIONAL_REPRESENTATION('',(#11625),#11629);
#11625 = LINE('',#11626,#11627);
#11626 = CARTESIAN_POINT('',(0.,-0.31));
#11627 = VECTOR('',#11628,1.);
#11628 = DIRECTION('',(0.,1.));
#11629 = ( GEOMETRIC_REPRESENTATION_CONTEXT(2) 
PARAMETRIC_REPRESENTATION_CONTEXT() REPRESENTATION_CONTEXT('2D SPACE',''
  ) );
#11630 = PCURVE('',#3127,#11631);
#11631 = DEFINITIONAL_REPRESENTATION('',(#11632),#11636);
#11632 = LINE('',#11633,#11634);
#11633 = CARTESIAN_POINT('',(0.69202050388,-0.31));
#11634 = VECTOR('',#11635,1.);
#11635 = DIRECTION('',(0.,1.));
#11636 = ( GEOMETRIC_REPRESENTATION_CONTEXT(2) 
PARAMETRIC_REPRESENTATION_CONTEXT() REPRESENTATION_CONTEXT('2D SPACE',''
  ) );
#11637 = ORIENTED_EDGE('',*,*,#11638,.T.);
#11638 = EDGE_CURVE('',#11616,#11518,#11639,.T.);
#11639 = SURFACE_CURVE('',#11640,(#11644,#11651),.PCURVE_S1.);
#11640 = LINE('',#11641,#11642);
#11641 = CARTESIAN_POINT('',(-12.90720258915,4.666877577397,0.59));
#11642 = VECTOR('',#11643,1.);
#11643 = DIRECTION('',(0.951052594313,-0.309029064733,0.));
#11644 = PCURVE('',#3101,#11645);
#11645 = DEFINITIONAL_REPRESENTATION('',(#11646),#11650);
#11646 = LINE('',#11647,#11648);
#11647 = CARTESIAN_POINT('',(0.,-0.31));
#11648 = VECTOR('',#11649,1.);
#11649 = DIRECTION('',(1.,0.));
#11650 = ( GEOMETRIC_REPRESENTATION_CONTEXT(2) 
PARAMETRIC_REPRESENTATION_CONTEXT() REPRESENTATION_CONTEXT('2D SPACE',''
  ) );
#11651 = PCURVE('',#10696,#11652);
#11652 = DEFINITIONAL_REPRESENTATION('',(#11653),#11657);
#11653 = LINE('',#11654,#11655);
#11654 = CARTESIAN_POINT('',(-1.883887685388,0.100871041946));
#11655 = VECTOR('',#11656,1.);
#11656 = DIRECTION('',(0.951052594313,-0.309029064733));
#11657 = ( GEOMETRIC_REPRESENTATION_CONTEXT(2) 
PARAMETRIC_REPRESENTATION_CONTEXT() REPRESENTATION_CONTEXT('2D SPACE',''
  ) );
#11658 = ORIENTED_EDGE('',*,*,#11517,.T.);
#11659 = ORIENTED_EDGE('',*,*,#3086,.F.);
#11660 = ADVANCED_FACE('',(#11661),#3257,.F.);
#11661 = FACE_BOUND('',#11662,.F.);
#11662 = EDGE_LOOP('',(#11663,#11664,#11687,#11708));
#11663 = ORIENTED_EDGE('',*,*,#11590,.F.);
#11664 = ORIENTED_EDGE('',*,*,#11665,.T.);
#11665 = EDGE_CURVE('',#11568,#11666,#11668,.T.);
#11666 = VERTEX_POINT('',#11667);
#11667 = CARTESIAN_POINT('',(-13.65991836186,6.455103907632,0.59));
#11668 = SURFACE_CURVE('',#11669,(#11673,#11680),.PCURVE_S1.);
#11669 = LINE('',#11670,#11671);
#11670 = CARTESIAN_POINT('',(-13.0433494702,6.140953702466,0.59));
#11671 = VECTOR('',#11672,1.);
#11672 = DIRECTION('',(-0.891010812772,0.453982082822,0.));
#11673 = PCURVE('',#3257,#11674);
#11674 = DEFINITIONAL_REPRESENTATION('',(#11675),#11679);
#11675 = LINE('',#11676,#11677);
#11676 = CARTESIAN_POINT('',(0.,-0.31));
#11677 = VECTOR('',#11678,1.);
#11678 = DIRECTION('',(1.,0.));
#11679 = ( GEOMETRIC_REPRESENTATION_CONTEXT(2) 
PARAMETRIC_REPRESENTATION_CONTEXT() REPRESENTATION_CONTEXT('2D SPACE',''
  ) );
#11680 = PCURVE('',#10696,#11681);
#11681 = DEFINITIONAL_REPRESENTATION('',(#11682),#11686);
#11682 = LINE('',#11683,#11684);
#11683 = CARTESIAN_POINT('',(-2.020034566436,1.574947167015));
#11684 = VECTOR('',#11685,1.);
#11685 = DIRECTION('',(-0.891010812772,0.453982082822));
#11686 = ( GEOMETRIC_REPRESENTATION_CONTEXT(2) 
PARAMETRIC_REPRESENTATION_CONTEXT() REPRESENTATION_CONTEXT('2D SPACE',''
  ) );
#11687 = ORIENTED_EDGE('',*,*,#11688,.T.);
#11688 = EDGE_CURVE('',#11666,#3217,#11689,.T.);
#11689 = SURFACE_CURVE('',#11690,(#11694,#11701),.PCURVE_S1.);
#11690 = LINE('',#11691,#11692);
#11691 = CARTESIAN_POINT('',(-13.65991836186,6.455103907632,0.59));
#11692 = VECTOR('',#11693,1.);
#11693 = DIRECTION('',(0.,0.,1.));
#11694 = PCURVE('',#3257,#11695);
#11695 = DEFINITIONAL_REPRESENTATION('',(#11696),#11700);
#11696 = LINE('',#11697,#11698);
#11697 = CARTESIAN_POINT('',(0.691988113745,-0.31));
#11698 = VECTOR('',#11699,1.);
#11699 = DIRECTION('',(0.,1.));
#11700 = ( GEOMETRIC_REPRESENTATION_CONTEXT(2) 
PARAMETRIC_REPRESENTATION_CONTEXT() REPRESENTATION_CONTEXT('2D SPACE',''
  ) );
#11701 = PCURVE('',#3231,#11702);
#11702 = DEFINITIONAL_REPRESENTATION('',(#11703),#11707);
#11703 = LINE('',#11704,#11705);
#11704 = CARTESIAN_POINT('',(0.,-0.31));
#11705 = VECTOR('',#11706,1.);
#11706 = DIRECTION('',(0.,1.));
#11707 = ( GEOMETRIC_REPRESENTATION_CONTEXT(2) 
PARAMETRIC_REPRESENTATION_CONTEXT() REPRESENTATION_CONTEXT('2D SPACE',''
  ) );
#11708 = ORIENTED_EDGE('',*,*,#3242,.F.);
#11709 = ADVANCED_FACE('',(#11710),#3127,.F.);
#11710 = FACE_BOUND('',#11711,.F.);
#11711 = EDGE_LOOP('',(#11712,#11735,#11756,#11757));
#11712 = ORIENTED_EDGE('',*,*,#11713,.F.);
#11713 = EDGE_CURVE('',#11714,#3113,#11716,.T.);
#11714 = VERTEX_POINT('',#11715);
#11715 = CARTESIAN_POINT('',(-13.56535086573,4.880730853802,0.59));
#11716 = SURFACE_CURVE('',#11717,(#11721,#11728),.PCURVE_S1.);
#11717 = LINE('',#11718,#11719);
#11718 = CARTESIAN_POINT('',(-13.56535086573,4.880730853802,0.59));
#11719 = VECTOR('',#11720,1.);
#11720 = DIRECTION('',(0.,0.,1.));
#11721 = PCURVE('',#3127,#11722);
#11722 = DEFINITIONAL_REPRESENTATION('',(#11723),#11727);
#11723 = LINE('',#11724,#11725);
#11724 = CARTESIAN_POINT('',(0.,-0.31));
#11725 = VECTOR('',#11726,1.);
#11726 = DIRECTION('',(0.,1.));
#11727 = ( GEOMETRIC_REPRESENTATION_CONTEXT(2) 
PARAMETRIC_REPRESENTATION_CONTEXT() REPRESENTATION_CONTEXT('2D SPACE',''
  ) );
#11728 = PCURVE('',#3153,#11729);
#11729 = DEFINITIONAL_REPRESENTATION('',(#11730),#11734);
#11730 = LINE('',#11731,#11732);
#11731 = CARTESIAN_POINT('',(0.691988113745,-0.31));
#11732 = VECTOR('',#11733,1.);
#11733 = DIRECTION('',(0.,1.));
#11734 = ( GEOMETRIC_REPRESENTATION_CONTEXT(2) 
PARAMETRIC_REPRESENTATION_CONTEXT() REPRESENTATION_CONTEXT('2D SPACE',''
  ) );
#11735 = ORIENTED_EDGE('',*,*,#11736,.T.);
#11736 = EDGE_CURVE('',#11714,#11616,#11737,.T.);
#11737 = SURFACE_CURVE('',#11738,(#11742,#11749),.PCURVE_S1.);
#11738 = LINE('',#11739,#11740);
#11739 = CARTESIAN_POINT('',(-13.56535086573,4.880730853802,0.59));
#11740 = VECTOR('',#11741,1.);
#11741 = DIRECTION('',(0.951053144938,-0.309027370152,0.));
#11742 = PCURVE('',#3127,#11743);
#11743 = DEFINITIONAL_REPRESENTATION('',(#11744),#11748);
#11744 = LINE('',#11745,#11746);
#11745 = CARTESIAN_POINT('',(0.,-0.31));
#11746 = VECTOR('',#11747,1.);
#11747 = DIRECTION('',(1.,0.));
#11748 = ( GEOMETRIC_REPRESENTATION_CONTEXT(2) 
PARAMETRIC_REPRESENTATION_CONTEXT() REPRESENTATION_CONTEXT('2D SPACE',''
  ) );
#11749 = PCURVE('',#10696,#11750);
#11750 = DEFINITIONAL_REPRESENTATION('',(#11751),#11755);
#11751 = LINE('',#11752,#11753);
#11752 = CARTESIAN_POINT('',(-2.542035961965,0.314724318351));
#11753 = VECTOR('',#11754,1.);
#11754 = DIRECTION('',(0.951053144938,-0.309027370152));
#11755 = ( GEOMETRIC_REPRESENTATION_CONTEXT(2) 
PARAMETRIC_REPRESENTATION_CONTEXT() REPRESENTATION_CONTEXT('2D SPACE',''
  ) );
#11756 = ORIENTED_EDGE('',*,*,#11615,.T.);
#11757 = ORIENTED_EDGE('',*,*,#3112,.F.);
#11758 = ADVANCED_FACE('',(#11759),#3231,.F.);
#11759 = FACE_BOUND('',#11760,.F.);
#11760 = EDGE_LOOP('',(#11761,#11762,#11785,#11806));
#11761 = ORIENTED_EDGE('',*,*,#11688,.F.);
#11762 = ORIENTED_EDGE('',*,*,#11763,.T.);
#11763 = EDGE_CURVE('',#11666,#11764,#11766,.T.);
#11764 = VERTEX_POINT('',#11765);
#11765 = CARTESIAN_POINT('',(-14.27646180161,6.769242086596,0.59));
#11766 = SURFACE_CURVE('',#11767,(#11771,#11778),.PCURVE_S1.);
#11767 = LINE('',#11768,#11769);
#11768 = CARTESIAN_POINT('',(-13.65991836186,6.455103907632,0.59));
#11769 = VECTOR('',#11770,1.);
#11770 = DIRECTION('',(-0.891010262167,0.453983163468,0.));
#11771 = PCURVE('',#3231,#11772);
#11772 = DEFINITIONAL_REPRESENTATION('',(#11773),#11777);
#11773 = LINE('',#11774,#11775);
#11774 = CARTESIAN_POINT('',(0.,-0.31));
#11775 = VECTOR('',#11776,1.);
#11776 = DIRECTION('',(1.,0.));
#11777 = ( GEOMETRIC_REPRESENTATION_CONTEXT(2) 
PARAMETRIC_REPRESENTATION_CONTEXT() REPRESENTATION_CONTEXT('2D SPACE',''
  ) );
#11778 = PCURVE('',#10696,#11779);
#11779 = DEFINITIONAL_REPRESENTATION('',(#11780),#11784);
#11780 = LINE('',#11781,#11782);
#11781 = CARTESIAN_POINT('',(-2.636603458093,1.889097372181));
#11782 = VECTOR('',#11783,1.);
#11783 = DIRECTION('',(-0.891010262167,0.453983163468));
#11784 = ( GEOMETRIC_REPRESENTATION_CONTEXT(2) 
PARAMETRIC_REPRESENTATION_CONTEXT() REPRESENTATION_CONTEXT('2D SPACE',''
  ) );
#11785 = ORIENTED_EDGE('',*,*,#11786,.T.);
#11786 = EDGE_CURVE('',#11764,#3191,#11787,.T.);
#11787 = SURFACE_CURVE('',#11788,(#11792,#11799),.PCURVE_S1.);
#11788 = LINE('',#11789,#11790);
#11789 = CARTESIAN_POINT('',(-14.27646180161,6.769242086596,0.59));
#11790 = VECTOR('',#11791,1.);
#11791 = DIRECTION('',(0.,0.,1.));
#11792 = PCURVE('',#3231,#11793);
#11793 = DEFINITIONAL_REPRESENTATION('',(#11794),#11798);
#11794 = LINE('',#11795,#11796);
#11795 = CARTESIAN_POINT('',(0.691959976145,-0.31));
#11796 = VECTOR('',#11797,1.);
#11797 = DIRECTION('',(0.,1.));
#11798 = ( GEOMETRIC_REPRESENTATION_CONTEXT(2) 
PARAMETRIC_REPRESENTATION_CONTEXT() REPRESENTATION_CONTEXT('2D SPACE',''
  ) );
#11799 = PCURVE('',#3205,#11800);
#11800 = DEFINITIONAL_REPRESENTATION('',(#11801),#11805);
#11801 = LINE('',#11802,#11803);
#11802 = CARTESIAN_POINT('',(-0.,-0.31));
#11803 = VECTOR('',#11804,1.);
#11804 = DIRECTION('',(0.,1.));
#11805 = ( GEOMETRIC_REPRESENTATION_CONTEXT(2) 
PARAMETRIC_REPRESENTATION_CONTEXT() REPRESENTATION_CONTEXT('2D SPACE',''
  ) );
#11806 = ORIENTED_EDGE('',*,*,#3216,.F.);
#11807 = ADVANCED_FACE('',(#11808),#3153,.F.);
#11808 = FACE_BOUND('',#11809,.F.);
#11809 = EDGE_LOOP('',(#11810,#11833,#11854,#11855));
#11810 = ORIENTED_EDGE('',*,*,#11811,.F.);
#11811 = EDGE_CURVE('',#11812,#3139,#11814,.T.);
#11812 = VERTEX_POINT('',#11813);
#11813 = CARTESIAN_POINT('',(-14.22346865047,5.094573157778,0.59));
#11814 = SURFACE_CURVE('',#11815,(#11819,#11826),.PCURVE_S1.);
#11815 = LINE('',#11816,#11817);
#11816 = CARTESIAN_POINT('',(-14.22346865047,5.094573157778,0.59));
#11817 = VECTOR('',#11818,1.);
#11818 = DIRECTION('',(0.,0.,1.));
#11819 = PCURVE('',#3153,#11820);
#11820 = DEFINITIONAL_REPRESENTATION('',(#11821),#11825);
#11821 = LINE('',#11822,#11823);
#11822 = CARTESIAN_POINT('',(0.,-0.31));
#11823 = VECTOR('',#11824,1.);
#11824 = DIRECTION('',(0.,1.));
#11825 = ( GEOMETRIC_REPRESENTATION_CONTEXT(2) 
PARAMETRIC_REPRESENTATION_CONTEXT() REPRESENTATION_CONTEXT('2D SPACE',''
  ) );
#11826 = PCURVE('',#3179,#11827);
#11827 = DEFINITIONAL_REPRESENTATION('',(#11828),#11832);
#11828 = LINE('',#11829,#11830);
#11829 = CARTESIAN_POINT('',(0.691959976145,-0.31));
#11830 = VECTOR('',#11831,1.);
#11831 = DIRECTION('',(0.,1.));
#11832 = ( GEOMETRIC_REPRESENTATION_CONTEXT(2) 
PARAMETRIC_REPRESENTATION_CONTEXT() REPRESENTATION_CONTEXT('2D SPACE',''
  ) );
#11833 = ORIENTED_EDGE('',*,*,#11834,.T.);
#11834 = EDGE_CURVE('',#11812,#11714,#11835,.T.);
#11835 = SURFACE_CURVE('',#11836,(#11840,#11847),.PCURVE_S1.);
#11836 = LINE('',#11837,#11838);
#11837 = CARTESIAN_POINT('',(-14.22346865047,5.094573157778,0.59));
#11838 = VECTOR('',#11839,1.);
#11839 = DIRECTION('',(0.951053597122,-0.309025978521,0.));
#11840 = PCURVE('',#3153,#11841);
#11841 = DEFINITIONAL_REPRESENTATION('',(#11842),#11846);
#11842 = LINE('',#11843,#11844);
#11843 = CARTESIAN_POINT('',(0.,-0.31));
#11844 = VECTOR('',#11845,1.);
#11845 = DIRECTION('',(1.,0.));
#11846 = ( GEOMETRIC_REPRESENTATION_CONTEXT(2) 
PARAMETRIC_REPRESENTATION_CONTEXT() REPRESENTATION_CONTEXT('2D SPACE',''
  ) );
#11847 = PCURVE('',#10696,#11848);
#11848 = DEFINITIONAL_REPRESENTATION('',(#11849),#11853);
#11849 = LINE('',#11850,#11851);
#11850 = CARTESIAN_POINT('',(-3.200153746709,0.528566622327));
#11851 = VECTOR('',#11852,1.);
#11852 = DIRECTION('',(0.951053597122,-0.309025978521));
#11853 = ( GEOMETRIC_REPRESENTATION_CONTEXT(2) 
PARAMETRIC_REPRESENTATION_CONTEXT() REPRESENTATION_CONTEXT('2D SPACE',''
  ) );
#11854 = ORIENTED_EDGE('',*,*,#11713,.T.);
#11855 = ORIENTED_EDGE('',*,*,#3138,.F.);
#11856 = ADVANCED_FACE('',(#11857),#3205,.F.);
#11857 = FACE_BOUND('',#11858,.F.);
#11858 = EDGE_LOOP('',(#11859,#11860,#11883,#11904));
#11859 = ORIENTED_EDGE('',*,*,#11786,.F.);
#11860 = ORIENTED_EDGE('',*,*,#11861,.T.);
#11861 = EDGE_CURVE('',#11764,#11862,#11864,.T.);
#11862 = VERTEX_POINT('',#11863);
#11863 = CARTESIAN_POINT('',(-14.8815599342,5.308405968349,0.59));
#11864 = SURFACE_CURVE('',#11865,(#11869,#11876),.PCURVE_S1.);
#11865 = LINE('',#11866,#11867);
#11866 = CARTESIAN_POINT('',(-14.27646180161,6.769242086596,0.59));
#11867 = VECTOR('',#11868,1.);
#11868 = DIRECTION('',(-0.382683432365,-0.923879532511,0.));
#11869 = PCURVE('',#3205,#11870);
#11870 = DEFINITIONAL_REPRESENTATION('',(#11871),#11875);
#11871 = LINE('',#11872,#11873);
#11872 = CARTESIAN_POINT('',(-0.,-0.31));
#11873 = VECTOR('',#11874,1.);
#11874 = DIRECTION('',(1.,0.));
#11875 = ( GEOMETRIC_REPRESENTATION_CONTEXT(2) 
PARAMETRIC_REPRESENTATION_CONTEXT() REPRESENTATION_CONTEXT('2D SPACE',''
  ) );
#11876 = PCURVE('',#10696,#11877);
#11877 = DEFINITIONAL_REPRESENTATION('',(#11878),#11882);
#11878 = LINE('',#11879,#11880);
#11879 = CARTESIAN_POINT('',(-3.253146897847,2.203235551145));
#11880 = VECTOR('',#11881,1.);
#11881 = DIRECTION('',(-0.382683432365,-0.923879532511));
#11882 = ( GEOMETRIC_REPRESENTATION_CONTEXT(2) 
PARAMETRIC_REPRESENTATION_CONTEXT() REPRESENTATION_CONTEXT('2D SPACE',''
  ) );
#11883 = ORIENTED_EDGE('',*,*,#11884,.T.);
#11884 = EDGE_CURVE('',#11862,#3165,#11885,.T.);
#11885 = SURFACE_CURVE('',#11886,(#11890,#11897),.PCURVE_S1.);
#11886 = LINE('',#11887,#11888);
#11887 = CARTESIAN_POINT('',(-14.8815599342,5.308405968349,0.59));
#11888 = VECTOR('',#11889,1.);
#11889 = DIRECTION('',(0.,0.,1.));
#11890 = PCURVE('',#3205,#11891);
#11891 = DEFINITIONAL_REPRESENTATION('',(#11892),#11896);
#11892 = LINE('',#11893,#11894);
#11893 = CARTESIAN_POINT('',(1.581197620296,-0.31));
#11894 = VECTOR('',#11895,1.);
#11895 = DIRECTION('',(0.,1.));
#11896 = ( GEOMETRIC_REPRESENTATION_CONTEXT(2) 
PARAMETRIC_REPRESENTATION_CONTEXT() REPRESENTATION_CONTEXT('2D SPACE',''
  ) );
#11897 = PCURVE('',#3179,#11898);
#11898 = DEFINITIONAL_REPRESENTATION('',(#11899),#11903);
#11899 = LINE('',#11900,#11901);
#11900 = CARTESIAN_POINT('',(0.,-0.31));
#11901 = VECTOR('',#11902,1.);
#11902 = DIRECTION('',(0.,1.));
#11903 = ( GEOMETRIC_REPRESENTATION_CONTEXT(2) 
PARAMETRIC_REPRESENTATION_CONTEXT() REPRESENTATION_CONTEXT('2D SPACE',''
  ) );
#11904 = ORIENTED_EDGE('',*,*,#3190,.F.);
#11905 = ADVANCED_FACE('',(#11906),#3179,.F.);
#11906 = FACE_BOUND('',#11907,.F.);
#11907 = EDGE_LOOP('',(#11908,#11909,#11930,#11931));
#11908 = ORIENTED_EDGE('',*,*,#11884,.F.);
#11909 = ORIENTED_EDGE('',*,*,#11910,.T.);
#11910 = EDGE_CURVE('',#11862,#11812,#11911,.T.);
#11911 = SURFACE_CURVE('',#11912,(#11916,#11923),.PCURVE_S1.);
#11912 = LINE('',#11913,#11914);
#11913 = CARTESIAN_POINT('',(-14.8815599342,5.308405968349,0.59));
#11914 = VECTOR('',#11915,1.);
#11915 = DIRECTION('',(0.951053971918,-0.309024825052,0.));
#11916 = PCURVE('',#3179,#11917);
#11917 = DEFINITIONAL_REPRESENTATION('',(#11918),#11922);
#11918 = LINE('',#11919,#11920);
#11919 = CARTESIAN_POINT('',(0.,-0.31));
#11920 = VECTOR('',#11921,1.);
#11921 = DIRECTION('',(1.,0.));
#11922 = ( GEOMETRIC_REPRESENTATION_CONTEXT(2) 
PARAMETRIC_REPRESENTATION_CONTEXT() REPRESENTATION_CONTEXT('2D SPACE',''
  ) );
#11923 = PCURVE('',#10696,#11924);
#11924 = DEFINITIONAL_REPRESENTATION('',(#11925),#11929);
#11925 = LINE('',#11926,#11927);
#11926 = CARTESIAN_POINT('',(-3.85824503043,0.742399432898));
#11927 = VECTOR('',#11928,1.);
#11928 = DIRECTION('',(0.951053971918,-0.309024825052));
#11929 = ( GEOMETRIC_REPRESENTATION_CONTEXT(2) 
PARAMETRIC_REPRESENTATION_CONTEXT() REPRESENTATION_CONTEXT('2D SPACE',''
  ) );
#11930 = ORIENTED_EDGE('',*,*,#11811,.T.);
#11931 = ORIENTED_EDGE('',*,*,#3164,.F.);
#11932 = ADVANCED_FACE('',(#11933),#3519,.F.);
#11933 = FACE_BOUND('',#11934,.F.);
#11934 = EDGE_LOOP('',(#11935,#11958,#11986,#12007));
#11935 = ORIENTED_EDGE('',*,*,#11936,.T.);
#11936 = EDGE_CURVE('',#3503,#11937,#11939,.T.);
#11937 = VERTEX_POINT('',#11938);
#11938 = CARTESIAN_POINT('',(-2.741175673048,6.981114232663,0.59));
#11939 = SURFACE_CURVE('',#11940,(#11944,#11951),.PCURVE_S1.);
#11940 = LINE('',#11941,#11942);
#11941 = CARTESIAN_POINT('',(-2.741175673048,6.981114232663,1.21));
#11942 = VECTOR('',#11943,1.);
#11943 = DIRECTION('',(0.,0.,-1.));
#11944 = PCURVE('',#3519,#11945);
#11945 = DEFINITIONAL_REPRESENTATION('',(#11946),#11950);
#11946 = LINE('',#11947,#11948);
#11947 = CARTESIAN_POINT('',(0.,0.31));
#11948 = VECTOR('',#11949,1.);
#11949 = DIRECTION('',(0.,-1.));
#11950 = ( GEOMETRIC_REPRESENTATION_CONTEXT(2) 
PARAMETRIC_REPRESENTATION_CONTEXT() REPRESENTATION_CONTEXT('2D SPACE',''
  ) );
#11951 = PCURVE('',#3545,#11952);
#11952 = DEFINITIONAL_REPRESENTATION('',(#11953),#11957);
#11953 = LINE('',#11954,#11955);
#11954 = CARTESIAN_POINT('',(0.278081313884,0.31));
#11955 = VECTOR('',#11956,1.);
#11956 = DIRECTION('',(0.,-1.));
#11957 = ( GEOMETRIC_REPRESENTATION_CONTEXT(2) 
PARAMETRIC_REPRESENTATION_CONTEXT() REPRESENTATION_CONTEXT('2D SPACE',''
  ) );
#11958 = ORIENTED_EDGE('',*,*,#11959,.T.);
#11959 = EDGE_CURVE('',#11937,#11960,#11962,.T.);
#11960 = VERTEX_POINT('',#11961);
#11961 = CARTESIAN_POINT('',(-2.955305897274,7.639998025609,0.59));
#11962 = SURFACE_CURVE('',#11963,(#11967,#11974),.PCURVE_S1.);
#11963 = LINE('',#11964,#11965);
#11964 = CARTESIAN_POINT('',(-2.741175673048,6.981114232663,0.59));
#11965 = VECTOR('',#11966,1.);
#11966 = DIRECTION('',(-0.30907692267,0.951037042324,0.));
#11967 = PCURVE('',#3519,#11968);
#11968 = DEFINITIONAL_REPRESENTATION('',(#11969),#11973);
#11969 = LINE('',#11970,#11971);
#11970 = CARTESIAN_POINT('',(0.,-0.31));
#11971 = VECTOR('',#11972,1.);
#11972 = DIRECTION('',(1.,0.));
#11973 = ( GEOMETRIC_REPRESENTATION_CONTEXT(2) 
PARAMETRIC_REPRESENTATION_CONTEXT() REPRESENTATION_CONTEXT('2D SPACE',''
  ) );
#11974 = PCURVE('',#11975,#11980);
#11975 = PLANE('',#11976);
#11976 = AXIS2_PLACEMENT_3D('',#11977,#11978,#11979);
#11977 = CARTESIAN_POINT('',(-4.566006535451,11.02331490377,0.59));
#11978 = DIRECTION('',(0.,0.,1.));
#11979 = DIRECTION('',(1.,0.,0.));
#11980 = DEFINITIONAL_REPRESENTATION('',(#11981),#11985);
#11981 = LINE('',#11982,#11983);
#11982 = CARTESIAN_POINT('',(1.824830862404,-4.042200671107));
#11983 = VECTOR('',#11984,1.);
#11984 = DIRECTION('',(-0.30907692267,0.951037042324));
#11985 = ( GEOMETRIC_REPRESENTATION_CONTEXT(2) 
PARAMETRIC_REPRESENTATION_CONTEXT() REPRESENTATION_CONTEXT('2D SPACE',''
  ) );
#11986 = ORIENTED_EDGE('',*,*,#11987,.T.);
#11987 = EDGE_CURVE('',#11960,#3505,#11988,.T.);
#11988 = SURFACE_CURVE('',#11989,(#11993,#12000),.PCURVE_S1.);
#11989 = LINE('',#11990,#11991);
#11990 = CARTESIAN_POINT('',(-2.955305897274,7.639998025609,0.59));
#11991 = VECTOR('',#11992,1.);
#11992 = DIRECTION('',(0.,0.,1.));
#11993 = PCURVE('',#3519,#11994);
#11994 = DEFINITIONAL_REPRESENTATION('',(#11995),#11999);
#11995 = LINE('',#11996,#11997);
#11996 = CARTESIAN_POINT('',(0.692805604433,-0.31));
#11997 = VECTOR('',#11998,1.);
#11998 = DIRECTION('',(0.,1.));
#11999 = ( GEOMETRIC_REPRESENTATION_CONTEXT(2) 
PARAMETRIC_REPRESENTATION_CONTEXT() REPRESENTATION_CONTEXT('2D SPACE',''
  ) );
#12000 = PCURVE('',#4167,#12001);
#12001 = DEFINITIONAL_REPRESENTATION('',(#12002),#12006);
#12002 = LINE('',#12003,#12004);
#12003 = CARTESIAN_POINT('',(0.,-0.31));
#12004 = VECTOR('',#12005,1.);
#12005 = DIRECTION('',(0.,1.));
#12006 = ( GEOMETRIC_REPRESENTATION_CONTEXT(2) 
PARAMETRIC_REPRESENTATION_CONTEXT() REPRESENTATION_CONTEXT('2D SPACE',''
  ) );
#12007 = ORIENTED_EDGE('',*,*,#3502,.F.);
#12008 = ADVANCED_FACE('',(#12009),#3545,.F.);
#12009 = FACE_BOUND('',#12010,.F.);
#12010 = EDGE_LOOP('',(#12011,#12034,#12055,#12056));
#12011 = ORIENTED_EDGE('',*,*,#12012,.T.);
#12012 = EDGE_CURVE('',#3531,#12013,#12015,.T.);
#12013 = VERTEX_POINT('',#12014);
#12014 = CARTESIAN_POINT('',(-2.998089307319,6.87469712099,0.59));
#12015 = SURFACE_CURVE('',#12016,(#12020,#12027),.PCURVE_S1.);
#12016 = LINE('',#12017,#12018);
#12017 = CARTESIAN_POINT('',(-2.998089307319,6.87469712099,1.21));
#12018 = VECTOR('',#12019,1.);
#12019 = DIRECTION('',(0.,0.,-1.));
#12020 = PCURVE('',#3545,#12021);
#12021 = DEFINITIONAL_REPRESENTATION('',(#12022),#12026);
#12022 = LINE('',#12023,#12024);
#12023 = CARTESIAN_POINT('',(0.,0.31));
#12024 = VECTOR('',#12025,1.);
#12025 = DIRECTION('',(0.,-1.));
#12026 = ( GEOMETRIC_REPRESENTATION_CONTEXT(2) 
PARAMETRIC_REPRESENTATION_CONTEXT() REPRESENTATION_CONTEXT('2D SPACE',''
  ) );
#12027 = PCURVE('',#3571,#12028);
#12028 = DEFINITIONAL_REPRESENTATION('',(#12029),#12033);
#12029 = LINE('',#12030,#12031);
#12030 = CARTESIAN_POINT('',(0.692805604433,0.31));
#12031 = VECTOR('',#12032,1.);
#12032 = DIRECTION('',(0.,-1.));
#12033 = ( GEOMETRIC_REPRESENTATION_CONTEXT(2) 
PARAMETRIC_REPRESENTATION_CONTEXT() REPRESENTATION_CONTEXT('2D SPACE',''
  ) );
#12034 = ORIENTED_EDGE('',*,*,#12035,.T.);
#12035 = EDGE_CURVE('',#12013,#11937,#12036,.T.);
#12036 = SURFACE_CURVE('',#12037,(#12041,#12048),.PCURVE_S1.);
#12037 = LINE('',#12038,#12039);
#12038 = CARTESIAN_POINT('',(-2.998089307319,6.87469712099,0.59));
#12039 = VECTOR('',#12040,1.);
#12040 = DIRECTION('',(0.923879532511,0.382683432365,0.));
#12041 = PCURVE('',#3545,#12042);
#12042 = DEFINITIONAL_REPRESENTATION('',(#12043),#12047);
#12043 = LINE('',#12044,#12045);
#12044 = CARTESIAN_POINT('',(0.,-0.31));
#12045 = VECTOR('',#12046,1.);
#12046 = DIRECTION('',(1.,0.));
#12047 = ( GEOMETRIC_REPRESENTATION_CONTEXT(2) 
PARAMETRIC_REPRESENTATION_CONTEXT() REPRESENTATION_CONTEXT('2D SPACE',''
  ) );
#12048 = PCURVE('',#11975,#12049);
#12049 = DEFINITIONAL_REPRESENTATION('',(#12050),#12054);
#12050 = LINE('',#12051,#12052);
#12051 = CARTESIAN_POINT('',(1.567917228133,-4.148617782781));
#12052 = VECTOR('',#12053,1.);
#12053 = DIRECTION('',(0.923879532511,0.382683432365));
#12054 = ( GEOMETRIC_REPRESENTATION_CONTEXT(2) 
PARAMETRIC_REPRESENTATION_CONTEXT() REPRESENTATION_CONTEXT('2D SPACE',''
  ) );
#12055 = ORIENTED_EDGE('',*,*,#11936,.F.);
#12056 = ORIENTED_EDGE('',*,*,#3530,.F.);
#12057 = ADVANCED_FACE('',(#12058),#4167,.F.);
#12058 = FACE_BOUND('',#12059,.F.);
#12059 = EDGE_LOOP('',(#12060,#12061,#12084,#12105));
#12060 = ORIENTED_EDGE('',*,*,#11987,.F.);
#12061 = ORIENTED_EDGE('',*,*,#12062,.T.);
#12062 = EDGE_CURVE('',#11960,#12063,#12065,.T.);
#12063 = VERTEX_POINT('',#12064);
#12064 = CARTESIAN_POINT('',(-3.169372039844,8.298716285316,0.59));
#12065 = SURFACE_CURVE('',#12066,(#12070,#12077),.PCURVE_S1.);
#12066 = LINE('',#12067,#12068);
#12067 = CARTESIAN_POINT('',(-2.955305897274,7.639998025609,0.59));
#12068 = VECTOR('',#12069,1.);
#12069 = DIRECTION('',(-0.309063491782,0.951041407115,0.));
#12070 = PCURVE('',#4167,#12071);
#12071 = DEFINITIONAL_REPRESENTATION('',(#12072),#12076);
#12072 = LINE('',#12073,#12074);
#12073 = CARTESIAN_POINT('',(0.,-0.31));
#12074 = VECTOR('',#12075,1.);
#12075 = DIRECTION('',(1.,0.));
#12076 = ( GEOMETRIC_REPRESENTATION_CONTEXT(2) 
PARAMETRIC_REPRESENTATION_CONTEXT() REPRESENTATION_CONTEXT('2D SPACE',''
  ) );
#12077 = PCURVE('',#11975,#12078);
#12078 = DEFINITIONAL_REPRESENTATION('',(#12079),#12083);
#12079 = LINE('',#12080,#12081);
#12080 = CARTESIAN_POINT('',(1.610700638177,-3.383316878161));
#12081 = VECTOR('',#12082,1.);
#12082 = DIRECTION('',(-0.309063491782,0.951041407115));
#12083 = ( GEOMETRIC_REPRESENTATION_CONTEXT(2) 
PARAMETRIC_REPRESENTATION_CONTEXT() REPRESENTATION_CONTEXT('2D SPACE',''
  ) );
#12084 = ORIENTED_EDGE('',*,*,#12085,.T.);
#12085 = EDGE_CURVE('',#12063,#4129,#12086,.T.);
#12086 = SURFACE_CURVE('',#12087,(#12091,#12098),.PCURVE_S1.);
#12087 = LINE('',#12088,#12089);
#12088 = CARTESIAN_POINT('',(-3.169372039844,8.298716285316,0.59));
#12089 = VECTOR('',#12090,1.);
#12090 = DIRECTION('',(0.,0.,1.));
#12091 = PCURVE('',#4167,#12092);
#12092 = DEFINITIONAL_REPRESENTATION('',(#12093),#12097);
#12093 = LINE('',#12094,#12095);
#12094 = CARTESIAN_POINT('',(0.692628370099,-0.31));
#12095 = VECTOR('',#12096,1.);
#12096 = DIRECTION('',(0.,1.));
#12097 = ( GEOMETRIC_REPRESENTATION_CONTEXT(2) 
PARAMETRIC_REPRESENTATION_CONTEXT() REPRESENTATION_CONTEXT('2D SPACE',''
  ) );
#12098 = PCURVE('',#4143,#12099);
#12099 = DEFINITIONAL_REPRESENTATION('',(#12100),#12104);
#12100 = LINE('',#12101,#12102);
#12101 = CARTESIAN_POINT('',(0.,-0.31));
#12102 = VECTOR('',#12103,1.);
#12103 = DIRECTION('',(0.,1.));
#12104 = ( GEOMETRIC_REPRESENTATION_CONTEXT(2) 
PARAMETRIC_REPRESENTATION_CONTEXT() REPRESENTATION_CONTEXT('2D SPACE',''
  ) );
#12105 = ORIENTED_EDGE('',*,*,#4154,.F.);
#12106 = ADVANCED_FACE('',(#12107),#3571,.F.);
#12107 = FACE_BOUND('',#12108,.F.);
#12108 = EDGE_LOOP('',(#12109,#12132,#12153,#12154));
#12109 = ORIENTED_EDGE('',*,*,#12110,.T.);
#12110 = EDGE_CURVE('',#3557,#12111,#12113,.T.);
#12111 = VERTEX_POINT('',#12112);
#12112 = CARTESIAN_POINT('',(-3.312577571717,7.492011252603,0.59));
#12113 = SURFACE_CURVE('',#12114,(#12118,#12125),.PCURVE_S1.);
#12114 = LINE('',#12115,#12116);
#12115 = CARTESIAN_POINT('',(-3.312577571717,7.492011252603,1.21));
#12116 = VECTOR('',#12117,1.);
#12117 = DIRECTION('',(0.,0.,-1.));
#12118 = PCURVE('',#3571,#12119);
#12119 = DEFINITIONAL_REPRESENTATION('',(#12120),#12124);
#12120 = LINE('',#12121,#12122);
#12121 = CARTESIAN_POINT('',(0.,0.31));
#12122 = VECTOR('',#12123,1.);
#12123 = DIRECTION('',(0.,-1.));
#12124 = ( GEOMETRIC_REPRESENTATION_CONTEXT(2) 
PARAMETRIC_REPRESENTATION_CONTEXT() REPRESENTATION_CONTEXT('2D SPACE',''
  ) );
#12125 = PCURVE('',#3597,#12126);
#12126 = DEFINITIONAL_REPRESENTATION('',(#12127),#12131);
#12127 = LINE('',#12128,#12129);
#12128 = CARTESIAN_POINT('',(0.692628370099,0.31));
#12129 = VECTOR('',#12130,1.);
#12130 = DIRECTION('',(0.,-1.));
#12131 = ( GEOMETRIC_REPRESENTATION_CONTEXT(2) 
PARAMETRIC_REPRESENTATION_CONTEXT() REPRESENTATION_CONTEXT('2D SPACE',''
  ) );
#12132 = ORIENTED_EDGE('',*,*,#12133,.T.);
#12133 = EDGE_CURVE('',#12111,#12013,#12134,.T.);
#12134 = SURFACE_CURVE('',#12135,(#12139,#12146),.PCURVE_S1.);
#12135 = LINE('',#12136,#12137);
#12136 = CARTESIAN_POINT('',(-3.312577571717,7.492011252603,0.59));
#12137 = VECTOR('',#12138,1.);
#12138 = DIRECTION('',(0.453934353859,-0.891035129715,0.));
#12139 = PCURVE('',#3571,#12140);
#12140 = DEFINITIONAL_REPRESENTATION('',(#12141),#12145);
#12141 = LINE('',#12142,#12143);
#12142 = CARTESIAN_POINT('',(0.,-0.31));
#12143 = VECTOR('',#12144,1.);
#12144 = DIRECTION('',(1.,0.));
#12145 = ( GEOMETRIC_REPRESENTATION_CONTEXT(2) 
PARAMETRIC_REPRESENTATION_CONTEXT() REPRESENTATION_CONTEXT('2D SPACE',''
  ) );
#12146 = PCURVE('',#11975,#12147);
#12147 = DEFINITIONAL_REPRESENTATION('',(#12148),#12152);
#12148 = LINE('',#12149,#12150);
#12149 = CARTESIAN_POINT('',(1.253428963734,-3.531303651167));
#12150 = VECTOR('',#12151,1.);
#12151 = DIRECTION('',(0.453934353859,-0.891035129715));
#12152 = ( GEOMETRIC_REPRESENTATION_CONTEXT(2) 
PARAMETRIC_REPRESENTATION_CONTEXT() REPRESENTATION_CONTEXT('2D SPACE',''
  ) );
#12153 = ORIENTED_EDGE('',*,*,#12012,.F.);
#12154 = ORIENTED_EDGE('',*,*,#3556,.F.);
#12155 = ADVANCED_FACE('',(#12156),#4143,.F.);
#12156 = FACE_BOUND('',#12157,.F.);
#12157 = EDGE_LOOP('',(#12158,#12159,#12182,#12203));
#12158 = ORIENTED_EDGE('',*,*,#12085,.F.);
#12159 = ORIENTED_EDGE('',*,*,#12160,.T.);
#12160 = EDGE_CURVE('',#12063,#12161,#12163,.T.);
#12161 = VERTEX_POINT('',#12162);
#12162 = CARTESIAN_POINT('',(-3.383388550324,8.957304668121,0.59));
#12163 = SURFACE_CURVE('',#12164,(#12168,#12175),.PCURVE_S1.);
#12164 = LINE('',#12165,#12166);
#12165 = CARTESIAN_POINT('',(-3.169372039844,8.298716285316,0.59));
#12166 = VECTOR('',#12167,1.);
#12167 = DIRECTION('',(-0.309053793106,0.951044558875,0.));
#12168 = PCURVE('',#4143,#12169);
#12169 = DEFINITIONAL_REPRESENTATION('',(#12170),#12174);
#12170 = LINE('',#12171,#12172);
#12171 = CARTESIAN_POINT('',(0.,-0.31));
#12172 = VECTOR('',#12173,1.);
#12173 = DIRECTION('',(1.,0.));
#12174 = ( GEOMETRIC_REPRESENTATION_CONTEXT(2) 
PARAMETRIC_REPRESENTATION_CONTEXT() REPRESENTATION_CONTEXT('2D SPACE',''
  ) );
#12175 = PCURVE('',#11975,#12176);
#12176 = DEFINITIONAL_REPRESENTATION('',(#12177),#12181);
#12177 = LINE('',#12178,#12179);
#12178 = CARTESIAN_POINT('',(1.396634495607,-2.724598618454));
#12179 = VECTOR('',#12180,1.);
#12180 = DIRECTION('',(-0.309053793106,0.951044558875));
#12181 = ( GEOMETRIC_REPRESENTATION_CONTEXT(2) 
PARAMETRIC_REPRESENTATION_CONTEXT() REPRESENTATION_CONTEXT('2D SPACE',''
  ) );
#12182 = ORIENTED_EDGE('',*,*,#12183,.T.);
#12183 = EDGE_CURVE('',#12161,#4103,#12184,.T.);
#12184 = SURFACE_CURVE('',#12185,(#12189,#12196),.PCURVE_S1.);
#12185 = LINE('',#12186,#12187);
#12186 = CARTESIAN_POINT('',(-3.383388550324,8.957304668121,0.59));
#12187 = VECTOR('',#12188,1.);
#12188 = DIRECTION('',(0.,0.,1.));
#12189 = PCURVE('',#4143,#12190);
#12190 = DEFINITIONAL_REPRESENTATION('',(#12191),#12195);
#12191 = LINE('',#12192,#12193);
#12192 = CARTESIAN_POINT('',(0.692489512356,-0.31));
#12193 = VECTOR('',#12194,1.);
#12194 = DIRECTION('',(0.,1.));
#12195 = ( GEOMETRIC_REPRESENTATION_CONTEXT(2) 
PARAMETRIC_REPRESENTATION_CONTEXT() REPRESENTATION_CONTEXT('2D SPACE',''
  ) );
#12196 = PCURVE('',#4117,#12197);
#12197 = DEFINITIONAL_REPRESENTATION('',(#12198),#12202);
#12198 = LINE('',#12199,#12200);
#12199 = CARTESIAN_POINT('',(0.,-0.31));
#12200 = VECTOR('',#12201,1.);
#12201 = DIRECTION('',(0.,1.));
#12202 = ( GEOMETRIC_REPRESENTATION_CONTEXT(2) 
PARAMETRIC_REPRESENTATION_CONTEXT() REPRESENTATION_CONTEXT('2D SPACE',''
  ) );
#12203 = ORIENTED_EDGE('',*,*,#4128,.F.);
#12204 = ADVANCED_FACE('',(#12205),#3597,.F.);
#12205 = FACE_BOUND('',#12206,.F.);
#12206 = EDGE_LOOP('',(#12207,#12230,#12251,#12252));
#12207 = ORIENTED_EDGE('',*,*,#12208,.F.);
#12208 = EDGE_CURVE('',#12209,#3583,#12211,.T.);
#12209 = VERTEX_POINT('',#12210);
#12210 = CARTESIAN_POINT('',(-3.626994099013,8.109163021967,0.59));
#12211 = SURFACE_CURVE('',#12212,(#12216,#12223),.PCURVE_S1.);
#12212 = LINE('',#12213,#12214);
#12213 = CARTESIAN_POINT('',(-3.626994099013,8.109163021967,0.59));
#12214 = VECTOR('',#12215,1.);
#12215 = DIRECTION('',(0.,0.,1.));
#12216 = PCURVE('',#3597,#12217);
#12217 = DEFINITIONAL_REPRESENTATION('',(#12218),#12222);
#12218 = LINE('',#12219,#12220);
#12219 = CARTESIAN_POINT('',(0.,-0.31));
#12220 = VECTOR('',#12221,1.);
#12221 = DIRECTION('',(0.,1.));
#12222 = ( GEOMETRIC_REPRESENTATION_CONTEXT(2) 
PARAMETRIC_REPRESENTATION_CONTEXT() REPRESENTATION_CONTEXT('2D SPACE',''
  ) );
#12223 = PCURVE('',#3623,#12224);
#12224 = DEFINITIONAL_REPRESENTATION('',(#12225),#12229);
#12225 = LINE('',#12226,#12227);
#12226 = CARTESIAN_POINT('',(0.692489512356,-0.31));
#12227 = VECTOR('',#12228,1.);
#12228 = DIRECTION('',(0.,1.));
#12229 = ( GEOMETRIC_REPRESENTATION_CONTEXT(2) 
PARAMETRIC_REPRESENTATION_CONTEXT() REPRESENTATION_CONTEXT('2D SPACE',''
  ) );
#12230 = ORIENTED_EDGE('',*,*,#12231,.T.);
#12231 = EDGE_CURVE('',#12209,#12111,#12232,.T.);
#12232 = SURFACE_CURVE('',#12233,(#12237,#12244),.PCURVE_S1.);
#12233 = LINE('',#12234,#12235);
#12234 = CARTESIAN_POINT('',(-3.626994099013,8.109163021967,0.59));
#12235 = VECTOR('',#12236,1.);
#12236 = DIRECTION('',(0.453946937304,-0.891028719016,0.));
#12237 = PCURVE('',#3597,#12238);
#12238 = DEFINITIONAL_REPRESENTATION('',(#12239),#12243);
#12239 = LINE('',#12240,#12241);
#12240 = CARTESIAN_POINT('',(0.,-0.31));
#12241 = VECTOR('',#12242,1.);
#12242 = DIRECTION('',(1.,0.));
#12243 = ( GEOMETRIC_REPRESENTATION_CONTEXT(2) 
PARAMETRIC_REPRESENTATION_CONTEXT() REPRESENTATION_CONTEXT('2D SPACE',''
  ) );
#12244 = PCURVE('',#11975,#12245);
#12245 = DEFINITIONAL_REPRESENTATION('',(#12246),#12250);
#12246 = LINE('',#12247,#12248);
#12247 = CARTESIAN_POINT('',(0.939012436438,-2.914151881804));
#12248 = VECTOR('',#12249,1.);
#12249 = DIRECTION('',(0.453946937304,-0.891028719016));
#12250 = ( GEOMETRIC_REPRESENTATION_CONTEXT(2) 
PARAMETRIC_REPRESENTATION_CONTEXT() REPRESENTATION_CONTEXT('2D SPACE',''
  ) );
#12251 = ORIENTED_EDGE('',*,*,#12110,.F.);
#12252 = ORIENTED_EDGE('',*,*,#3582,.F.);
#12253 = ADVANCED_FACE('',(#12254),#4117,.F.);
#12254 = FACE_BOUND('',#12255,.F.);
#12255 = EDGE_LOOP('',(#12256,#12257,#12280,#12301));
#12256 = ORIENTED_EDGE('',*,*,#12183,.F.);
#12257 = ORIENTED_EDGE('',*,*,#12258,.T.);
#12258 = EDGE_CURVE('',#12161,#12259,#12261,.T.);
#12259 = VERTEX_POINT('',#12260);
#12260 = CARTESIAN_POINT('',(-3.597365843647,9.61578927761,0.59));
#12261 = SURFACE_CURVE('',#12262,(#12266,#12273),.PCURVE_S1.);
#12262 = LINE('',#12263,#12264);
#12263 = CARTESIAN_POINT('',(-3.383388550324,8.957304668121,0.59));
#12264 = VECTOR('',#12265,1.);
#12265 = DIRECTION('',(-0.30904661509,0.951046891431,0.));
#12266 = PCURVE('',#4117,#12267);
#12267 = DEFINITIONAL_REPRESENTATION('',(#12268),#12272);
#12268 = LINE('',#12269,#12270);
#12269 = CARTESIAN_POINT('',(0.,-0.31));
#12270 = VECTOR('',#12271,1.);
#12271 = DIRECTION('',(1.,0.));
#12272 = ( GEOMETRIC_REPRESENTATION_CONTEXT(2) 
PARAMETRIC_REPRESENTATION_CONTEXT() REPRESENTATION_CONTEXT('2D SPACE',''
  ) );
#12273 = PCURVE('',#11975,#12274);
#12274 = DEFINITIONAL_REPRESENTATION('',(#12275),#12279);
#12275 = LINE('',#12276,#12277);
#12276 = CARTESIAN_POINT('',(1.182617985127,-2.06601023565));
#12277 = VECTOR('',#12278,1.);
#12278 = DIRECTION('',(-0.30904661509,0.951046891431));
#12279 = ( GEOMETRIC_REPRESENTATION_CONTEXT(2) 
PARAMETRIC_REPRESENTATION_CONTEXT() REPRESENTATION_CONTEXT('2D SPACE',''
  ) );
#12280 = ORIENTED_EDGE('',*,*,#12281,.T.);
#12281 = EDGE_CURVE('',#12259,#4077,#12282,.T.);
#12282 = SURFACE_CURVE('',#12283,(#12287,#12294),.PCURVE_S1.);
#12283 = LINE('',#12284,#12285);
#12284 = CARTESIAN_POINT('',(-3.597365843647,9.61578927761,0.59));
#12285 = VECTOR('',#12286,1.);
#12286 = DIRECTION('',(0.,0.,1.));
#12287 = PCURVE('',#4117,#12288);
#12288 = DEFINITIONAL_REPRESENTATION('',(#12289),#12293);
#12289 = LINE('',#12290,#12291);
#12290 = CARTESIAN_POINT('',(0.692378699118,-0.31));
#12291 = VECTOR('',#12292,1.);
#12292 = DIRECTION('',(0.,1.));
#12293 = ( GEOMETRIC_REPRESENTATION_CONTEXT(2) 
PARAMETRIC_REPRESENTATION_CONTEXT() REPRESENTATION_CONTEXT('2D SPACE',''
  ) );
#12294 = PCURVE('',#4091,#12295);
#12295 = DEFINITIONAL_REPRESENTATION('',(#12296),#12300);
#12296 = LINE('',#12297,#12298);
#12297 = CARTESIAN_POINT('',(0.,-0.31));
#12298 = VECTOR('',#12299,1.);
#12299 = DIRECTION('',(0.,1.));
#12300 = ( GEOMETRIC_REPRESENTATION_CONTEXT(2) 
PARAMETRIC_REPRESENTATION_CONTEXT() REPRESENTATION_CONTEXT('2D SPACE',''
  ) );
#12301 = ORIENTED_EDGE('',*,*,#4102,.F.);
#12302 = ADVANCED_FACE('',(#12303),#3623,.F.);
#12303 = FACE_BOUND('',#12304,.F.);
#12304 = EDGE_LOOP('',(#12305,#12328,#12349,#12350));
#12305 = ORIENTED_EDGE('',*,*,#12306,.F.);
#12306 = EDGE_CURVE('',#12307,#3609,#12309,.T.);
#12307 = VERTEX_POINT('',#12308);
#12308 = CARTESIAN_POINT('',(-3.941353884659,8.726187859305,0.59));
#12309 = SURFACE_CURVE('',#12310,(#12314,#12321),.PCURVE_S1.);
#12310 = LINE('',#12311,#12312);
#12311 = CARTESIAN_POINT('',(-3.941353884659,8.726187859305,0.59));
#12312 = VECTOR('',#12313,1.);
#12313 = DIRECTION('',(0.,0.,1.));
#12314 = PCURVE('',#3623,#12315);
#12315 = DEFINITIONAL_REPRESENTATION('',(#12316),#12320);
#12316 = LINE('',#12317,#12318);
#12317 = CARTESIAN_POINT('',(0.,-0.31));
#12318 = VECTOR('',#12319,1.);
#12319 = DIRECTION('',(0.,1.));
#12320 = ( GEOMETRIC_REPRESENTATION_CONTEXT(2) 
PARAMETRIC_REPRESENTATION_CONTEXT() REPRESENTATION_CONTEXT('2D SPACE',''
  ) );
#12321 = PCURVE('',#3649,#12322);
#12322 = DEFINITIONAL_REPRESENTATION('',(#12323),#12327);
#12323 = LINE('',#12324,#12325);
#12324 = CARTESIAN_POINT('',(0.692378699118,-0.31));
#12325 = VECTOR('',#12326,1.);
#12326 = DIRECTION('',(0.,1.));
#12327 = ( GEOMETRIC_REPRESENTATION_CONTEXT(2) 
PARAMETRIC_REPRESENTATION_CONTEXT() REPRESENTATION_CONTEXT('2D SPACE',''
  ) );
#12328 = ORIENTED_EDGE('',*,*,#12329,.T.);
#12329 = EDGE_CURVE('',#12307,#12209,#12330,.T.);
#12330 = SURFACE_CURVE('',#12331,(#12335,#12342),.PCURVE_S1.);
#12331 = LINE('',#12332,#12333);
#12332 = CARTESIAN_POINT('',(-3.941353884659,8.726187859305,0.59));
#12333 = VECTOR('',#12334,1.);
#12334 = DIRECTION('',(0.453956023935,-0.891024089648,0.));
#12335 = PCURVE('',#3623,#12336);
#12336 = DEFINITIONAL_REPRESENTATION('',(#12337),#12341);
#12337 = LINE('',#12338,#12339);
#12338 = CARTESIAN_POINT('',(0.,-0.31));
#12339 = VECTOR('',#12340,1.);
#12340 = DIRECTION('',(1.,0.));
#12341 = ( GEOMETRIC_REPRESENTATION_CONTEXT(2) 
PARAMETRIC_REPRESENTATION_CONTEXT() REPRESENTATION_CONTEXT('2D SPACE',''
  ) );
#12342 = PCURVE('',#11975,#12343);
#12343 = DEFINITIONAL_REPRESENTATION('',(#12344),#12348);
#12344 = LINE('',#12345,#12346);
#12345 = CARTESIAN_POINT('',(0.624652650792,-2.297127044465));
#12346 = VECTOR('',#12347,1.);
#12347 = DIRECTION('',(0.453956023935,-0.891024089648));
#12348 = ( GEOMETRIC_REPRESENTATION_CONTEXT(2) 
PARAMETRIC_REPRESENTATION_CONTEXT() REPRESENTATION_CONTEXT('2D SPACE',''
  ) );
#12349 = ORIENTED_EDGE('',*,*,#12208,.T.);
#12350 = ORIENTED_EDGE('',*,*,#3608,.F.);
#12351 = ADVANCED_FACE('',(#12352),#4091,.F.);
#12352 = FACE_BOUND('',#12353,.F.);
#12353 = EDGE_LOOP('',(#12354,#12355,#12378,#12399));
#12354 = ORIENTED_EDGE('',*,*,#12281,.F.);
#12355 = ORIENTED_EDGE('',*,*,#12356,.T.);
#12356 = EDGE_CURVE('',#12259,#12357,#12359,.T.);
#12357 = VERTEX_POINT('',#12358);
#12358 = CARTESIAN_POINT('',(-3.81131161485,10.2741896624,0.59));
#12359 = SURFACE_CURVE('',#12360,(#12364,#12371),.PCURVE_S1.);
#12360 = LINE('',#12361,#12362);
#12361 = CARTESIAN_POINT('',(-3.597365843647,9.61578927761,0.59));
#12362 = VECTOR('',#12363,1.);
#12363 = DIRECTION('',(-0.309041189159,0.951048654593,0.));
#12364 = PCURVE('',#4091,#12365);
#12365 = DEFINITIONAL_REPRESENTATION('',(#12366),#12370);
#12366 = LINE('',#12367,#12368);
#12367 = CARTESIAN_POINT('',(0.,-0.31));
#12368 = VECTOR('',#12369,1.);
#12369 = DIRECTION('',(1.,0.));
#12370 = ( GEOMETRIC_REPRESENTATION_CONTEXT(2) 
PARAMETRIC_REPRESENTATION_CONTEXT() REPRESENTATION_CONTEXT('2D SPACE',''
  ) );
#12371 = PCURVE('',#11975,#12372);
#12372 = DEFINITIONAL_REPRESENTATION('',(#12373),#12377);
#12373 = LINE('',#12374,#12375);
#12374 = CARTESIAN_POINT('',(0.968640691804,-1.40752562616));
#12375 = VECTOR('',#12376,1.);
#12376 = DIRECTION('',(-0.309041189159,0.951048654593));
#12377 = ( GEOMETRIC_REPRESENTATION_CONTEXT(2) 
PARAMETRIC_REPRESENTATION_CONTEXT() REPRESENTATION_CONTEXT('2D SPACE',''
  ) );
#12378 = ORIENTED_EDGE('',*,*,#12379,.T.);
#12379 = EDGE_CURVE('',#12357,#4051,#12380,.T.);
#12380 = SURFACE_CURVE('',#12381,(#12385,#12392),.PCURVE_S1.);
#12381 = LINE('',#12382,#12383);
#12382 = CARTESIAN_POINT('',(-3.81131161485,10.2741896624,0.59));
#12383 = VECTOR('',#12384,1.);
#12384 = DIRECTION('',(0.,0.,1.));
#12385 = PCURVE('',#4091,#12386);
#12386 = DEFINITIONAL_REPRESENTATION('',(#12387),#12391);
#12387 = LINE('',#12388,#12389);
#12388 = CARTESIAN_POINT('',(0.692288855685,-0.31));
#12389 = VECTOR('',#12390,1.);
#12390 = DIRECTION('',(0.,1.));
#12391 = ( GEOMETRIC_REPRESENTATION_CONTEXT(2) 
PARAMETRIC_REPRESENTATION_CONTEXT() REPRESENTATION_CONTEXT('2D SPACE',''
  ) );
#12392 = PCURVE('',#4065,#12393);
#12393 = DEFINITIONAL_REPRESENTATION('',(#12394),#12398);
#12394 = LINE('',#12395,#12396);
#12395 = CARTESIAN_POINT('',(0.,-0.31));
#12396 = VECTOR('',#12397,1.);
#12397 = DIRECTION('',(0.,1.));
#12398 = ( GEOMETRIC_REPRESENTATION_CONTEXT(2) 
PARAMETRIC_REPRESENTATION_CONTEXT() REPRESENTATION_CONTEXT('2D SPACE',''
  ) );
#12399 = ORIENTED_EDGE('',*,*,#4076,.F.);
#12400 = ADVANCED_FACE('',(#12401),#3649,.F.);
#12401 = FACE_BOUND('',#12402,.F.);
#12402 = EDGE_LOOP('',(#12403,#12426,#12447,#12448));
#12403 = ORIENTED_EDGE('',*,*,#12404,.F.);
#12404 = EDGE_CURVE('',#12405,#3635,#12407,.T.);
#12405 = VERTEX_POINT('',#12406);
#12406 = CARTESIAN_POINT('',(-4.255668022207,9.343111587111,0.59));
#12407 = SURFACE_CURVE('',#12408,(#12412,#12419),.PCURVE_S1.);
#12408 = LINE('',#12409,#12410);
#12409 = CARTESIAN_POINT('',(-4.255668022207,9.343111587111,0.59));
#12410 = VECTOR('',#12411,1.);
#12411 = DIRECTION('',(0.,0.,1.));
#12412 = PCURVE('',#3649,#12413);
#12413 = DEFINITIONAL_REPRESENTATION('',(#12414),#12418);
#12414 = LINE('',#12415,#12416);
#12415 = CARTESIAN_POINT('',(0.,-0.31));
#12416 = VECTOR('',#12417,1.);
#12417 = DIRECTION('',(0.,1.));
#12418 = ( GEOMETRIC_REPRESENTATION_CONTEXT(2) 
PARAMETRIC_REPRESENTATION_CONTEXT() REPRESENTATION_CONTEXT('2D SPACE',''
  ) );
#12419 = PCURVE('',#3675,#12420);
#12420 = DEFINITIONAL_REPRESENTATION('',(#12421),#12425);
#12421 = LINE('',#12422,#12423);
#12422 = CARTESIAN_POINT('',(0.692288855685,-0.31));
#12423 = VECTOR('',#12424,1.);
#12424 = DIRECTION('',(0.,1.));
#12425 = ( GEOMETRIC_REPRESENTATION_CONTEXT(2) 
PARAMETRIC_REPRESENTATION_CONTEXT() REPRESENTATION_CONTEXT('2D SPACE',''
  ) );
#12426 = ORIENTED_EDGE('',*,*,#12427,.T.);
#12427 = EDGE_CURVE('',#12405,#12307,#12428,.T.);
#12428 = SURFACE_CURVE('',#12429,(#12433,#12440),.PCURVE_S1.);
#12429 = LINE('',#12430,#12431);
#12430 = CARTESIAN_POINT('',(-4.255668022207,9.343111587111,0.59));
#12431 = VECTOR('',#12432,1.);
#12432 = DIRECTION('',(0.453962748924,-0.891020663391,0.));
#12433 = PCURVE('',#3649,#12434);
#12434 = DEFINITIONAL_REPRESENTATION('',(#12435),#12439);
#12435 = LINE('',#12436,#12437);
#12436 = CARTESIAN_POINT('',(0.,-0.31));
#12437 = VECTOR('',#12438,1.);
#12438 = DIRECTION('',(1.,0.));
#12439 = ( GEOMETRIC_REPRESENTATION_CONTEXT(2) 
PARAMETRIC_REPRESENTATION_CONTEXT() REPRESENTATION_CONTEXT('2D SPACE',''
  ) );
#12440 = PCURVE('',#11975,#12441);
#12441 = DEFINITIONAL_REPRESENTATION('',(#12442),#12446);
#12442 = LINE('',#12443,#12444);
#12443 = CARTESIAN_POINT('',(0.310338513244,-1.68020331666));
#12444 = VECTOR('',#12445,1.);
#12445 = DIRECTION('',(0.453962748924,-0.891020663391));
#12446 = ( GEOMETRIC_REPRESENTATION_CONTEXT(2) 
PARAMETRIC_REPRESENTATION_CONTEXT() REPRESENTATION_CONTEXT('2D SPACE',''
  ) );
#12447 = ORIENTED_EDGE('',*,*,#12306,.T.);
#12448 = ORIENTED_EDGE('',*,*,#3634,.F.);
#12449 = ADVANCED_FACE('',(#12450),#4065,.F.);
#12450 = FACE_BOUND('',#12451,.F.);
#12451 = EDGE_LOOP('',(#12452,#12453,#12476,#12497));
#12452 = ORIENTED_EDGE('',*,*,#12379,.F.);
#12453 = ORIENTED_EDGE('',*,*,#12454,.T.);
#12454 = EDGE_CURVE('',#12357,#12455,#12457,.T.);
#12455 = VERTEX_POINT('',#12456);
#12456 = CARTESIAN_POINT('',(-4.025231671634,10.932520751852,0.59));
#12457 = SURFACE_CURVE('',#12458,(#12462,#12469),.PCURVE_S1.);
#12458 = LINE('',#12459,#12460);
#12459 = CARTESIAN_POINT('',(-3.81131161485,10.2741896624,0.59));
#12460 = VECTOR('',#12461,1.);
#12461 = DIRECTION('',(-0.309037011681,0.951050012045,0.));
#12462 = PCURVE('',#4065,#12463);
#12463 = DEFINITIONAL_REPRESENTATION('',(#12464),#12468);
#12464 = LINE('',#12465,#12466);
#12465 = CARTESIAN_POINT('',(0.,-0.31));
#12466 = VECTOR('',#12467,1.);
#12467 = DIRECTION('',(1.,0.));
#12468 = ( GEOMETRIC_REPRESENTATION_CONTEXT(2) 
PARAMETRIC_REPRESENTATION_CONTEXT() REPRESENTATION_CONTEXT('2D SPACE',''
  ) );
#12469 = PCURVE('',#11975,#12470);
#12470 = DEFINITIONAL_REPRESENTATION('',(#12471),#12475);
#12471 = LINE('',#12472,#12473);
#12472 = CARTESIAN_POINT('',(0.754694920602,-0.749125241371));
#12473 = VECTOR('',#12474,1.);
#12474 = DIRECTION('',(-0.309037011681,0.951050012045));
#12475 = ( GEOMETRIC_REPRESENTATION_CONTEXT(2) 
PARAMETRIC_REPRESENTATION_CONTEXT() REPRESENTATION_CONTEXT('2D SPACE',''
  ) );
#12476 = ORIENTED_EDGE('',*,*,#12477,.T.);
#12477 = EDGE_CURVE('',#12455,#4025,#12478,.T.);
#12478 = SURFACE_CURVE('',#12479,(#12483,#12490),.PCURVE_S1.);
#12479 = LINE('',#12480,#12481);
#12480 = CARTESIAN_POINT('',(-4.025231671634,10.932520751852,0.59));
#12481 = VECTOR('',#12482,1.);
#12482 = DIRECTION('',(0.,0.,1.));
#12483 = PCURVE('',#4065,#12484);
#12484 = DEFINITIONAL_REPRESENTATION('',(#12485),#12489);
#12485 = LINE('',#12486,#12487);
#12486 = CARTESIAN_POINT('',(0.692215005641,-0.31));
#12487 = VECTOR('',#12488,1.);
#12488 = DIRECTION('',(0.,1.));
#12489 = ( GEOMETRIC_REPRESENTATION_CONTEXT(2) 
PARAMETRIC_REPRESENTATION_CONTEXT() REPRESENTATION_CONTEXT('2D SPACE',''
  ) );
#12490 = PCURVE('',#4039,#12491);
#12491 = DEFINITIONAL_REPRESENTATION('',(#12492),#12496);
#12492 = LINE('',#12493,#12494);
#12493 = CARTESIAN_POINT('',(0.,-0.31));
#12494 = VECTOR('',#12495,1.);
#12495 = DIRECTION('',(0.,1.));
#12496 = ( GEOMETRIC_REPRESENTATION_CONTEXT(2) 
PARAMETRIC_REPRESENTATION_CONTEXT() REPRESENTATION_CONTEXT('2D SPACE',''
  ) );
#12497 = ORIENTED_EDGE('',*,*,#4050,.F.);
#12498 = ADVANCED_FACE('',(#12499),#3675,.F.);
#12499 = FACE_BOUND('',#12500,.F.);
#12500 = EDGE_LOOP('',(#12501,#12524,#12545,#12546));
#12501 = ORIENTED_EDGE('',*,*,#12502,.F.);
#12502 = EDGE_CURVE('',#12503,#3661,#12505,.T.);
#12503 = VERTEX_POINT('',#12504);
#12504 = CARTESIAN_POINT('',(-4.569944893404,9.959953469555,0.59));
#12505 = SURFACE_CURVE('',#12506,(#12510,#12517),.PCURVE_S1.);
#12506 = LINE('',#12507,#12508);
#12507 = CARTESIAN_POINT('',(-4.569944893404,9.959953469555,0.59));
#12508 = VECTOR('',#12509,1.);
#12509 = DIRECTION('',(0.,0.,1.));
#12510 = PCURVE('',#3675,#12511);
#12511 = DEFINITIONAL_REPRESENTATION('',(#12512),#12516);
#12512 = LINE('',#12513,#12514);
#12513 = CARTESIAN_POINT('',(0.,-0.31));
#12514 = VECTOR('',#12515,1.);
#12515 = DIRECTION('',(0.,1.));
#12516 = ( GEOMETRIC_REPRESENTATION_CONTEXT(2) 
PARAMETRIC_REPRESENTATION_CONTEXT() REPRESENTATION_CONTEXT('2D SPACE',''
  ) );
#12517 = PCURVE('',#3701,#12518);
#12518 = DEFINITIONAL_REPRESENTATION('',(#12519),#12523);
#12519 = LINE('',#12520,#12521);
#12520 = CARTESIAN_POINT('',(0.692215005641,-0.31));
#12521 = VECTOR('',#12522,1.);
#12522 = DIRECTION('',(0.,1.));
#12523 = ( GEOMETRIC_REPRESENTATION_CONTEXT(2) 
PARAMETRIC_REPRESENTATION_CONTEXT() REPRESENTATION_CONTEXT('2D SPACE',''
  ) );
#12524 = ORIENTED_EDGE('',*,*,#12525,.T.);
#12525 = EDGE_CURVE('',#12503,#12405,#12526,.T.);
#12526 = SURFACE_CURVE('',#12527,(#12531,#12538),.PCURVE_S1.);
#12527 = LINE('',#12528,#12529);
#12528 = CARTESIAN_POINT('',(-4.569944893404,9.959953469555,0.59));
#12529 = VECTOR('',#12530,1.);
#12530 = DIRECTION('',(0.453967832381,-0.891018073421,0.));
#12531 = PCURVE('',#3675,#12532);
#12532 = DEFINITIONAL_REPRESENTATION('',(#12533),#12537);
#12533 = LINE('',#12534,#12535);
#12534 = CARTESIAN_POINT('',(0.,-0.31));
#12535 = VECTOR('',#12536,1.);
#12536 = DIRECTION('',(1.,0.));
#12537 = ( GEOMETRIC_REPRESENTATION_CONTEXT(2) 
PARAMETRIC_REPRESENTATION_CONTEXT() REPRESENTATION_CONTEXT('2D SPACE',''
  ) );
#12538 = PCURVE('',#11975,#12539);
#12539 = DEFINITIONAL_REPRESENTATION('',(#12540),#12544);
#12540 = LINE('',#12541,#12542);
#12541 = CARTESIAN_POINT('',(-3.938357953041E-03,-1.063361434216));
#12542 = VECTOR('',#12543,1.);
#12543 = DIRECTION('',(0.453967832381,-0.891018073421));
#12544 = ( GEOMETRIC_REPRESENTATION_CONTEXT(2) 
PARAMETRIC_REPRESENTATION_CONTEXT() REPRESENTATION_CONTEXT('2D SPACE',''
  ) );
#12545 = ORIENTED_EDGE('',*,*,#12404,.T.);
#12546 = ORIENTED_EDGE('',*,*,#3660,.F.);
#12547 = ADVANCED_FACE('',(#12548),#4039,.F.);
#12548 = FACE_BOUND('',#12549,.F.);
#12549 = EDGE_LOOP('',(#12550,#12551,#12574,#12595));
#12550 = ORIENTED_EDGE('',*,*,#12477,.F.);
#12551 = ORIENTED_EDGE('',*,*,#12552,.T.);
#12552 = EDGE_CURVE('',#12455,#12553,#12555,.T.);
#12553 = VERTEX_POINT('',#12554);
#12554 = CARTESIAN_POINT('',(-4.239130479018,11.590794144189,0.59));
#12555 = SURFACE_CURVE('',#12556,(#12560,#12567),.PCURVE_S1.);
#12556 = LINE('',#12557,#12558);
#12557 = CARTESIAN_POINT('',(-4.025231671634,10.932520751852,0.59));
#12558 = VECTOR('',#12559,1.);
#12559 = DIRECTION('',(-0.309033743242,0.951051074095,0.));
#12560 = PCURVE('',#4039,#12561);
#12561 = DEFINITIONAL_REPRESENTATION('',(#12562),#12566);
#12562 = LINE('',#12563,#12564);
#12563 = CARTESIAN_POINT('',(0.,-0.31));
#12564 = VECTOR('',#12565,1.);
#12565 = DIRECTION('',(1.,0.));
#12566 = ( GEOMETRIC_REPRESENTATION_CONTEXT(2) 
PARAMETRIC_REPRESENTATION_CONTEXT() REPRESENTATION_CONTEXT('2D SPACE',''
  ) );
#12567 = PCURVE('',#11975,#12568);
#12568 = DEFINITIONAL_REPRESENTATION('',(#12569),#12573);
#12569 = LINE('',#12570,#12571);
#12570 = CARTESIAN_POINT('',(0.540774863817,-9.07941519183E-02));
#12571 = VECTOR('',#12572,1.);
#12572 = DIRECTION('',(-0.309033743242,0.951051074095));
#12573 = ( GEOMETRIC_REPRESENTATION_CONTEXT(2) 
PARAMETRIC_REPRESENTATION_CONTEXT() REPRESENTATION_CONTEXT('2D SPACE',''
  ) );
#12574 = ORIENTED_EDGE('',*,*,#12575,.T.);
#12575 = EDGE_CURVE('',#12553,#3999,#12576,.T.);
#12576 = SURFACE_CURVE('',#12577,(#12581,#12588),.PCURVE_S1.);
#12577 = LINE('',#12578,#12579);
#12578 = CARTESIAN_POINT('',(-4.239130479018,11.590794144189,0.59));
#12579 = VECTOR('',#12580,1.);
#12580 = DIRECTION('',(0.,0.,1.));
#12581 = PCURVE('',#4039,#12582);
#12582 = DEFINITIONAL_REPRESENTATION('',(#12583),#12587);
#12583 = LINE('',#12584,#12585);
#12584 = CARTESIAN_POINT('',(0.692153565952,-0.31));
#12585 = VECTOR('',#12586,1.);
#12586 = DIRECTION('',(0.,1.));
#12587 = ( GEOMETRIC_REPRESENTATION_CONTEXT(2) 
PARAMETRIC_REPRESENTATION_CONTEXT() REPRESENTATION_CONTEXT('2D SPACE',''
  ) );
#12588 = PCURVE('',#4013,#12589);
#12589 = DEFINITIONAL_REPRESENTATION('',(#12590),#12594);
#12590 = LINE('',#12591,#12592);
#12591 = CARTESIAN_POINT('',(0.,-0.31));
#12592 = VECTOR('',#12593,1.);
#12593 = DIRECTION('',(0.,1.));
#12594 = ( GEOMETRIC_REPRESENTATION_CONTEXT(2) 
PARAMETRIC_REPRESENTATION_CONTEXT() REPRESENTATION_CONTEXT('2D SPACE',''
  ) );
#12595 = ORIENTED_EDGE('',*,*,#4024,.F.);
#12596 = ADVANCED_FACE('',(#12597),#3701,.F.);
#12597 = FACE_BOUND('',#12598,.F.);
#12598 = EDGE_LOOP('',(#12599,#12622,#12643,#12644));
#12599 = ORIENTED_EDGE('',*,*,#12600,.F.);
#12600 = EDGE_CURVE('',#12601,#3687,#12603,.T.);
#12601 = VERTEX_POINT('',#12602);
#12602 = CARTESIAN_POINT('',(-4.884190948238,10.576728169956,0.59));
#12603 = SURFACE_CURVE('',#12604,(#12608,#12615),.PCURVE_S1.);
#12604 = LINE('',#12605,#12606);
#12605 = CARTESIAN_POINT('',(-4.884190948238,10.576728169956,0.59));
#12606 = VECTOR('',#12607,1.);
#12607 = DIRECTION('',(0.,0.,1.));
#12608 = PCURVE('',#3701,#12609);
#12609 = DEFINITIONAL_REPRESENTATION('',(#12610),#12614);
#12610 = LINE('',#12611,#12612);
#12611 = CARTESIAN_POINT('',(0.,-0.31));
#12612 = VECTOR('',#12613,1.);
#12613 = DIRECTION('',(0.,1.));
#12614 = ( GEOMETRIC_REPRESENTATION_CONTEXT(2) 
PARAMETRIC_REPRESENTATION_CONTEXT() REPRESENTATION_CONTEXT('2D SPACE',''
  ) );
#12615 = PCURVE('',#3727,#12616);
#12616 = DEFINITIONAL_REPRESENTATION('',(#12617),#12621);
#12617 = LINE('',#12618,#12619);
#12618 = CARTESIAN_POINT('',(0.692153565952,-0.31));
#12619 = VECTOR('',#12620,1.);
#12620 = DIRECTION('',(0.,1.));
#12621 = ( GEOMETRIC_REPRESENTATION_CONTEXT(2) 
PARAMETRIC_REPRESENTATION_CONTEXT() REPRESENTATION_CONTEXT('2D SPACE',''
  ) );
#12622 = ORIENTED_EDGE('',*,*,#12623,.T.);
#12623 = EDGE_CURVE('',#12601,#12503,#12624,.T.);
#12624 = SURFACE_CURVE('',#12625,(#12629,#12636),.PCURVE_S1.);
#12625 = LINE('',#12626,#12627);
#12626 = CARTESIAN_POINT('',(-4.884190948238,10.576728169956,0.59));
#12627 = VECTOR('',#12628,1.);
#12628 = DIRECTION('',(0.453971746167,-0.891016079362,0.));
#12629 = PCURVE('',#3701,#12630);
#12630 = DEFINITIONAL_REPRESENTATION('',(#12631),#12635);
#12631 = LINE('',#12632,#12633);
#12632 = CARTESIAN_POINT('',(0.,-0.31));
#12633 = VECTOR('',#12634,1.);
#12634 = DIRECTION('',(1.,0.));
#12635 = ( GEOMETRIC_REPRESENTATION_CONTEXT(2) 
PARAMETRIC_REPRESENTATION_CONTEXT() REPRESENTATION_CONTEXT('2D SPACE',''
  ) );
#12636 = PCURVE('',#11975,#12637);
#12637 = DEFINITIONAL_REPRESENTATION('',(#12638),#12642);
#12638 = LINE('',#12639,#12640);
#12639 = CARTESIAN_POINT('',(-0.318184412787,-0.446586733814));
#12640 = VECTOR('',#12641,1.);
#12641 = DIRECTION('',(0.453971746167,-0.891016079362));
#12642 = ( GEOMETRIC_REPRESENTATION_CONTEXT(2) 
PARAMETRIC_REPRESENTATION_CONTEXT() REPRESENTATION_CONTEXT('2D SPACE',''
  ) );
#12643 = ORIENTED_EDGE('',*,*,#12502,.T.);
#12644 = ORIENTED_EDGE('',*,*,#3686,.F.);
#12645 = ADVANCED_FACE('',(#12646),#4013,.F.);
#12646 = FACE_BOUND('',#12647,.F.);
#12647 = EDGE_LOOP('',(#12648,#12649,#12672,#12693));
#12648 = ORIENTED_EDGE('',*,*,#12575,.F.);
#12649 = ORIENTED_EDGE('',*,*,#12650,.T.);
#12650 = EDGE_CURVE('',#12553,#12651,#12653,.T.);
#12651 = VERTEX_POINT('',#12652);
#12652 = CARTESIAN_POINT('',(-4.453011525819,12.24901898638,0.59));
#12653 = SURFACE_CURVE('',#12654,(#12658,#12665),.PCURVE_S1.);
#12654 = LINE('',#12655,#12656);
#12655 = CARTESIAN_POINT('',(-4.239130479018,11.590794144189,0.59));
#12656 = VECTOR('',#12657,1.);
#12657 = DIRECTION('',(-0.309031149413,0.951051916928,0.));
#12658 = PCURVE('',#4013,#12659);
#12659 = DEFINITIONAL_REPRESENTATION('',(#12660),#12664);
#12660 = LINE('',#12661,#12662);
#12661 = CARTESIAN_POINT('',(0.,-0.31));
#12662 = VECTOR('',#12663,1.);
#12663 = DIRECTION('',(1.,0.));
#12664 = ( GEOMETRIC_REPRESENTATION_CONTEXT(2) 
PARAMETRIC_REPRESENTATION_CONTEXT() REPRESENTATION_CONTEXT('2D SPACE',''
  ) );
#12665 = PCURVE('',#11975,#12666);
#12666 = DEFINITIONAL_REPRESENTATION('',(#12667),#12671);
#12667 = LINE('',#12668,#12669);
#12668 = CARTESIAN_POINT('',(0.326876056433,0.567479240419));
#12669 = VECTOR('',#12670,1.);
#12670 = DIRECTION('',(-0.309031149413,0.951051916928));
#12671 = ( GEOMETRIC_REPRESENTATION_CONTEXT(2) 
PARAMETRIC_REPRESENTATION_CONTEXT() REPRESENTATION_CONTEXT('2D SPACE',''
  ) );
#12672 = ORIENTED_EDGE('',*,*,#12673,.T.);
#12673 = EDGE_CURVE('',#12651,#3973,#12674,.T.);
#12674 = SURFACE_CURVE('',#12675,(#12679,#12686),.PCURVE_S1.);
#12675 = LINE('',#12676,#12677);
#12676 = CARTESIAN_POINT('',(-4.453011525819,12.24901898638,0.59));
#12677 = VECTOR('',#12678,1.);
#12678 = DIRECTION('',(0.,0.,1.));
#12679 = PCURVE('',#4013,#12680);
#12680 = DEFINITIONAL_REPRESENTATION('',(#12681),#12685);
#12681 = LINE('',#12682,#12683);
#12682 = CARTESIAN_POINT('',(0.692101903666,-0.31));
#12683 = VECTOR('',#12684,1.);
#12684 = DIRECTION('',(0.,1.));
#12685 = ( GEOMETRIC_REPRESENTATION_CONTEXT(2) 
PARAMETRIC_REPRESENTATION_CONTEXT() REPRESENTATION_CONTEXT('2D SPACE',''
  ) );
#12686 = PCURVE('',#3987,#12687);
#12687 = DEFINITIONAL_REPRESENTATION('',(#12688),#12692);
#12688 = LINE('',#12689,#12690);
#12689 = CARTESIAN_POINT('',(0.,-0.31));
#12690 = VECTOR('',#12691,1.);
#12691 = DIRECTION('',(0.,1.));
#12692 = ( GEOMETRIC_REPRESENTATION_CONTEXT(2) 
PARAMETRIC_REPRESENTATION_CONTEXT() REPRESENTATION_CONTEXT('2D SPACE',''
  ) );
#12693 = ORIENTED_EDGE('',*,*,#3998,.F.);
#12694 = ADVANCED_FACE('',(#12695),#3727,.F.);
#12695 = FACE_BOUND('',#12696,.F.);
#12696 = EDGE_LOOP('',(#12697,#12720,#12741,#12742));
#12697 = ORIENTED_EDGE('',*,*,#12698,.F.);
#12698 = EDGE_CURVE('',#12699,#3713,#12701,.T.);
#12699 = VERTEX_POINT('',#12700);
#12700 = CARTESIAN_POINT('',(-5.198411230645,11.193447046742,0.59));
#12701 = SURFACE_CURVE('',#12702,(#12706,#12713),.PCURVE_S1.);
#12702 = LINE('',#12703,#12704);
#12703 = CARTESIAN_POINT('',(-5.198411230645,11.193447046742,0.59));
#12704 = VECTOR('',#12705,1.);
#12705 = DIRECTION('',(0.,0.,1.));
#12706 = PCURVE('',#3727,#12707);
#12707 = DEFINITIONAL_REPRESENTATION('',(#12708),#12712);
#12708 = LINE('',#12709,#12710);
#12709 = CARTESIAN_POINT('',(0.,-0.31));
#12710 = VECTOR('',#12711,1.);
#12711 = DIRECTION('',(0.,1.));
#12712 = ( GEOMETRIC_REPRESENTATION_CONTEXT(2) 
PARAMETRIC_REPRESENTATION_CONTEXT() REPRESENTATION_CONTEXT('2D SPACE',''
  ) );
#12713 = PCURVE('',#3753,#12714);
#12714 = DEFINITIONAL_REPRESENTATION('',(#12715),#12719);
#12715 = LINE('',#12716,#12717);
#12716 = CARTESIAN_POINT('',(0.692101903666,-0.31));
#12717 = VECTOR('',#12718,1.);
#12718 = DIRECTION('',(0.,1.));
#12719 = ( GEOMETRIC_REPRESENTATION_CONTEXT(2) 
PARAMETRIC_REPRESENTATION_CONTEXT() REPRESENTATION_CONTEXT('2D SPACE',''
  ) );
#12720 = ORIENTED_EDGE('',*,*,#12721,.T.);
#12721 = EDGE_CURVE('',#12699,#12601,#12722,.T.);
#12722 = SURFACE_CURVE('',#12723,(#12727,#12734),.PCURVE_S1.);
#12723 = LINE('',#12724,#12725);
#12724 = CARTESIAN_POINT('',(-5.198411230645,11.193447046742,0.59));
#12725 = VECTOR('',#12726,1.);
#12726 = DIRECTION('',(0.453974808286,-0.891014519209,0.));
#12727 = PCURVE('',#3727,#12728);
#12728 = DEFINITIONAL_REPRESENTATION('',(#12729),#12733);
#12729 = LINE('',#12730,#12731);
#12730 = CARTESIAN_POINT('',(0.,-0.31));
#12731 = VECTOR('',#12732,1.);
#12732 = DIRECTION('',(1.,0.));
#12733 = ( GEOMETRIC_REPRESENTATION_CONTEXT(2) 
PARAMETRIC_REPRESENTATION_CONTEXT() REPRESENTATION_CONTEXT('2D SPACE',''
  ) );
#12734 = PCURVE('',#11975,#12735);
#12735 = DEFINITIONAL_REPRESENTATION('',(#12736),#12740);
#12736 = LINE('',#12737,#12738);
#12737 = CARTESIAN_POINT('',(-0.632404695194,0.170132142971));
#12738 = VECTOR('',#12739,1.);
#12739 = DIRECTION('',(0.453974808286,-0.891014519209));
#12740 = ( GEOMETRIC_REPRESENTATION_CONTEXT(2) 
PARAMETRIC_REPRESENTATION_CONTEXT() REPRESENTATION_CONTEXT('2D SPACE',''
  ) );
#12741 = ORIENTED_EDGE('',*,*,#12600,.T.);
#12742 = ORIENTED_EDGE('',*,*,#3712,.F.);
#12743 = ADVANCED_FACE('',(#12744),#3987,.F.);
#12744 = FACE_BOUND('',#12745,.F.);
#12745 = EDGE_LOOP('',(#12746,#12747,#12770,#12791));
#12746 = ORIENTED_EDGE('',*,*,#12673,.F.);
#12747 = ORIENTED_EDGE('',*,*,#12748,.T.);
#12748 = EDGE_CURVE('',#12651,#12749,#12751,.T.);
#12749 = VERTEX_POINT('',#12750);
#12750 = CARTESIAN_POINT('',(-4.666877577397,12.907202589159,0.59));
#12751 = SURFACE_CURVE('',#12752,(#12756,#12763),.PCURVE_S1.);
#12752 = LINE('',#12753,#12754);
#12753 = CARTESIAN_POINT('',(-4.453011525819,12.24901898638,0.59));
#12754 = VECTOR('',#12755,1.);
#12755 = DIRECTION('',(-0.309029064733,0.951052594313,0.));
#12756 = PCURVE('',#3987,#12757);
#12757 = DEFINITIONAL_REPRESENTATION('',(#12758),#12762);
#12758 = LINE('',#12759,#12760);
#12759 = CARTESIAN_POINT('',(0.,-0.31));
#12760 = VECTOR('',#12761,1.);
#12761 = DIRECTION('',(1.,0.));
#12762 = ( GEOMETRIC_REPRESENTATION_CONTEXT(2) 
PARAMETRIC_REPRESENTATION_CONTEXT() REPRESENTATION_CONTEXT('2D SPACE',''
  ) );
#12763 = PCURVE('',#11975,#12764);
#12764 = DEFINITIONAL_REPRESENTATION('',(#12765),#12769);
#12765 = LINE('',#12766,#12767);
#12766 = CARTESIAN_POINT('',(0.112995009633,1.22570408261));
#12767 = VECTOR('',#12768,1.);
#12768 = DIRECTION('',(-0.309029064733,0.951052594313));
#12769 = ( GEOMETRIC_REPRESENTATION_CONTEXT(2) 
PARAMETRIC_REPRESENTATION_CONTEXT() REPRESENTATION_CONTEXT('2D SPACE',''
  ) );
#12770 = ORIENTED_EDGE('',*,*,#12771,.T.);
#12771 = EDGE_CURVE('',#12749,#3947,#12772,.T.);
#12772 = SURFACE_CURVE('',#12773,(#12777,#12784),.PCURVE_S1.);
#12773 = LINE('',#12774,#12775);
#12774 = CARTESIAN_POINT('',(-4.666877577397,12.907202589159,0.59));
#12775 = VECTOR('',#12776,1.);
#12776 = DIRECTION('',(0.,0.,1.));
#12777 = PCURVE('',#3987,#12778);
#12778 = DEFINITIONAL_REPRESENTATION('',(#12779),#12783);
#12779 = LINE('',#12780,#12781);
#12780 = CARTESIAN_POINT('',(0.692058048855,-0.31));
#12781 = VECTOR('',#12782,1.);
#12782 = DIRECTION('',(0.,1.));
#12783 = ( GEOMETRIC_REPRESENTATION_CONTEXT(2) 
PARAMETRIC_REPRESENTATION_CONTEXT() REPRESENTATION_CONTEXT('2D SPACE',''
  ) );
#12784 = PCURVE('',#3961,#12785);
#12785 = DEFINITIONAL_REPRESENTATION('',(#12786),#12790);
#12786 = LINE('',#12787,#12788);
#12787 = CARTESIAN_POINT('',(0.,-0.31));
#12788 = VECTOR('',#12789,1.);
#12789 = DIRECTION('',(0.,1.));
#12790 = ( GEOMETRIC_REPRESENTATION_CONTEXT(2) 
PARAMETRIC_REPRESENTATION_CONTEXT() REPRESENTATION_CONTEXT('2D SPACE',''
  ) );
#12791 = ORIENTED_EDGE('',*,*,#3972,.F.);
#12792 = ADVANCED_FACE('',(#12793),#3753,.F.);
#12793 = FACE_BOUND('',#12794,.F.);
#12794 = EDGE_LOOP('',(#12795,#12818,#12839,#12840));
#12795 = ORIENTED_EDGE('',*,*,#12796,.F.);
#12796 = EDGE_CURVE('',#12797,#3739,#12799,.T.);
#12797 = VERTEX_POINT('',#12798);
#12798 = CARTESIAN_POINT('',(-5.512609741544,11.81011903476,0.59));
#12799 = SURFACE_CURVE('',#12800,(#12804,#12811),.PCURVE_S1.);
#12800 = LINE('',#12801,#12802);
#12801 = CARTESIAN_POINT('',(-5.512609741544,11.81011903476,0.59));
#12802 = VECTOR('',#12803,1.);
#12803 = DIRECTION('',(0.,0.,1.));
#12804 = PCURVE('',#3753,#12805);
#12805 = DEFINITIONAL_REPRESENTATION('',(#12806),#12810);
#12806 = LINE('',#12807,#12808);
#12807 = CARTESIAN_POINT('',(0.,-0.31));
#12808 = VECTOR('',#12809,1.);
#12809 = DIRECTION('',(0.,1.));
#12810 = ( GEOMETRIC_REPRESENTATION_CONTEXT(2) 
PARAMETRIC_REPRESENTATION_CONTEXT() REPRESENTATION_CONTEXT('2D SPACE',''
  ) );
#12811 = PCURVE('',#3779,#12812);
#12812 = DEFINITIONAL_REPRESENTATION('',(#12813),#12817);
#12813 = LINE('',#12814,#12815);
#12814 = CARTESIAN_POINT('',(0.692058048855,-0.31));
#12815 = VECTOR('',#12816,1.);
#12816 = DIRECTION('',(0.,1.));
#12817 = ( GEOMETRIC_REPRESENTATION_CONTEXT(2) 
PARAMETRIC_REPRESENTATION_CONTEXT() REPRESENTATION_CONTEXT('2D SPACE',''
  ) );
#12818 = ORIENTED_EDGE('',*,*,#12819,.T.);
#12819 = EDGE_CURVE('',#12797,#12699,#12820,.T.);
#12820 = SURFACE_CURVE('',#12821,(#12825,#12832),.PCURVE_S1.);
#12821 = LINE('',#12822,#12823);
#12822 = CARTESIAN_POINT('',(-5.512609741544,11.81011903476,0.59));
#12823 = VECTOR('',#12824,1.);
#12824 = DIRECTION('',(0.453977238373,-0.891013281068,0.));
#12825 = PCURVE('',#3753,#12826);
#12826 = DEFINITIONAL_REPRESENTATION('',(#12827),#12831);
#12827 = LINE('',#12828,#12829);
#12828 = CARTESIAN_POINT('',(0.,-0.31));
#12829 = VECTOR('',#12830,1.);
#12830 = DIRECTION('',(1.,0.));
#12831 = ( GEOMETRIC_REPRESENTATION_CONTEXT(2) 
PARAMETRIC_REPRESENTATION_CONTEXT() REPRESENTATION_CONTEXT('2D SPACE',''
  ) );
#12832 = PCURVE('',#11975,#12833);
#12833 = DEFINITIONAL_REPRESENTATION('',(#12834),#12838);
#12834 = LINE('',#12835,#12836);
#12835 = CARTESIAN_POINT('',(-0.946603206093,0.78680413099));
#12836 = VECTOR('',#12837,1.);
#12837 = DIRECTION('',(0.453977238373,-0.891013281068));
#12838 = ( GEOMETRIC_REPRESENTATION_CONTEXT(2) 
PARAMETRIC_REPRESENTATION_CONTEXT() REPRESENTATION_CONTEXT('2D SPACE',''
  ) );
#12839 = ORIENTED_EDGE('',*,*,#12698,.T.);
#12840 = ORIENTED_EDGE('',*,*,#3738,.F.);
#12841 = ADVANCED_FACE('',(#12842),#3961,.F.);
#12842 = FACE_BOUND('',#12843,.F.);
#12843 = EDGE_LOOP('',(#12844,#12845,#12868,#12889));
#12844 = ORIENTED_EDGE('',*,*,#12771,.F.);
#12845 = ORIENTED_EDGE('',*,*,#12846,.T.);
#12846 = EDGE_CURVE('',#12749,#12847,#12849,.T.);
#12847 = VERTEX_POINT('',#12848);
#12848 = CARTESIAN_POINT('',(-4.880730853802,13.565350865736,0.59));
#12849 = SURFACE_CURVE('',#12850,(#12854,#12861),.PCURVE_S1.);
#12850 = LINE('',#12851,#12852);
#12851 = CARTESIAN_POINT('',(-4.666877577397,12.907202589159,0.59));
#12852 = VECTOR('',#12853,1.);
#12853 = DIRECTION('',(-0.309027370152,0.951053144938,0.));
#12854 = PCURVE('',#3961,#12855);
#12855 = DEFINITIONAL_REPRESENTATION('',(#12856),#12860);
#12856 = LINE('',#12857,#12858);
#12857 = CARTESIAN_POINT('',(0.,-0.31));
#12858 = VECTOR('',#12859,1.);
#12859 = DIRECTION('',(1.,0.));
#12860 = ( GEOMETRIC_REPRESENTATION_CONTEXT(2) 
PARAMETRIC_REPRESENTATION_CONTEXT() REPRESENTATION_CONTEXT('2D SPACE',''
  ) );
#12861 = PCURVE('',#11975,#12862);
#12862 = DEFINITIONAL_REPRESENTATION('',(#12863),#12867);
#12863 = LINE('',#12864,#12865);
#12864 = CARTESIAN_POINT('',(-0.100871041946,1.883887685388));
#12865 = VECTOR('',#12866,1.);
#12866 = DIRECTION('',(-0.309027370152,0.951053144938));
#12867 = ( GEOMETRIC_REPRESENTATION_CONTEXT(2) 
PARAMETRIC_REPRESENTATION_CONTEXT() REPRESENTATION_CONTEXT('2D SPACE',''
  ) );
#12868 = ORIENTED_EDGE('',*,*,#12869,.T.);
#12869 = EDGE_CURVE('',#12847,#3921,#12870,.T.);
#12870 = SURFACE_CURVE('',#12871,(#12875,#12882),.PCURVE_S1.);
#12871 = LINE('',#12872,#12873);
#12872 = CARTESIAN_POINT('',(-4.880730853802,13.565350865736,0.59));
#12873 = VECTOR('',#12874,1.);
#12874 = DIRECTION('',(0.,0.,1.));
#12875 = PCURVE('',#3961,#12876);
#12876 = DEFINITIONAL_REPRESENTATION('',(#12877),#12881);
#12877 = LINE('',#12878,#12879);
#12878 = CARTESIAN_POINT('',(0.69202050388,-0.31));
#12879 = VECTOR('',#12880,1.);
#12880 = DIRECTION('',(0.,1.));
#12881 = ( GEOMETRIC_REPRESENTATION_CONTEXT(2) 
PARAMETRIC_REPRESENTATION_CONTEXT() REPRESENTATION_CONTEXT('2D SPACE',''
  ) );
#12882 = PCURVE('',#3935,#12883);
#12883 = DEFINITIONAL_REPRESENTATION('',(#12884),#12888);
#12884 = LINE('',#12885,#12886);
#12885 = CARTESIAN_POINT('',(0.,-0.31));
#12886 = VECTOR('',#12887,1.);
#12887 = DIRECTION('',(0.,1.));
#12888 = ( GEOMETRIC_REPRESENTATION_CONTEXT(2) 
PARAMETRIC_REPRESENTATION_CONTEXT() REPRESENTATION_CONTEXT('2D SPACE',''
  ) );
#12889 = ORIENTED_EDGE('',*,*,#3946,.F.);
#12890 = ADVANCED_FACE('',(#12891),#3779,.F.);
#12891 = FACE_BOUND('',#12892,.F.);
#12892 = EDGE_LOOP('',(#12893,#12916,#12937,#12938));
#12893 = ORIENTED_EDGE('',*,*,#12894,.F.);
#12894 = EDGE_CURVE('',#12895,#3765,#12897,.T.);
#12895 = VERTEX_POINT('',#12896);
#12896 = CARTESIAN_POINT('',(-5.826789694998,12.426751258888,0.59));
#12897 = SURFACE_CURVE('',#12898,(#12902,#12909),.PCURVE_S1.);
#12898 = LINE('',#12899,#12900);
#12899 = CARTESIAN_POINT('',(-5.826789694998,12.426751258888,0.59));
#12900 = VECTOR('',#12901,1.);
#12901 = DIRECTION('',(0.,0.,1.));
#12902 = PCURVE('',#3779,#12903);
#12903 = DEFINITIONAL_REPRESENTATION('',(#12904),#12908);
#12904 = LINE('',#12905,#12906);
#12905 = CARTESIAN_POINT('',(0.,-0.31));
#12906 = VECTOR('',#12907,1.);
#12907 = DIRECTION('',(0.,1.));
#12908 = ( GEOMETRIC_REPRESENTATION_CONTEXT(2) 
PARAMETRIC_REPRESENTATION_CONTEXT() REPRESENTATION_CONTEXT('2D SPACE',''
  ) );
#12909 = PCURVE('',#3805,#12910);
#12910 = DEFINITIONAL_REPRESENTATION('',(#12911),#12915);
#12911 = LINE('',#12912,#12913);
#12912 = CARTESIAN_POINT('',(0.69202050388,-0.31));
#12913 = VECTOR('',#12914,1.);
#12914 = DIRECTION('',(0.,1.));
#12915 = ( GEOMETRIC_REPRESENTATION_CONTEXT(2) 
PARAMETRIC_REPRESENTATION_CONTEXT() REPRESENTATION_CONTEXT('2D SPACE',''
  ) );
#12916 = ORIENTED_EDGE('',*,*,#12917,.T.);
#12917 = EDGE_CURVE('',#12895,#12797,#12918,.T.);
#12918 = SURFACE_CURVE('',#12919,(#12923,#12930),.PCURVE_S1.);
#12919 = LINE('',#12920,#12921);
#12920 = CARTESIAN_POINT('',(-5.826789694998,12.426751258888,0.59));
#12921 = VECTOR('',#12922,1.);
#12922 = DIRECTION('',(0.453979191447,-0.891012285961,0.));
#12923 = PCURVE('',#3779,#12924);
#12924 = DEFINITIONAL_REPRESENTATION('',(#12925),#12929);
#12925 = LINE('',#12926,#12927);
#12926 = CARTESIAN_POINT('',(0.,-0.31));
#12927 = VECTOR('',#12928,1.);
#12928 = DIRECTION('',(1.,0.));
#12929 = ( GEOMETRIC_REPRESENTATION_CONTEXT(2) 
PARAMETRIC_REPRESENTATION_CONTEXT() REPRESENTATION_CONTEXT('2D SPACE',''
  ) );
#12930 = PCURVE('',#11975,#12931);
#12931 = DEFINITIONAL_REPRESENTATION('',(#12932),#12936);
#12932 = LINE('',#12933,#12934);
#12933 = CARTESIAN_POINT('',(-1.260783159547,1.403436355117));
#12934 = VECTOR('',#12935,1.);
#12935 = DIRECTION('',(0.453979191447,-0.891012285961));
#12936 = ( GEOMETRIC_REPRESENTATION_CONTEXT(2) 
PARAMETRIC_REPRESENTATION_CONTEXT() REPRESENTATION_CONTEXT('2D SPACE',''
  ) );
#12937 = ORIENTED_EDGE('',*,*,#12796,.T.);
#12938 = ORIENTED_EDGE('',*,*,#3764,.F.);
#12939 = ADVANCED_FACE('',(#12940),#3935,.F.);
#12940 = FACE_BOUND('',#12941,.F.);
#12941 = EDGE_LOOP('',(#12942,#12943,#12966,#12987));
#12942 = ORIENTED_EDGE('',*,*,#12869,.F.);
#12943 = ORIENTED_EDGE('',*,*,#12944,.T.);
#12944 = EDGE_CURVE('',#12847,#12945,#12947,.T.);
#12945 = VERTEX_POINT('',#12946);
#12946 = CARTESIAN_POINT('',(-5.094573157778,14.223468650479,0.59));
#12947 = SURFACE_CURVE('',#12948,(#12952,#12959),.PCURVE_S1.);
#12948 = LINE('',#12949,#12950);
#12949 = CARTESIAN_POINT('',(-4.880730853802,13.565350865736,0.59));
#12950 = VECTOR('',#12951,1.);
#12951 = DIRECTION('',(-0.309025978521,0.951053597122,0.));
#12952 = PCURVE('',#3935,#12953);
#12953 = DEFINITIONAL_REPRESENTATION('',(#12954),#12958);
#12954 = LINE('',#12955,#12956);
#12955 = CARTESIAN_POINT('',(0.,-0.31));
#12956 = VECTOR('',#12957,1.);
#12957 = DIRECTION('',(1.,0.));
#12958 = ( GEOMETRIC_REPRESENTATION_CONTEXT(2) 
PARAMETRIC_REPRESENTATION_CONTEXT() REPRESENTATION_CONTEXT('2D SPACE',''
  ) );
#12959 = PCURVE('',#11975,#12960);
#12960 = DEFINITIONAL_REPRESENTATION('',(#12961),#12965);
#12961 = LINE('',#12962,#12963);
#12962 = CARTESIAN_POINT('',(-0.314724318351,2.542035961965));
#12963 = VECTOR('',#12964,1.);
#12964 = DIRECTION('',(-0.309025978521,0.951053597122));
#12965 = ( GEOMETRIC_REPRESENTATION_CONTEXT(2) 
PARAMETRIC_REPRESENTATION_CONTEXT() REPRESENTATION_CONTEXT('2D SPACE',''
  ) );
#12966 = ORIENTED_EDGE('',*,*,#12967,.T.);
#12967 = EDGE_CURVE('',#12945,#3895,#12968,.T.);
#12968 = SURFACE_CURVE('',#12969,(#12973,#12980),.PCURVE_S1.);
#12969 = LINE('',#12970,#12971);
#12970 = CARTESIAN_POINT('',(-5.094573157778,14.223468650479,0.59));
#12971 = VECTOR('',#12972,1.);
#12972 = DIRECTION('',(0.,0.,1.));
#12973 = PCURVE('',#3935,#12974);
#12974 = DEFINITIONAL_REPRESENTATION('',(#12975),#12979);
#12975 = LINE('',#12976,#12977);
#12976 = CARTESIAN_POINT('',(0.691988113745,-0.31));
#12977 = VECTOR('',#12978,1.);
#12978 = DIRECTION('',(0.,1.));
#12979 = ( GEOMETRIC_REPRESENTATION_CONTEXT(2) 
PARAMETRIC_REPRESENTATION_CONTEXT() REPRESENTATION_CONTEXT('2D SPACE',''
  ) );
#12980 = PCURVE('',#3909,#12981);
#12981 = DEFINITIONAL_REPRESENTATION('',(#12982),#12986);
#12982 = LINE('',#12983,#12984);
#12983 = CARTESIAN_POINT('',(0.,-0.31));
#12984 = VECTOR('',#12985,1.);
#12985 = DIRECTION('',(0.,1.));
#12986 = ( GEOMETRIC_REPRESENTATION_CONTEXT(2) 
PARAMETRIC_REPRESENTATION_CONTEXT() REPRESENTATION_CONTEXT('2D SPACE',''
  ) );
#12987 = ORIENTED_EDGE('',*,*,#3920,.F.);
#12988 = ADVANCED_FACE('',(#12989),#3805,.F.);
#12989 = FACE_BOUND('',#12990,.F.);
#12990 = EDGE_LOOP('',(#12991,#13014,#13035,#13036));
#12991 = ORIENTED_EDGE('',*,*,#12992,.F.);
#12992 = EDGE_CURVE('',#12993,#3791,#12995,.T.);
#12993 = VERTEX_POINT('',#12994);
#12994 = CARTESIAN_POINT('',(-6.140953702466,13.043349470207,0.59));
#12995 = SURFACE_CURVE('',#12996,(#13000,#13007),.PCURVE_S1.);
#12996 = LINE('',#12997,#12998);
#12997 = CARTESIAN_POINT('',(-6.140953702466,13.043349470207,0.59));
#12998 = VECTOR('',#12999,1.);
#12999 = DIRECTION('',(0.,0.,1.));
#13000 = PCURVE('',#3805,#13001);
#13001 = DEFINITIONAL_REPRESENTATION('',(#13002),#13006);
#13002 = LINE('',#13003,#13004);
#13003 = CARTESIAN_POINT('',(0.,-0.31));
#13004 = VECTOR('',#13005,1.);
#13005 = DIRECTION('',(0.,1.));
#13006 = ( GEOMETRIC_REPRESENTATION_CONTEXT(2) 
PARAMETRIC_REPRESENTATION_CONTEXT() REPRESENTATION_CONTEXT('2D SPACE',''
  ) );
#13007 = PCURVE('',#3831,#13008);
#13008 = DEFINITIONAL_REPRESENTATION('',(#13009),#13013);
#13009 = LINE('',#13010,#13011);
#13010 = CARTESIAN_POINT('',(0.691988113745,-0.31));
#13011 = VECTOR('',#13012,1.);
#13012 = DIRECTION('',(0.,1.));
#13013 = ( GEOMETRIC_REPRESENTATION_CONTEXT(2) 
PARAMETRIC_REPRESENTATION_CONTEXT() REPRESENTATION_CONTEXT('2D SPACE',''
  ) );
#13014 = ORIENTED_EDGE('',*,*,#13015,.T.);
#13015 = EDGE_CURVE('',#12993,#12895,#13016,.T.);
#13016 = SURFACE_CURVE('',#13017,(#13021,#13028),.PCURVE_S1.);
#13017 = LINE('',#13018,#13019);
#13018 = CARTESIAN_POINT('',(-6.140953702466,13.043349470207,0.59));
#13019 = VECTOR('',#13020,1.);
#13020 = DIRECTION('',(0.453980779048,-0.891011477061,0.));
#13021 = PCURVE('',#3805,#13022);
#13022 = DEFINITIONAL_REPRESENTATION('',(#13023),#13027);
#13023 = LINE('',#13024,#13025);
#13024 = CARTESIAN_POINT('',(0.,-0.31));
#13025 = VECTOR('',#13026,1.);
#13026 = DIRECTION('',(1.,0.));
#13027 = ( GEOMETRIC_REPRESENTATION_CONTEXT(2) 
PARAMETRIC_REPRESENTATION_CONTEXT() REPRESENTATION_CONTEXT('2D SPACE',''
  ) );
#13028 = PCURVE('',#11975,#13029);
#13029 = DEFINITIONAL_REPRESENTATION('',(#13030),#13034);
#13030 = LINE('',#13031,#13032);
#13031 = CARTESIAN_POINT('',(-1.574947167015,2.020034566436));
#13032 = VECTOR('',#13033,1.);
#13033 = DIRECTION('',(0.453980779048,-0.891011477061));
#13034 = ( GEOMETRIC_REPRESENTATION_CONTEXT(2) 
PARAMETRIC_REPRESENTATION_CONTEXT() REPRESENTATION_CONTEXT('2D SPACE',''
  ) );
#13035 = ORIENTED_EDGE('',*,*,#12894,.T.);
#13036 = ORIENTED_EDGE('',*,*,#3790,.F.);
#13037 = ADVANCED_FACE('',(#13038),#3909,.F.);
#13038 = FACE_BOUND('',#13039,.F.);
#13039 = EDGE_LOOP('',(#13040,#13041,#13064,#13085));
#13040 = ORIENTED_EDGE('',*,*,#12967,.F.);
#13041 = ORIENTED_EDGE('',*,*,#13042,.T.);
#13042 = EDGE_CURVE('',#12945,#13043,#13045,.T.);
#13043 = VERTEX_POINT('',#13044);
#13044 = CARTESIAN_POINT('',(-5.308405968349,14.8815599342,0.59));
#13045 = SURFACE_CURVE('',#13046,(#13050,#13057),.PCURVE_S1.);
#13046 = LINE('',#13047,#13048);
#13047 = CARTESIAN_POINT('',(-5.094573157778,14.223468650479,0.59));
#13048 = VECTOR('',#13049,1.);
#13049 = DIRECTION('',(-0.309024825052,0.951053971918,0.));
#13050 = PCURVE('',#3909,#13051);
#13051 = DEFINITIONAL_REPRESENTATION('',(#13052),#13056);
#13052 = LINE('',#13053,#13054);
#13053 = CARTESIAN_POINT('',(0.,-0.31));
#13054 = VECTOR('',#13055,1.);
#13055 = DIRECTION('',(1.,0.));
#13056 = ( GEOMETRIC_REPRESENTATION_CONTEXT(2) 
PARAMETRIC_REPRESENTATION_CONTEXT() REPRESENTATION_CONTEXT('2D SPACE',''
  ) );
#13057 = PCURVE('',#11975,#13058);
#13058 = DEFINITIONAL_REPRESENTATION('',(#13059),#13063);
#13059 = LINE('',#13060,#13061);
#13060 = CARTESIAN_POINT('',(-0.528566622327,3.200153746709));
#13061 = VECTOR('',#13062,1.);
#13062 = DIRECTION('',(-0.309024825052,0.951053971918));
#13063 = ( GEOMETRIC_REPRESENTATION_CONTEXT(2) 
PARAMETRIC_REPRESENTATION_CONTEXT() REPRESENTATION_CONTEXT('2D SPACE',''
  ) );
#13064 = ORIENTED_EDGE('',*,*,#13065,.T.);
#13065 = EDGE_CURVE('',#13043,#3869,#13066,.T.);
#13066 = SURFACE_CURVE('',#13067,(#13071,#13078),.PCURVE_S1.);
#13067 = LINE('',#13068,#13069);
#13068 = CARTESIAN_POINT('',(-5.308405968349,14.8815599342,0.59));
#13069 = VECTOR('',#13070,1.);
#13070 = DIRECTION('',(0.,0.,1.));
#13071 = PCURVE('',#3909,#13072);
#13072 = DEFINITIONAL_REPRESENTATION('',(#13073),#13077);
#13073 = LINE('',#13074,#13075);
#13074 = CARTESIAN_POINT('',(0.691959976145,-0.31));
#13075 = VECTOR('',#13076,1.);
#13076 = DIRECTION('',(0.,1.));
#13077 = ( GEOMETRIC_REPRESENTATION_CONTEXT(2) 
PARAMETRIC_REPRESENTATION_CONTEXT() REPRESENTATION_CONTEXT('2D SPACE',''
  ) );
#13078 = PCURVE('',#3883,#13079);
#13079 = DEFINITIONAL_REPRESENTATION('',(#13080),#13084);
#13080 = LINE('',#13081,#13082);
#13081 = CARTESIAN_POINT('',(-0.,-0.31));
#13082 = VECTOR('',#13083,1.);
#13083 = DIRECTION('',(0.,1.));
#13084 = ( GEOMETRIC_REPRESENTATION_CONTEXT(2) 
PARAMETRIC_REPRESENTATION_CONTEXT() REPRESENTATION_CONTEXT('2D SPACE',''
  ) );
#13085 = ORIENTED_EDGE('',*,*,#3894,.F.);
#13086 = ADVANCED_FACE('',(#13087),#3831,.F.);
#13087 = FACE_BOUND('',#13088,.F.);
#13088 = EDGE_LOOP('',(#13089,#13112,#13133,#13134));
#13089 = ORIENTED_EDGE('',*,*,#13090,.F.);
#13090 = EDGE_CURVE('',#13091,#3817,#13093,.T.);
#13091 = VERTEX_POINT('',#13092);
#13092 = CARTESIAN_POINT('',(-6.455103907632,13.659918361864,0.59));
#13093 = SURFACE_CURVE('',#13094,(#13098,#13105),.PCURVE_S1.);
#13094 = LINE('',#13095,#13096);
#13095 = CARTESIAN_POINT('',(-6.455103907632,13.659918361864,0.59));
#13096 = VECTOR('',#13097,1.);
#13097 = DIRECTION('',(0.,0.,1.));
#13098 = PCURVE('',#3831,#13099);
#13099 = DEFINITIONAL_REPRESENTATION('',(#13100),#13104);
#13100 = LINE('',#13101,#13102);
#13101 = CARTESIAN_POINT('',(0.,-0.31));
#13102 = VECTOR('',#13103,1.);
#13103 = DIRECTION('',(0.,1.));
#13104 = ( GEOMETRIC_REPRESENTATION_CONTEXT(2) 
PARAMETRIC_REPRESENTATION_CONTEXT() REPRESENTATION_CONTEXT('2D SPACE',''
  ) );
#13105 = PCURVE('',#3857,#13106);
#13106 = DEFINITIONAL_REPRESENTATION('',(#13107),#13111);
#13107 = LINE('',#13108,#13109);
#13108 = CARTESIAN_POINT('',(0.691959976145,-0.31));
#13109 = VECTOR('',#13110,1.);
#13110 = DIRECTION('',(0.,1.));
#13111 = ( GEOMETRIC_REPRESENTATION_CONTEXT(2) 
PARAMETRIC_REPRESENTATION_CONTEXT() REPRESENTATION_CONTEXT('2D SPACE',''
  ) );
#13112 = ORIENTED_EDGE('',*,*,#13113,.T.);
#13113 = EDGE_CURVE('',#13091,#12993,#13114,.T.);
#13114 = SURFACE_CURVE('',#13115,(#13119,#13126),.PCURVE_S1.);
#13115 = LINE('',#13116,#13117);
#13116 = CARTESIAN_POINT('',(-6.455103907632,13.659918361864,0.59));
#13117 = VECTOR('',#13118,1.);
#13118 = DIRECTION('',(0.453982082822,-0.891010812772,0.));
#13119 = PCURVE('',#3831,#13120);
#13120 = DEFINITIONAL_REPRESENTATION('',(#13121),#13125);
#13121 = LINE('',#13122,#13123);
#13122 = CARTESIAN_POINT('',(0.,-0.31));
#13123 = VECTOR('',#13124,1.);
#13124 = DIRECTION('',(1.,0.));
#13125 = ( GEOMETRIC_REPRESENTATION_CONTEXT(2) 
PARAMETRIC_REPRESENTATION_CONTEXT() REPRESENTATION_CONTEXT('2D SPACE',''
  ) );
#13126 = PCURVE('',#11975,#13127);
#13127 = DEFINITIONAL_REPRESENTATION('',(#13128),#13132);
#13128 = LINE('',#13129,#13130);
#13129 = CARTESIAN_POINT('',(-1.889097372181,2.636603458093));
#13130 = VECTOR('',#13131,1.);
#13131 = DIRECTION('',(0.453982082822,-0.891010812772));
#13132 = ( GEOMETRIC_REPRESENTATION_CONTEXT(2) 
PARAMETRIC_REPRESENTATION_CONTEXT() REPRESENTATION_CONTEXT('2D SPACE',''
  ) );
#13133 = ORIENTED_EDGE('',*,*,#12992,.T.);
#13134 = ORIENTED_EDGE('',*,*,#3816,.F.);
#13135 = ADVANCED_FACE('',(#13136),#3883,.F.);
#13136 = FACE_BOUND('',#13137,.F.);
#13137 = EDGE_LOOP('',(#13138,#13139,#13162,#13183));
#13138 = ORIENTED_EDGE('',*,*,#13065,.F.);
#13139 = ORIENTED_EDGE('',*,*,#13140,.T.);
#13140 = EDGE_CURVE('',#13043,#13141,#13143,.T.);
#13141 = VERTEX_POINT('',#13142);
#13142 = CARTESIAN_POINT('',(-6.769242086596,14.276461801618,0.59));
#13143 = SURFACE_CURVE('',#13144,(#13148,#13155),.PCURVE_S1.);
#13144 = LINE('',#13145,#13146);
#13145 = CARTESIAN_POINT('',(-5.308405968349,14.8815599342,0.59));
#13146 = VECTOR('',#13147,1.);
#13147 = DIRECTION('',(-0.923879532511,-0.382683432365,0.));
#13148 = PCURVE('',#3883,#13149);
#13149 = DEFINITIONAL_REPRESENTATION('',(#13150),#13154);
#13150 = LINE('',#13151,#13152);
#13151 = CARTESIAN_POINT('',(-0.,-0.31));
#13152 = VECTOR('',#13153,1.);
#13153 = DIRECTION('',(1.,0.));
#13154 = ( GEOMETRIC_REPRESENTATION_CONTEXT(2) 
PARAMETRIC_REPRESENTATION_CONTEXT() REPRESENTATION_CONTEXT('2D SPACE',''
  ) );
#13155 = PCURVE('',#11975,#13156);
#13156 = DEFINITIONAL_REPRESENTATION('',(#13157),#13161);
#13157 = LINE('',#13158,#13159);
#13158 = CARTESIAN_POINT('',(-0.742399432898,3.85824503043));
#13159 = VECTOR('',#13160,1.);
#13160 = DIRECTION('',(-0.923879532511,-0.382683432365));
#13161 = ( GEOMETRIC_REPRESENTATION_CONTEXT(2) 
PARAMETRIC_REPRESENTATION_CONTEXT() REPRESENTATION_CONTEXT('2D SPACE',''
  ) );
#13162 = ORIENTED_EDGE('',*,*,#13163,.T.);
#13163 = EDGE_CURVE('',#13141,#3843,#13164,.T.);
#13164 = SURFACE_CURVE('',#13165,(#13169,#13176),.PCURVE_S1.);
#13165 = LINE('',#13166,#13167);
#13166 = CARTESIAN_POINT('',(-6.769242086596,14.276461801618,0.59));
#13167 = VECTOR('',#13168,1.);
#13168 = DIRECTION('',(0.,0.,1.));
#13169 = PCURVE('',#3883,#13170);
#13170 = DEFINITIONAL_REPRESENTATION('',(#13171),#13175);
#13171 = LINE('',#13172,#13173);
#13172 = CARTESIAN_POINT('',(1.581197620296,-0.31));
#13173 = VECTOR('',#13174,1.);
#13174 = DIRECTION('',(0.,1.));
#13175 = ( GEOMETRIC_REPRESENTATION_CONTEXT(2) 
PARAMETRIC_REPRESENTATION_CONTEXT() REPRESENTATION_CONTEXT('2D SPACE',''
  ) );
#13176 = PCURVE('',#3857,#13177);
#13177 = DEFINITIONAL_REPRESENTATION('',(#13178),#13182);
#13178 = LINE('',#13179,#13180);
#13179 = CARTESIAN_POINT('',(0.,-0.31));
#13180 = VECTOR('',#13181,1.);
#13181 = DIRECTION('',(0.,1.));
#13182 = ( GEOMETRIC_REPRESENTATION_CONTEXT(2) 
PARAMETRIC_REPRESENTATION_CONTEXT() REPRESENTATION_CONTEXT('2D SPACE',''
  ) );
#13183 = ORIENTED_EDGE('',*,*,#3868,.F.);
#13184 = ADVANCED_FACE('',(#13185),#3857,.F.);
#13185 = FACE_BOUND('',#13186,.F.);
#13186 = EDGE_LOOP('',(#13187,#13188,#13209,#13210));
#13187 = ORIENTED_EDGE('',*,*,#13163,.F.);
#13188 = ORIENTED_EDGE('',*,*,#13189,.T.);
#13189 = EDGE_CURVE('',#13141,#13091,#13190,.T.);
#13190 = SURFACE_CURVE('',#13191,(#13195,#13202),.PCURVE_S1.);
#13191 = LINE('',#13192,#13193);
#13192 = CARTESIAN_POINT('',(-6.769242086596,14.276461801618,0.59));
#13193 = VECTOR('',#13194,1.);
#13194 = DIRECTION('',(0.453983163468,-0.891010262167,0.));
#13195 = PCURVE('',#3857,#13196);
#13196 = DEFINITIONAL_REPRESENTATION('',(#13197),#13201);
#13197 = LINE('',#13198,#13199);
#13198 = CARTESIAN_POINT('',(0.,-0.31));
#13199 = VECTOR('',#13200,1.);
#13200 = DIRECTION('',(1.,0.));
#13201 = ( GEOMETRIC_REPRESENTATION_CONTEXT(2) 
PARAMETRIC_REPRESENTATION_CONTEXT() REPRESENTATION_CONTEXT('2D SPACE',''
  ) );
#13202 = PCURVE('',#11975,#13203);
#13203 = DEFINITIONAL_REPRESENTATION('',(#13204),#13208);
#13204 = LINE('',#13205,#13206);
#13205 = CARTESIAN_POINT('',(-2.203235551145,3.253146897847));
#13206 = VECTOR('',#13207,1.);
#13207 = DIRECTION('',(0.453983163468,-0.891010262167));
#13208 = ( GEOMETRIC_REPRESENTATION_CONTEXT(2) 
PARAMETRIC_REPRESENTATION_CONTEXT() REPRESENTATION_CONTEXT('2D SPACE',''
  ) );
#13209 = ORIENTED_EDGE('',*,*,#13090,.T.);
#13210 = ORIENTED_EDGE('',*,*,#3842,.F.);
#13211 = ADVANCED_FACE('',(#13212),#4197,.F.);
#13212 = FACE_BOUND('',#13213,.F.);
#13213 = EDGE_LOOP('',(#13214,#13237,#13265,#13286));
#13214 = ORIENTED_EDGE('',*,*,#13215,.T.);
#13215 = EDGE_CURVE('',#4181,#13216,#13218,.T.);
#13216 = VERTEX_POINT('',#13217);
#13217 = CARTESIAN_POINT('',(6.981114232663,2.741175673048,0.59));
#13218 = SURFACE_CURVE('',#13219,(#13223,#13230),.PCURVE_S1.);
#13219 = LINE('',#13220,#13221);
#13220 = CARTESIAN_POINT('',(6.981114232663,2.741175673048,1.21));
#13221 = VECTOR('',#13222,1.);
#13222 = DIRECTION('',(0.,0.,-1.));
#13223 = PCURVE('',#4197,#13224);
#13224 = DEFINITIONAL_REPRESENTATION('',(#13225),#13229);
#13225 = LINE('',#13226,#13227);
#13226 = CARTESIAN_POINT('',(0.,0.31));
#13227 = VECTOR('',#13228,1.);
#13228 = DIRECTION('',(0.,-1.));
#13229 = ( GEOMETRIC_REPRESENTATION_CONTEXT(2) 
PARAMETRIC_REPRESENTATION_CONTEXT() REPRESENTATION_CONTEXT('2D SPACE',''
  ) );
#13230 = PCURVE('',#4223,#13231);
#13231 = DEFINITIONAL_REPRESENTATION('',(#13232),#13236);
#13232 = LINE('',#13233,#13234);
#13233 = CARTESIAN_POINT('',(0.278081313884,0.31));
#13234 = VECTOR('',#13235,1.);
#13235 = DIRECTION('',(0.,-1.));
#13236 = ( GEOMETRIC_REPRESENTATION_CONTEXT(2) 
PARAMETRIC_REPRESENTATION_CONTEXT() REPRESENTATION_CONTEXT('2D SPACE',''
  ) );
#13237 = ORIENTED_EDGE('',*,*,#13238,.T.);
#13238 = EDGE_CURVE('',#13216,#13239,#13241,.T.);
#13239 = VERTEX_POINT('',#13240);
#13240 = CARTESIAN_POINT('',(7.639998025609,2.955305897274,0.59));
#13241 = SURFACE_CURVE('',#13242,(#13246,#13253),.PCURVE_S1.);
#13242 = LINE('',#13243,#13244);
#13243 = CARTESIAN_POINT('',(6.981114232663,2.741175673048,0.59));
#13244 = VECTOR('',#13245,1.);
#13245 = DIRECTION('',(0.951037042324,0.30907692267,0.));
#13246 = PCURVE('',#4197,#13247);
#13247 = DEFINITIONAL_REPRESENTATION('',(#13248),#13252);
#13248 = LINE('',#13249,#13250);
#13249 = CARTESIAN_POINT('',(0.,-0.31));
#13250 = VECTOR('',#13251,1.);
#13251 = DIRECTION('',(1.,0.));
#13252 = ( GEOMETRIC_REPRESENTATION_CONTEXT(2) 
PARAMETRIC_REPRESENTATION_CONTEXT() REPRESENTATION_CONTEXT('2D SPACE',''
  ) );
#13253 = PCURVE('',#13254,#13259);
#13254 = PLANE('',#13255);
#13255 = AXIS2_PLACEMENT_3D('',#13256,#13257,#13258);
#13256 = CARTESIAN_POINT('',(11.02331490377,4.566006535451,0.59));
#13257 = DIRECTION('',(0.,0.,1.));
#13258 = DIRECTION('',(1.,0.,0.));
#13259 = DEFINITIONAL_REPRESENTATION('',(#13260),#13264);
#13260 = LINE('',#13261,#13262);
#13261 = CARTESIAN_POINT('',(-4.042200671107,-1.824830862404));
#13262 = VECTOR('',#13263,1.);
#13263 = DIRECTION('',(0.951037042324,0.30907692267));
#13264 = ( GEOMETRIC_REPRESENTATION_CONTEXT(2) 
PARAMETRIC_REPRESENTATION_CONTEXT() REPRESENTATION_CONTEXT('2D SPACE',''
  ) );
#13265 = ORIENTED_EDGE('',*,*,#13266,.T.);
#13266 = EDGE_CURVE('',#13239,#4183,#13267,.T.);
#13267 = SURFACE_CURVE('',#13268,(#13272,#13279),.PCURVE_S1.);
#13268 = LINE('',#13269,#13270);
#13269 = CARTESIAN_POINT('',(7.639998025609,2.955305897274,0.59));
#13270 = VECTOR('',#13271,1.);
#13271 = DIRECTION('',(0.,0.,1.));
#13272 = PCURVE('',#4197,#13273);
#13273 = DEFINITIONAL_REPRESENTATION('',(#13274),#13278);
#13274 = LINE('',#13275,#13276);
#13275 = CARTESIAN_POINT('',(0.692805604433,-0.31));
#13276 = VECTOR('',#13277,1.);
#13277 = DIRECTION('',(0.,1.));
#13278 = ( GEOMETRIC_REPRESENTATION_CONTEXT(2) 
PARAMETRIC_REPRESENTATION_CONTEXT() REPRESENTATION_CONTEXT('2D SPACE',''
  ) );
#13279 = PCURVE('',#4845,#13280);
#13280 = DEFINITIONAL_REPRESENTATION('',(#13281),#13285);
#13281 = LINE('',#13282,#13283);
#13282 = CARTESIAN_POINT('',(0.,-0.31));
#13283 = VECTOR('',#13284,1.);
#13284 = DIRECTION('',(0.,1.));
#13285 = ( GEOMETRIC_REPRESENTATION_CONTEXT(2) 
PARAMETRIC_REPRESENTATION_CONTEXT() REPRESENTATION_CONTEXT('2D SPACE',''
  ) );
#13286 = ORIENTED_EDGE('',*,*,#4180,.F.);
#13287 = ADVANCED_FACE('',(#13288),#4223,.F.);
#13288 = FACE_BOUND('',#13289,.F.);
#13289 = EDGE_LOOP('',(#13290,#13313,#13334,#13335));
#13290 = ORIENTED_EDGE('',*,*,#13291,.T.);
#13291 = EDGE_CURVE('',#4209,#13292,#13294,.T.);
#13292 = VERTEX_POINT('',#13293);
#13293 = CARTESIAN_POINT('',(6.87469712099,2.998089307319,0.59));
#13294 = SURFACE_CURVE('',#13295,(#13299,#13306),.PCURVE_S1.);
#13295 = LINE('',#13296,#13297);
#13296 = CARTESIAN_POINT('',(6.87469712099,2.998089307319,1.21));
#13297 = VECTOR('',#13298,1.);
#13298 = DIRECTION('',(0.,0.,-1.));
#13299 = PCURVE('',#4223,#13300);
#13300 = DEFINITIONAL_REPRESENTATION('',(#13301),#13305);
#13301 = LINE('',#13302,#13303);
#13302 = CARTESIAN_POINT('',(0.,0.31));
#13303 = VECTOR('',#13304,1.);
#13304 = DIRECTION('',(0.,-1.));
#13305 = ( GEOMETRIC_REPRESENTATION_CONTEXT(2) 
PARAMETRIC_REPRESENTATION_CONTEXT() REPRESENTATION_CONTEXT('2D SPACE',''
  ) );
#13306 = PCURVE('',#4249,#13307);
#13307 = DEFINITIONAL_REPRESENTATION('',(#13308),#13312);
#13308 = LINE('',#13309,#13310);
#13309 = CARTESIAN_POINT('',(0.692805604433,0.31));
#13310 = VECTOR('',#13311,1.);
#13311 = DIRECTION('',(-0.,-1.));
#13312 = ( GEOMETRIC_REPRESENTATION_CONTEXT(2) 
PARAMETRIC_REPRESENTATION_CONTEXT() REPRESENTATION_CONTEXT('2D SPACE',''
  ) );
#13313 = ORIENTED_EDGE('',*,*,#13314,.T.);
#13314 = EDGE_CURVE('',#13292,#13216,#13315,.T.);
#13315 = SURFACE_CURVE('',#13316,(#13320,#13327),.PCURVE_S1.);
#13316 = LINE('',#13317,#13318);
#13317 = CARTESIAN_POINT('',(6.87469712099,2.998089307319,0.59));
#13318 = VECTOR('',#13319,1.);
#13319 = DIRECTION('',(0.382683432365,-0.923879532511,0.));
#13320 = PCURVE('',#4223,#13321);
#13321 = DEFINITIONAL_REPRESENTATION('',(#13322),#13326);
#13322 = LINE('',#13323,#13324);
#13323 = CARTESIAN_POINT('',(0.,-0.31));
#13324 = VECTOR('',#13325,1.);
#13325 = DIRECTION('',(1.,0.));
#13326 = ( GEOMETRIC_REPRESENTATION_CONTEXT(2) 
PARAMETRIC_REPRESENTATION_CONTEXT() REPRESENTATION_CONTEXT('2D SPACE',''
  ) );
#13327 = PCURVE('',#13254,#13328);
#13328 = DEFINITIONAL_REPRESENTATION('',(#13329),#13333);
#13329 = LINE('',#13330,#13331);
#13330 = CARTESIAN_POINT('',(-4.148617782781,-1.567917228133));
#13331 = VECTOR('',#13332,1.);
#13332 = DIRECTION('',(0.382683432365,-0.923879532511));
#13333 = ( GEOMETRIC_REPRESENTATION_CONTEXT(2) 
PARAMETRIC_REPRESENTATION_CONTEXT() REPRESENTATION_CONTEXT('2D SPACE',''
  ) );
#13334 = ORIENTED_EDGE('',*,*,#13215,.F.);
#13335 = ORIENTED_EDGE('',*,*,#4208,.F.);
#13336 = ADVANCED_FACE('',(#13337),#4845,.F.);
#13337 = FACE_BOUND('',#13338,.F.);
#13338 = EDGE_LOOP('',(#13339,#13340,#13363,#13384));
#13339 = ORIENTED_EDGE('',*,*,#13266,.F.);
#13340 = ORIENTED_EDGE('',*,*,#13341,.T.);
#13341 = EDGE_CURVE('',#13239,#13342,#13344,.T.);
#13342 = VERTEX_POINT('',#13343);
#13343 = CARTESIAN_POINT('',(8.298716285316,3.169372039844,0.59));
#13344 = SURFACE_CURVE('',#13345,(#13349,#13356),.PCURVE_S1.);
#13345 = LINE('',#13346,#13347);
#13346 = CARTESIAN_POINT('',(7.639998025609,2.955305897274,0.59));
#13347 = VECTOR('',#13348,1.);
#13348 = DIRECTION('',(0.951041407115,0.309063491782,0.));
#13349 = PCURVE('',#4845,#13350);
#13350 = DEFINITIONAL_REPRESENTATION('',(#13351),#13355);
#13351 = LINE('',#13352,#13353);
#13352 = CARTESIAN_POINT('',(0.,-0.31));
#13353 = VECTOR('',#13354,1.);
#13354 = DIRECTION('',(1.,0.));
#13355 = ( GEOMETRIC_REPRESENTATION_CONTEXT(2) 
PARAMETRIC_REPRESENTATION_CONTEXT() REPRESENTATION_CONTEXT('2D SPACE',''
  ) );
#13356 = PCURVE('',#13254,#13357);
#13357 = DEFINITIONAL_REPRESENTATION('',(#13358),#13362);
#13358 = LINE('',#13359,#13360);
#13359 = CARTESIAN_POINT('',(-3.383316878161,-1.610700638177));
#13360 = VECTOR('',#13361,1.);
#13361 = DIRECTION('',(0.951041407115,0.309063491782));
#13362 = ( GEOMETRIC_REPRESENTATION_CONTEXT(2) 
PARAMETRIC_REPRESENTATION_CONTEXT() REPRESENTATION_CONTEXT('2D SPACE',''
  ) );
#13363 = ORIENTED_EDGE('',*,*,#13364,.T.);
#13364 = EDGE_CURVE('',#13342,#4807,#13365,.T.);
#13365 = SURFACE_CURVE('',#13366,(#13370,#13377),.PCURVE_S1.);
#13366 = LINE('',#13367,#13368);
#13367 = CARTESIAN_POINT('',(8.298716285316,3.169372039844,0.59));
#13368 = VECTOR('',#13369,1.);
#13369 = DIRECTION('',(0.,0.,1.));
#13370 = PCURVE('',#4845,#13371);
#13371 = DEFINITIONAL_REPRESENTATION('',(#13372),#13376);
#13372 = LINE('',#13373,#13374);
#13373 = CARTESIAN_POINT('',(0.692628370099,-0.31));
#13374 = VECTOR('',#13375,1.);
#13375 = DIRECTION('',(0.,1.));
#13376 = ( GEOMETRIC_REPRESENTATION_CONTEXT(2) 
PARAMETRIC_REPRESENTATION_CONTEXT() REPRESENTATION_CONTEXT('2D SPACE',''
  ) );
#13377 = PCURVE('',#4821,#13378);
#13378 = DEFINITIONAL_REPRESENTATION('',(#13379),#13383);
#13379 = LINE('',#13380,#13381);
#13380 = CARTESIAN_POINT('',(0.,-0.31));
#13381 = VECTOR('',#13382,1.);
#13382 = DIRECTION('',(0.,1.));
#13383 = ( GEOMETRIC_REPRESENTATION_CONTEXT(2) 
PARAMETRIC_REPRESENTATION_CONTEXT() REPRESENTATION_CONTEXT('2D SPACE',''
  ) );
#13384 = ORIENTED_EDGE('',*,*,#4832,.F.);
#13385 = ADVANCED_FACE('',(#13386),#4249,.F.);
#13386 = FACE_BOUND('',#13387,.F.);
#13387 = EDGE_LOOP('',(#13388,#13411,#13432,#13433));
#13388 = ORIENTED_EDGE('',*,*,#13389,.T.);
#13389 = EDGE_CURVE('',#4235,#13390,#13392,.T.);
#13390 = VERTEX_POINT('',#13391);
#13391 = CARTESIAN_POINT('',(7.492011252603,3.312577571717,0.59));
#13392 = SURFACE_CURVE('',#13393,(#13397,#13404),.PCURVE_S1.);
#13393 = LINE('',#13394,#13395);
#13394 = CARTESIAN_POINT('',(7.492011252603,3.312577571717,1.21));
#13395 = VECTOR('',#13396,1.);
#13396 = DIRECTION('',(0.,0.,-1.));
#13397 = PCURVE('',#4249,#13398);
#13398 = DEFINITIONAL_REPRESENTATION('',(#13399),#13403);
#13399 = LINE('',#13400,#13401);
#13400 = CARTESIAN_POINT('',(0.,0.31));
#13401 = VECTOR('',#13402,1.);
#13402 = DIRECTION('',(-0.,-1.));
#13403 = ( GEOMETRIC_REPRESENTATION_CONTEXT(2) 
PARAMETRIC_REPRESENTATION_CONTEXT() REPRESENTATION_CONTEXT('2D SPACE',''
  ) );
#13404 = PCURVE('',#4275,#13405);
#13405 = DEFINITIONAL_REPRESENTATION('',(#13406),#13410);
#13406 = LINE('',#13407,#13408);
#13407 = CARTESIAN_POINT('',(0.692628370099,0.31));
#13408 = VECTOR('',#13409,1.);
#13409 = DIRECTION('',(-0.,-1.));
#13410 = ( GEOMETRIC_REPRESENTATION_CONTEXT(2) 
PARAMETRIC_REPRESENTATION_CONTEXT() REPRESENTATION_CONTEXT('2D SPACE',''
  ) );
#13411 = ORIENTED_EDGE('',*,*,#13412,.T.);
#13412 = EDGE_CURVE('',#13390,#13292,#13413,.T.);
#13413 = SURFACE_CURVE('',#13414,(#13418,#13425),.PCURVE_S1.);
#13414 = LINE('',#13415,#13416);
#13415 = CARTESIAN_POINT('',(7.492011252603,3.312577571717,0.59));
#13416 = VECTOR('',#13417,1.);
#13417 = DIRECTION('',(-0.891035129715,-0.453934353859,0.));
#13418 = PCURVE('',#4249,#13419);
#13419 = DEFINITIONAL_REPRESENTATION('',(#13420),#13424);
#13420 = LINE('',#13421,#13422);
#13421 = CARTESIAN_POINT('',(-0.,-0.31));
#13422 = VECTOR('',#13423,1.);
#13423 = DIRECTION('',(1.,0.));
#13424 = ( GEOMETRIC_REPRESENTATION_CONTEXT(2) 
PARAMETRIC_REPRESENTATION_CONTEXT() REPRESENTATION_CONTEXT('2D SPACE',''
  ) );
#13425 = PCURVE('',#13254,#13426);
#13426 = DEFINITIONAL_REPRESENTATION('',(#13427),#13431);
#13427 = LINE('',#13428,#13429);
#13428 = CARTESIAN_POINT('',(-3.531303651167,-1.253428963734));
#13429 = VECTOR('',#13430,1.);
#13430 = DIRECTION('',(-0.891035129715,-0.453934353859));
#13431 = ( GEOMETRIC_REPRESENTATION_CONTEXT(2) 
PARAMETRIC_REPRESENTATION_CONTEXT() REPRESENTATION_CONTEXT('2D SPACE',''
  ) );
#13432 = ORIENTED_EDGE('',*,*,#13291,.F.);
#13433 = ORIENTED_EDGE('',*,*,#4234,.F.);
#13434 = ADVANCED_FACE('',(#13435),#4821,.F.);
#13435 = FACE_BOUND('',#13436,.F.);
#13436 = EDGE_LOOP('',(#13437,#13438,#13461,#13482));
#13437 = ORIENTED_EDGE('',*,*,#13364,.F.);
#13438 = ORIENTED_EDGE('',*,*,#13439,.T.);
#13439 = EDGE_CURVE('',#13342,#13440,#13442,.T.);
#13440 = VERTEX_POINT('',#13441);
#13441 = CARTESIAN_POINT('',(8.957304668121,3.383388550324,0.59));
#13442 = SURFACE_CURVE('',#13443,(#13447,#13454),.PCURVE_S1.);
#13443 = LINE('',#13444,#13445);
#13444 = CARTESIAN_POINT('',(8.298716285316,3.169372039844,0.59));
#13445 = VECTOR('',#13446,1.);
#13446 = DIRECTION('',(0.951044558875,0.309053793106,0.));
#13447 = PCURVE('',#4821,#13448);
#13448 = DEFINITIONAL_REPRESENTATION('',(#13449),#13453);
#13449 = LINE('',#13450,#13451);
#13450 = CARTESIAN_POINT('',(0.,-0.31));
#13451 = VECTOR('',#13452,1.);
#13452 = DIRECTION('',(1.,0.));
#13453 = ( GEOMETRIC_REPRESENTATION_CONTEXT(2) 
PARAMETRIC_REPRESENTATION_CONTEXT() REPRESENTATION_CONTEXT('2D SPACE',''
  ) );
#13454 = PCURVE('',#13254,#13455);
#13455 = DEFINITIONAL_REPRESENTATION('',(#13456),#13460);
#13456 = LINE('',#13457,#13458);
#13457 = CARTESIAN_POINT('',(-2.724598618454,-1.396634495607));
#13458 = VECTOR('',#13459,1.);
#13459 = DIRECTION('',(0.951044558875,0.309053793106));
#13460 = ( GEOMETRIC_REPRESENTATION_CONTEXT(2) 
PARAMETRIC_REPRESENTATION_CONTEXT() REPRESENTATION_CONTEXT('2D SPACE',''
  ) );
#13461 = ORIENTED_EDGE('',*,*,#13462,.T.);
#13462 = EDGE_CURVE('',#13440,#4781,#13463,.T.);
#13463 = SURFACE_CURVE('',#13464,(#13468,#13475),.PCURVE_S1.);
#13464 = LINE('',#13465,#13466);
#13465 = CARTESIAN_POINT('',(8.957304668121,3.383388550324,0.59));
#13466 = VECTOR('',#13467,1.);
#13467 = DIRECTION('',(0.,0.,1.));
#13468 = PCURVE('',#4821,#13469);
#13469 = DEFINITIONAL_REPRESENTATION('',(#13470),#13474);
#13470 = LINE('',#13471,#13472);
#13471 = CARTESIAN_POINT('',(0.692489512356,-0.31));
#13472 = VECTOR('',#13473,1.);
#13473 = DIRECTION('',(0.,1.));
#13474 = ( GEOMETRIC_REPRESENTATION_CONTEXT(2) 
PARAMETRIC_REPRESENTATION_CONTEXT() REPRESENTATION_CONTEXT('2D SPACE',''
  ) );
#13475 = PCURVE('',#4795,#13476);
#13476 = DEFINITIONAL_REPRESENTATION('',(#13477),#13481);
#13477 = LINE('',#13478,#13479);
#13478 = CARTESIAN_POINT('',(0.,-0.31));
#13479 = VECTOR('',#13480,1.);
#13480 = DIRECTION('',(0.,1.));
#13481 = ( GEOMETRIC_REPRESENTATION_CONTEXT(2) 
PARAMETRIC_REPRESENTATION_CONTEXT() REPRESENTATION_CONTEXT('2D SPACE',''
  ) );
#13482 = ORIENTED_EDGE('',*,*,#4806,.F.);
#13483 = ADVANCED_FACE('',(#13484),#4275,.F.);
#13484 = FACE_BOUND('',#13485,.F.);
#13485 = EDGE_LOOP('',(#13486,#13509,#13530,#13531));
#13486 = ORIENTED_EDGE('',*,*,#13487,.F.);
#13487 = EDGE_CURVE('',#13488,#4261,#13490,.T.);
#13488 = VERTEX_POINT('',#13489);
#13489 = CARTESIAN_POINT('',(8.109163021967,3.626994099014,0.59));
#13490 = SURFACE_CURVE('',#13491,(#13495,#13502),.PCURVE_S1.);
#13491 = LINE('',#13492,#13493);
#13492 = CARTESIAN_POINT('',(8.109163021967,3.626994099014,0.59));
#13493 = VECTOR('',#13494,1.);
#13494 = DIRECTION('',(0.,0.,1.));
#13495 = PCURVE('',#4275,#13496);
#13496 = DEFINITIONAL_REPRESENTATION('',(#13497),#13501);
#13497 = LINE('',#13498,#13499);
#13498 = CARTESIAN_POINT('',(-0.,-0.31));
#13499 = VECTOR('',#13500,1.);
#13500 = DIRECTION('',(0.,1.));
#13501 = ( GEOMETRIC_REPRESENTATION_CONTEXT(2) 
PARAMETRIC_REPRESENTATION_CONTEXT() REPRESENTATION_CONTEXT('2D SPACE',''
  ) );
#13502 = PCURVE('',#4301,#13503);
#13503 = DEFINITIONAL_REPRESENTATION('',(#13504),#13508);
#13504 = LINE('',#13505,#13506);
#13505 = CARTESIAN_POINT('',(0.692489512356,-0.31));
#13506 = VECTOR('',#13507,1.);
#13507 = DIRECTION('',(0.,1.));
#13508 = ( GEOMETRIC_REPRESENTATION_CONTEXT(2) 
PARAMETRIC_REPRESENTATION_CONTEXT() REPRESENTATION_CONTEXT('2D SPACE',''
  ) );
#13509 = ORIENTED_EDGE('',*,*,#13510,.T.);
#13510 = EDGE_CURVE('',#13488,#13390,#13511,.T.);
#13511 = SURFACE_CURVE('',#13512,(#13516,#13523),.PCURVE_S1.);
#13512 = LINE('',#13513,#13514);
#13513 = CARTESIAN_POINT('',(8.109163021967,3.626994099014,0.59));
#13514 = VECTOR('',#13515,1.);
#13515 = DIRECTION('',(-0.891028719016,-0.453946937304,0.));
#13516 = PCURVE('',#4275,#13517);
#13517 = DEFINITIONAL_REPRESENTATION('',(#13518),#13522);
#13518 = LINE('',#13519,#13520);
#13519 = CARTESIAN_POINT('',(-0.,-0.31));
#13520 = VECTOR('',#13521,1.);
#13521 = DIRECTION('',(1.,0.));
#13522 = ( GEOMETRIC_REPRESENTATION_CONTEXT(2) 
PARAMETRIC_REPRESENTATION_CONTEXT() REPRESENTATION_CONTEXT('2D SPACE',''
  ) );
#13523 = PCURVE('',#13254,#13524);
#13524 = DEFINITIONAL_REPRESENTATION('',(#13525),#13529);
#13525 = LINE('',#13526,#13527);
#13526 = CARTESIAN_POINT('',(-2.914151881804,-0.939012436438));
#13527 = VECTOR('',#13528,1.);
#13528 = DIRECTION('',(-0.891028719016,-0.453946937304));
#13529 = ( GEOMETRIC_REPRESENTATION_CONTEXT(2) 
PARAMETRIC_REPRESENTATION_CONTEXT() REPRESENTATION_CONTEXT('2D SPACE',''
  ) );
#13530 = ORIENTED_EDGE('',*,*,#13389,.F.);
#13531 = ORIENTED_EDGE('',*,*,#4260,.F.);
#13532 = ADVANCED_FACE('',(#13533),#4795,.F.);
#13533 = FACE_BOUND('',#13534,.F.);
#13534 = EDGE_LOOP('',(#13535,#13536,#13559,#13580));
#13535 = ORIENTED_EDGE('',*,*,#13462,.F.);
#13536 = ORIENTED_EDGE('',*,*,#13537,.T.);
#13537 = EDGE_CURVE('',#13440,#13538,#13540,.T.);
#13538 = VERTEX_POINT('',#13539);
#13539 = CARTESIAN_POINT('',(9.61578927761,3.597365843647,0.59));
#13540 = SURFACE_CURVE('',#13541,(#13545,#13552),.PCURVE_S1.);
#13541 = LINE('',#13542,#13543);
#13542 = CARTESIAN_POINT('',(8.957304668121,3.383388550324,0.59));
#13543 = VECTOR('',#13544,1.);
#13544 = DIRECTION('',(0.951046891431,0.30904661509,0.));
#13545 = PCURVE('',#4795,#13546);
#13546 = DEFINITIONAL_REPRESENTATION('',(#13547),#13551);
#13547 = LINE('',#13548,#13549);
#13548 = CARTESIAN_POINT('',(0.,-0.31));
#13549 = VECTOR('',#13550,1.);
#13550 = DIRECTION('',(1.,0.));
#13551 = ( GEOMETRIC_REPRESENTATION_CONTEXT(2) 
PARAMETRIC_REPRESENTATION_CONTEXT() REPRESENTATION_CONTEXT('2D SPACE',''
  ) );
#13552 = PCURVE('',#13254,#13553);
#13553 = DEFINITIONAL_REPRESENTATION('',(#13554),#13558);
#13554 = LINE('',#13555,#13556);
#13555 = CARTESIAN_POINT('',(-2.06601023565,-1.182617985127));
#13556 = VECTOR('',#13557,1.);
#13557 = DIRECTION('',(0.951046891431,0.30904661509));
#13558 = ( GEOMETRIC_REPRESENTATION_CONTEXT(2) 
PARAMETRIC_REPRESENTATION_CONTEXT() REPRESENTATION_CONTEXT('2D SPACE',''
  ) );
#13559 = ORIENTED_EDGE('',*,*,#13560,.T.);
#13560 = EDGE_CURVE('',#13538,#4755,#13561,.T.);
#13561 = SURFACE_CURVE('',#13562,(#13566,#13573),.PCURVE_S1.);
#13562 = LINE('',#13563,#13564);
#13563 = CARTESIAN_POINT('',(9.61578927761,3.597365843647,0.59));
#13564 = VECTOR('',#13565,1.);
#13565 = DIRECTION('',(0.,0.,1.));
#13566 = PCURVE('',#4795,#13567);
#13567 = DEFINITIONAL_REPRESENTATION('',(#13568),#13572);
#13568 = LINE('',#13569,#13570);
#13569 = CARTESIAN_POINT('',(0.692378699118,-0.31));
#13570 = VECTOR('',#13571,1.);
#13571 = DIRECTION('',(0.,1.));
#13572 = ( GEOMETRIC_REPRESENTATION_CONTEXT(2) 
PARAMETRIC_REPRESENTATION_CONTEXT() REPRESENTATION_CONTEXT('2D SPACE',''
  ) );
#13573 = PCURVE('',#4769,#13574);
#13574 = DEFINITIONAL_REPRESENTATION('',(#13575),#13579);
#13575 = LINE('',#13576,#13577);
#13576 = CARTESIAN_POINT('',(0.,-0.31));
#13577 = VECTOR('',#13578,1.);
#13578 = DIRECTION('',(0.,1.));
#13579 = ( GEOMETRIC_REPRESENTATION_CONTEXT(2) 
PARAMETRIC_REPRESENTATION_CONTEXT() REPRESENTATION_CONTEXT('2D SPACE',''
  ) );
#13580 = ORIENTED_EDGE('',*,*,#4780,.F.);
#13581 = ADVANCED_FACE('',(#13582),#4301,.F.);
#13582 = FACE_BOUND('',#13583,.F.);
#13583 = EDGE_LOOP('',(#13584,#13607,#13628,#13629));
#13584 = ORIENTED_EDGE('',*,*,#13585,.F.);
#13585 = EDGE_CURVE('',#13586,#4287,#13588,.T.);
#13586 = VERTEX_POINT('',#13587);
#13587 = CARTESIAN_POINT('',(8.726187859305,3.941353884659,0.59));
#13588 = SURFACE_CURVE('',#13589,(#13593,#13600),.PCURVE_S1.);
#13589 = LINE('',#13590,#13591);
#13590 = CARTESIAN_POINT('',(8.726187859305,3.941353884659,0.59));
#13591 = VECTOR('',#13592,1.);
#13592 = DIRECTION('',(0.,0.,1.));
#13593 = PCURVE('',#4301,#13594);
#13594 = DEFINITIONAL_REPRESENTATION('',(#13595),#13599);
#13595 = LINE('',#13596,#13597);
#13596 = CARTESIAN_POINT('',(-0.,-0.31));
#13597 = VECTOR('',#13598,1.);
#13598 = DIRECTION('',(0.,1.));
#13599 = ( GEOMETRIC_REPRESENTATION_CONTEXT(2) 
PARAMETRIC_REPRESENTATION_CONTEXT() REPRESENTATION_CONTEXT('2D SPACE',''
  ) );
#13600 = PCURVE('',#4327,#13601);
#13601 = DEFINITIONAL_REPRESENTATION('',(#13602),#13606);
#13602 = LINE('',#13603,#13604);
#13603 = CARTESIAN_POINT('',(0.692378699118,-0.31));
#13604 = VECTOR('',#13605,1.);
#13605 = DIRECTION('',(0.,1.));
#13606 = ( GEOMETRIC_REPRESENTATION_CONTEXT(2) 
PARAMETRIC_REPRESENTATION_CONTEXT() REPRESENTATION_CONTEXT('2D SPACE',''
  ) );
#13607 = ORIENTED_EDGE('',*,*,#13608,.T.);
#13608 = EDGE_CURVE('',#13586,#13488,#13609,.T.);
#13609 = SURFACE_CURVE('',#13610,(#13614,#13621),.PCURVE_S1.);
#13610 = LINE('',#13611,#13612);
#13611 = CARTESIAN_POINT('',(8.726187859305,3.941353884659,0.59));
#13612 = VECTOR('',#13613,1.);
#13613 = DIRECTION('',(-0.891024089648,-0.453956023935,0.));
#13614 = PCURVE('',#4301,#13615);
#13615 = DEFINITIONAL_REPRESENTATION('',(#13616),#13620);
#13616 = LINE('',#13617,#13618);
#13617 = CARTESIAN_POINT('',(-0.,-0.31));
#13618 = VECTOR('',#13619,1.);
#13619 = DIRECTION('',(1.,0.));
#13620 = ( GEOMETRIC_REPRESENTATION_CONTEXT(2) 
PARAMETRIC_REPRESENTATION_CONTEXT() REPRESENTATION_CONTEXT('2D SPACE',''
  ) );
#13621 = PCURVE('',#13254,#13622);
#13622 = DEFINITIONAL_REPRESENTATION('',(#13623),#13627);
#13623 = LINE('',#13624,#13625);
#13624 = CARTESIAN_POINT('',(-2.297127044465,-0.624652650792));
#13625 = VECTOR('',#13626,1.);
#13626 = DIRECTION('',(-0.891024089648,-0.453956023935));
#13627 = ( GEOMETRIC_REPRESENTATION_CONTEXT(2) 
PARAMETRIC_REPRESENTATION_CONTEXT() REPRESENTATION_CONTEXT('2D SPACE',''
  ) );
#13628 = ORIENTED_EDGE('',*,*,#13487,.T.);
#13629 = ORIENTED_EDGE('',*,*,#4286,.F.);
#13630 = ADVANCED_FACE('',(#13631),#4769,.F.);
#13631 = FACE_BOUND('',#13632,.F.);
#13632 = EDGE_LOOP('',(#13633,#13634,#13657,#13678));
#13633 = ORIENTED_EDGE('',*,*,#13560,.F.);
#13634 = ORIENTED_EDGE('',*,*,#13635,.T.);
#13635 = EDGE_CURVE('',#13538,#13636,#13638,.T.);
#13636 = VERTEX_POINT('',#13637);
#13637 = CARTESIAN_POINT('',(10.2741896624,3.81131161485,0.59));
#13638 = SURFACE_CURVE('',#13639,(#13643,#13650),.PCURVE_S1.);
#13639 = LINE('',#13640,#13641);
#13640 = CARTESIAN_POINT('',(9.61578927761,3.597365843647,0.59));
#13641 = VECTOR('',#13642,1.);
#13642 = DIRECTION('',(0.951048654593,0.309041189159,0.));
#13643 = PCURVE('',#4769,#13644);
#13644 = DEFINITIONAL_REPRESENTATION('',(#13645),#13649);
#13645 = LINE('',#13646,#13647);
#13646 = CARTESIAN_POINT('',(0.,-0.31));
#13647 = VECTOR('',#13648,1.);
#13648 = DIRECTION('',(1.,0.));
#13649 = ( GEOMETRIC_REPRESENTATION_CONTEXT(2) 
PARAMETRIC_REPRESENTATION_CONTEXT() REPRESENTATION_CONTEXT('2D SPACE',''
  ) );
#13650 = PCURVE('',#13254,#13651);
#13651 = DEFINITIONAL_REPRESENTATION('',(#13652),#13656);
#13652 = LINE('',#13653,#13654);
#13653 = CARTESIAN_POINT('',(-1.40752562616,-0.968640691804));
#13654 = VECTOR('',#13655,1.);
#13655 = DIRECTION('',(0.951048654593,0.309041189159));
#13656 = ( GEOMETRIC_REPRESENTATION_CONTEXT(2) 
PARAMETRIC_REPRESENTATION_CONTEXT() REPRESENTATION_CONTEXT('2D SPACE',''
  ) );
#13657 = ORIENTED_EDGE('',*,*,#13658,.T.);
#13658 = EDGE_CURVE('',#13636,#4729,#13659,.T.);
#13659 = SURFACE_CURVE('',#13660,(#13664,#13671),.PCURVE_S1.);
#13660 = LINE('',#13661,#13662);
#13661 = CARTESIAN_POINT('',(10.2741896624,3.81131161485,0.59));
#13662 = VECTOR('',#13663,1.);
#13663 = DIRECTION('',(0.,0.,1.));
#13664 = PCURVE('',#4769,#13665);
#13665 = DEFINITIONAL_REPRESENTATION('',(#13666),#13670);
#13666 = LINE('',#13667,#13668);
#13667 = CARTESIAN_POINT('',(0.692288855685,-0.31));
#13668 = VECTOR('',#13669,1.);
#13669 = DIRECTION('',(0.,1.));
#13670 = ( GEOMETRIC_REPRESENTATION_CONTEXT(2) 
PARAMETRIC_REPRESENTATION_CONTEXT() REPRESENTATION_CONTEXT('2D SPACE',''
  ) );
#13671 = PCURVE('',#4743,#13672);
#13672 = DEFINITIONAL_REPRESENTATION('',(#13673),#13677);
#13673 = LINE('',#13674,#13675);
#13674 = CARTESIAN_POINT('',(0.,-0.31));
#13675 = VECTOR('',#13676,1.);
#13676 = DIRECTION('',(0.,1.));
#13677 = ( GEOMETRIC_REPRESENTATION_CONTEXT(2) 
PARAMETRIC_REPRESENTATION_CONTEXT() REPRESENTATION_CONTEXT('2D SPACE',''
  ) );
#13678 = ORIENTED_EDGE('',*,*,#4754,.F.);
#13679 = ADVANCED_FACE('',(#13680),#4327,.F.);
#13680 = FACE_BOUND('',#13681,.F.);
#13681 = EDGE_LOOP('',(#13682,#13705,#13726,#13727));
#13682 = ORIENTED_EDGE('',*,*,#13683,.F.);
#13683 = EDGE_CURVE('',#13684,#4313,#13686,.T.);
#13684 = VERTEX_POINT('',#13685);
#13685 = CARTESIAN_POINT('',(9.343111587111,4.255668022207,0.59));
#13686 = SURFACE_CURVE('',#13687,(#13691,#13698),.PCURVE_S1.);
#13687 = LINE('',#13688,#13689);
#13688 = CARTESIAN_POINT('',(9.343111587111,4.255668022207,0.59));
#13689 = VECTOR('',#13690,1.);
#13690 = DIRECTION('',(0.,0.,1.));
#13691 = PCURVE('',#4327,#13692);
#13692 = DEFINITIONAL_REPRESENTATION('',(#13693),#13697);
#13693 = LINE('',#13694,#13695);
#13694 = CARTESIAN_POINT('',(-0.,-0.31));
#13695 = VECTOR('',#13696,1.);
#13696 = DIRECTION('',(0.,1.));
#13697 = ( GEOMETRIC_REPRESENTATION_CONTEXT(2) 
PARAMETRIC_REPRESENTATION_CONTEXT() REPRESENTATION_CONTEXT('2D SPACE',''
  ) );
#13698 = PCURVE('',#4353,#13699);
#13699 = DEFINITIONAL_REPRESENTATION('',(#13700),#13704);
#13700 = LINE('',#13701,#13702);
#13701 = CARTESIAN_POINT('',(0.692288855685,-0.31));
#13702 = VECTOR('',#13703,1.);
#13703 = DIRECTION('',(0.,1.));
#13704 = ( GEOMETRIC_REPRESENTATION_CONTEXT(2) 
PARAMETRIC_REPRESENTATION_CONTEXT() REPRESENTATION_CONTEXT('2D SPACE',''
  ) );
#13705 = ORIENTED_EDGE('',*,*,#13706,.T.);
#13706 = EDGE_CURVE('',#13684,#13586,#13707,.T.);
#13707 = SURFACE_CURVE('',#13708,(#13712,#13719),.PCURVE_S1.);
#13708 = LINE('',#13709,#13710);
#13709 = CARTESIAN_POINT('',(9.343111587111,4.255668022207,0.59));
#13710 = VECTOR('',#13711,1.);
#13711 = DIRECTION('',(-0.891020663391,-0.453962748924,0.));
#13712 = PCURVE('',#4327,#13713);
#13713 = DEFINITIONAL_REPRESENTATION('',(#13714),#13718);
#13714 = LINE('',#13715,#13716);
#13715 = CARTESIAN_POINT('',(-0.,-0.31));
#13716 = VECTOR('',#13717,1.);
#13717 = DIRECTION('',(1.,0.));
#13718 = ( GEOMETRIC_REPRESENTATION_CONTEXT(2) 
PARAMETRIC_REPRESENTATION_CONTEXT() REPRESENTATION_CONTEXT('2D SPACE',''
  ) );
#13719 = PCURVE('',#13254,#13720);
#13720 = DEFINITIONAL_REPRESENTATION('',(#13721),#13725);
#13721 = LINE('',#13722,#13723);
#13722 = CARTESIAN_POINT('',(-1.68020331666,-0.310338513244));
#13723 = VECTOR('',#13724,1.);
#13724 = DIRECTION('',(-0.891020663391,-0.453962748924));
#13725 = ( GEOMETRIC_REPRESENTATION_CONTEXT(2) 
PARAMETRIC_REPRESENTATION_CONTEXT() REPRESENTATION_CONTEXT('2D SPACE',''
  ) );
#13726 = ORIENTED_EDGE('',*,*,#13585,.T.);
#13727 = ORIENTED_EDGE('',*,*,#4312,.F.);
#13728 = ADVANCED_FACE('',(#13729),#4743,.F.);
#13729 = FACE_BOUND('',#13730,.F.);
#13730 = EDGE_LOOP('',(#13731,#13732,#13755,#13776));
#13731 = ORIENTED_EDGE('',*,*,#13658,.F.);
#13732 = ORIENTED_EDGE('',*,*,#13733,.T.);
#13733 = EDGE_CURVE('',#13636,#13734,#13736,.T.);
#13734 = VERTEX_POINT('',#13735);
#13735 = CARTESIAN_POINT('',(10.932520751852,4.025231671634,0.59));
#13736 = SURFACE_CURVE('',#13737,(#13741,#13748),.PCURVE_S1.);
#13737 = LINE('',#13738,#13739);
#13738 = CARTESIAN_POINT('',(10.2741896624,3.81131161485,0.59));
#13739 = VECTOR('',#13740,1.);
#13740 = DIRECTION('',(0.951050012045,0.309037011681,0.));
#13741 = PCURVE('',#4743,#13742);
#13742 = DEFINITIONAL_REPRESENTATION('',(#13743),#13747);
#13743 = LINE('',#13744,#13745);
#13744 = CARTESIAN_POINT('',(0.,-0.31));
#13745 = VECTOR('',#13746,1.);
#13746 = DIRECTION('',(1.,0.));
#13747 = ( GEOMETRIC_REPRESENTATION_CONTEXT(2) 
PARAMETRIC_REPRESENTATION_CONTEXT() REPRESENTATION_CONTEXT('2D SPACE',''
  ) );
#13748 = PCURVE('',#13254,#13749);
#13749 = DEFINITIONAL_REPRESENTATION('',(#13750),#13754);
#13750 = LINE('',#13751,#13752);
#13751 = CARTESIAN_POINT('',(-0.749125241371,-0.754694920602));
#13752 = VECTOR('',#13753,1.);
#13753 = DIRECTION('',(0.951050012045,0.309037011681));
#13754 = ( GEOMETRIC_REPRESENTATION_CONTEXT(2) 
PARAMETRIC_REPRESENTATION_CONTEXT() REPRESENTATION_CONTEXT('2D SPACE',''
  ) );
#13755 = ORIENTED_EDGE('',*,*,#13756,.T.);
#13756 = EDGE_CURVE('',#13734,#4703,#13757,.T.);
#13757 = SURFACE_CURVE('',#13758,(#13762,#13769),.PCURVE_S1.);
#13758 = LINE('',#13759,#13760);
#13759 = CARTESIAN_POINT('',(10.932520751852,4.025231671634,0.59));
#13760 = VECTOR('',#13761,1.);
#13761 = DIRECTION('',(0.,0.,1.));
#13762 = PCURVE('',#4743,#13763);
#13763 = DEFINITIONAL_REPRESENTATION('',(#13764),#13768);
#13764 = LINE('',#13765,#13766);
#13765 = CARTESIAN_POINT('',(0.692215005641,-0.31));
#13766 = VECTOR('',#13767,1.);
#13767 = DIRECTION('',(0.,1.));
#13768 = ( GEOMETRIC_REPRESENTATION_CONTEXT(2) 
PARAMETRIC_REPRESENTATION_CONTEXT() REPRESENTATION_CONTEXT('2D SPACE',''
  ) );
#13769 = PCURVE('',#4717,#13770);
#13770 = DEFINITIONAL_REPRESENTATION('',(#13771),#13775);
#13771 = LINE('',#13772,#13773);
#13772 = CARTESIAN_POINT('',(0.,-0.31));
#13773 = VECTOR('',#13774,1.);
#13774 = DIRECTION('',(0.,1.));
#13775 = ( GEOMETRIC_REPRESENTATION_CONTEXT(2) 
PARAMETRIC_REPRESENTATION_CONTEXT() REPRESENTATION_CONTEXT('2D SPACE',''
  ) );
#13776 = ORIENTED_EDGE('',*,*,#4728,.F.);
#13777 = ADVANCED_FACE('',(#13778),#4353,.F.);
#13778 = FACE_BOUND('',#13779,.F.);
#13779 = EDGE_LOOP('',(#13780,#13803,#13824,#13825));
#13780 = ORIENTED_EDGE('',*,*,#13781,.F.);
#13781 = EDGE_CURVE('',#13782,#4339,#13784,.T.);
#13782 = VERTEX_POINT('',#13783);
#13783 = CARTESIAN_POINT('',(9.959953469555,4.569944893404,0.59));
#13784 = SURFACE_CURVE('',#13785,(#13789,#13796),.PCURVE_S1.);
#13785 = LINE('',#13786,#13787);
#13786 = CARTESIAN_POINT('',(9.959953469555,4.569944893404,0.59));
#13787 = VECTOR('',#13788,1.);
#13788 = DIRECTION('',(0.,0.,1.));
#13789 = PCURVE('',#4353,#13790);
#13790 = DEFINITIONAL_REPRESENTATION('',(#13791),#13795);
#13791 = LINE('',#13792,#13793);
#13792 = CARTESIAN_POINT('',(-0.,-0.31));
#13793 = VECTOR('',#13794,1.);
#13794 = DIRECTION('',(0.,1.));
#13795 = ( GEOMETRIC_REPRESENTATION_CONTEXT(2) 
PARAMETRIC_REPRESENTATION_CONTEXT() REPRESENTATION_CONTEXT('2D SPACE',''
  ) );
#13796 = PCURVE('',#4379,#13797);
#13797 = DEFINITIONAL_REPRESENTATION('',(#13798),#13802);
#13798 = LINE('',#13799,#13800);
#13799 = CARTESIAN_POINT('',(0.692215005641,-0.31));
#13800 = VECTOR('',#13801,1.);
#13801 = DIRECTION('',(0.,1.));
#13802 = ( GEOMETRIC_REPRESENTATION_CONTEXT(2) 
PARAMETRIC_REPRESENTATION_CONTEXT() REPRESENTATION_CONTEXT('2D SPACE',''
  ) );
#13803 = ORIENTED_EDGE('',*,*,#13804,.T.);
#13804 = EDGE_CURVE('',#13782,#13684,#13805,.T.);
#13805 = SURFACE_CURVE('',#13806,(#13810,#13817),.PCURVE_S1.);
#13806 = LINE('',#13807,#13808);
#13807 = CARTESIAN_POINT('',(9.959953469555,4.569944893404,0.59));
#13808 = VECTOR('',#13809,1.);
#13809 = DIRECTION('',(-0.891018073421,-0.453967832381,0.));
#13810 = PCURVE('',#4353,#13811);
#13811 = DEFINITIONAL_REPRESENTATION('',(#13812),#13816);
#13812 = LINE('',#13813,#13814);
#13813 = CARTESIAN_POINT('',(-0.,-0.31));
#13814 = VECTOR('',#13815,1.);
#13815 = DIRECTION('',(1.,0.));
#13816 = ( GEOMETRIC_REPRESENTATION_CONTEXT(2) 
PARAMETRIC_REPRESENTATION_CONTEXT() REPRESENTATION_CONTEXT('2D SPACE',''
  ) );
#13817 = PCURVE('',#13254,#13818);
#13818 = DEFINITIONAL_REPRESENTATION('',(#13819),#13823);
#13819 = LINE('',#13820,#13821);
#13820 = CARTESIAN_POINT('',(-1.063361434216,3.93835795304E-03));
#13821 = VECTOR('',#13822,1.);
#13822 = DIRECTION('',(-0.891018073421,-0.453967832381));
#13823 = ( GEOMETRIC_REPRESENTATION_CONTEXT(2) 
PARAMETRIC_REPRESENTATION_CONTEXT() REPRESENTATION_CONTEXT('2D SPACE',''
  ) );
#13824 = ORIENTED_EDGE('',*,*,#13683,.T.);
#13825 = ORIENTED_EDGE('',*,*,#4338,.F.);
#13826 = ADVANCED_FACE('',(#13827),#4717,.F.);
#13827 = FACE_BOUND('',#13828,.F.);
#13828 = EDGE_LOOP('',(#13829,#13830,#13853,#13874));
#13829 = ORIENTED_EDGE('',*,*,#13756,.F.);
#13830 = ORIENTED_EDGE('',*,*,#13831,.T.);
#13831 = EDGE_CURVE('',#13734,#13832,#13834,.T.);
#13832 = VERTEX_POINT('',#13833);
#13833 = CARTESIAN_POINT('',(11.590794144189,4.239130479018,0.59));
#13834 = SURFACE_CURVE('',#13835,(#13839,#13846),.PCURVE_S1.);
#13835 = LINE('',#13836,#13837);
#13836 = CARTESIAN_POINT('',(10.932520751852,4.025231671634,0.59));
#13837 = VECTOR('',#13838,1.);
#13838 = DIRECTION('',(0.951051074095,0.309033743242,0.));
#13839 = PCURVE('',#4717,#13840);
#13840 = DEFINITIONAL_REPRESENTATION('',(#13841),#13845);
#13841 = LINE('',#13842,#13843);
#13842 = CARTESIAN_POINT('',(0.,-0.31));
#13843 = VECTOR('',#13844,1.);
#13844 = DIRECTION('',(1.,0.));
#13845 = ( GEOMETRIC_REPRESENTATION_CONTEXT(2) 
PARAMETRIC_REPRESENTATION_CONTEXT() REPRESENTATION_CONTEXT('2D SPACE',''
  ) );
#13846 = PCURVE('',#13254,#13847);
#13847 = DEFINITIONAL_REPRESENTATION('',(#13848),#13852);
#13848 = LINE('',#13849,#13850);
#13849 = CARTESIAN_POINT('',(-9.079415191829E-02,-0.540774863817));
#13850 = VECTOR('',#13851,1.);
#13851 = DIRECTION('',(0.951051074095,0.309033743242));
#13852 = ( GEOMETRIC_REPRESENTATION_CONTEXT(2) 
PARAMETRIC_REPRESENTATION_CONTEXT() REPRESENTATION_CONTEXT('2D SPACE',''
  ) );
#13853 = ORIENTED_EDGE('',*,*,#13854,.T.);
#13854 = EDGE_CURVE('',#13832,#4677,#13855,.T.);
#13855 = SURFACE_CURVE('',#13856,(#13860,#13867),.PCURVE_S1.);
#13856 = LINE('',#13857,#13858);
#13857 = CARTESIAN_POINT('',(11.590794144189,4.239130479018,0.59));
#13858 = VECTOR('',#13859,1.);
#13859 = DIRECTION('',(0.,0.,1.));
#13860 = PCURVE('',#4717,#13861);
#13861 = DEFINITIONAL_REPRESENTATION('',(#13862),#13866);
#13862 = LINE('',#13863,#13864);
#13863 = CARTESIAN_POINT('',(0.692153565952,-0.31));
#13864 = VECTOR('',#13865,1.);
#13865 = DIRECTION('',(0.,1.));
#13866 = ( GEOMETRIC_REPRESENTATION_CONTEXT(2) 
PARAMETRIC_REPRESENTATION_CONTEXT() REPRESENTATION_CONTEXT('2D SPACE',''
  ) );
#13867 = PCURVE('',#4691,#13868);
#13868 = DEFINITIONAL_REPRESENTATION('',(#13869),#13873);
#13869 = LINE('',#13870,#13871);
#13870 = CARTESIAN_POINT('',(0.,-0.31));
#13871 = VECTOR('',#13872,1.);
#13872 = DIRECTION('',(0.,1.));
#13873 = ( GEOMETRIC_REPRESENTATION_CONTEXT(2) 
PARAMETRIC_REPRESENTATION_CONTEXT() REPRESENTATION_CONTEXT('2D SPACE',''
  ) );
#13874 = ORIENTED_EDGE('',*,*,#4702,.F.);
#13875 = ADVANCED_FACE('',(#13876),#4379,.F.);
#13876 = FACE_BOUND('',#13877,.F.);
#13877 = EDGE_LOOP('',(#13878,#13901,#13922,#13923));
#13878 = ORIENTED_EDGE('',*,*,#13879,.F.);
#13879 = EDGE_CURVE('',#13880,#4365,#13882,.T.);
#13880 = VERTEX_POINT('',#13881);
#13881 = CARTESIAN_POINT('',(10.576728169956,4.884190948238,0.59));
#13882 = SURFACE_CURVE('',#13883,(#13887,#13894),.PCURVE_S1.);
#13883 = LINE('',#13884,#13885);
#13884 = CARTESIAN_POINT('',(10.576728169956,4.884190948238,0.59));
#13885 = VECTOR('',#13886,1.);
#13886 = DIRECTION('',(0.,0.,1.));
#13887 = PCURVE('',#4379,#13888);
#13888 = DEFINITIONAL_REPRESENTATION('',(#13889),#13893);
#13889 = LINE('',#13890,#13891);
#13890 = CARTESIAN_POINT('',(-0.,-0.31));
#13891 = VECTOR('',#13892,1.);
#13892 = DIRECTION('',(0.,1.));
#13893 = ( GEOMETRIC_REPRESENTATION_CONTEXT(2) 
PARAMETRIC_REPRESENTATION_CONTEXT() REPRESENTATION_CONTEXT('2D SPACE',''
  ) );
#13894 = PCURVE('',#4405,#13895);
#13895 = DEFINITIONAL_REPRESENTATION('',(#13896),#13900);
#13896 = LINE('',#13897,#13898);
#13897 = CARTESIAN_POINT('',(0.692153565952,-0.31));
#13898 = VECTOR('',#13899,1.);
#13899 = DIRECTION('',(0.,1.));
#13900 = ( GEOMETRIC_REPRESENTATION_CONTEXT(2) 
PARAMETRIC_REPRESENTATION_CONTEXT() REPRESENTATION_CONTEXT('2D SPACE',''
  ) );
#13901 = ORIENTED_EDGE('',*,*,#13902,.T.);
#13902 = EDGE_CURVE('',#13880,#13782,#13903,.T.);
#13903 = SURFACE_CURVE('',#13904,(#13908,#13915),.PCURVE_S1.);
#13904 = LINE('',#13905,#13906);
#13905 = CARTESIAN_POINT('',(10.576728169956,4.884190948238,0.59));
#13906 = VECTOR('',#13907,1.);
#13907 = DIRECTION('',(-0.891016079362,-0.453971746167,0.));
#13908 = PCURVE('',#4379,#13909);
#13909 = DEFINITIONAL_REPRESENTATION('',(#13910),#13914);
#13910 = LINE('',#13911,#13912);
#13911 = CARTESIAN_POINT('',(-0.,-0.31));
#13912 = VECTOR('',#13913,1.);
#13913 = DIRECTION('',(1.,0.));
#13914 = ( GEOMETRIC_REPRESENTATION_CONTEXT(2) 
PARAMETRIC_REPRESENTATION_CONTEXT() REPRESENTATION_CONTEXT('2D SPACE',''
  ) );
#13915 = PCURVE('',#13254,#13916);
#13916 = DEFINITIONAL_REPRESENTATION('',(#13917),#13921);
#13917 = LINE('',#13918,#13919);
#13918 = CARTESIAN_POINT('',(-0.446586733814,0.318184412787));
#13919 = VECTOR('',#13920,1.);
#13920 = DIRECTION('',(-0.891016079362,-0.453971746167));
#13921 = ( GEOMETRIC_REPRESENTATION_CONTEXT(2) 
PARAMETRIC_REPRESENTATION_CONTEXT() REPRESENTATION_CONTEXT('2D SPACE',''
  ) );
#13922 = ORIENTED_EDGE('',*,*,#13781,.T.);
#13923 = ORIENTED_EDGE('',*,*,#4364,.F.);
#13924 = ADVANCED_FACE('',(#13925),#4691,.F.);
#13925 = FACE_BOUND('',#13926,.F.);
#13926 = EDGE_LOOP('',(#13927,#13928,#13951,#13972));
#13927 = ORIENTED_EDGE('',*,*,#13854,.F.);
#13928 = ORIENTED_EDGE('',*,*,#13929,.T.);
#13929 = EDGE_CURVE('',#13832,#13930,#13932,.T.);
#13930 = VERTEX_POINT('',#13931);
#13931 = CARTESIAN_POINT('',(12.24901898638,4.453011525819,0.59));
#13932 = SURFACE_CURVE('',#13933,(#13937,#13944),.PCURVE_S1.);
#13933 = LINE('',#13934,#13935);
#13934 = CARTESIAN_POINT('',(11.590794144189,4.239130479018,0.59));
#13935 = VECTOR('',#13936,1.);
#13936 = DIRECTION('',(0.951051916928,0.309031149413,0.));
#13937 = PCURVE('',#4691,#13938);
#13938 = DEFINITIONAL_REPRESENTATION('',(#13939),#13943);
#13939 = LINE('',#13940,#13941);
#13940 = CARTESIAN_POINT('',(0.,-0.31));
#13941 = VECTOR('',#13942,1.);
#13942 = DIRECTION('',(1.,0.));
#13943 = ( GEOMETRIC_REPRESENTATION_CONTEXT(2) 
PARAMETRIC_REPRESENTATION_CONTEXT() REPRESENTATION_CONTEXT('2D SPACE',''
  ) );
#13944 = PCURVE('',#13254,#13945);
#13945 = DEFINITIONAL_REPRESENTATION('',(#13946),#13950);
#13946 = LINE('',#13947,#13948);
#13947 = CARTESIAN_POINT('',(0.567479240419,-0.326876056433));
#13948 = VECTOR('',#13949,1.);
#13949 = DIRECTION('',(0.951051916928,0.309031149413));
#13950 = ( GEOMETRIC_REPRESENTATION_CONTEXT(2) 
PARAMETRIC_REPRESENTATION_CONTEXT() REPRESENTATION_CONTEXT('2D SPACE',''
  ) );
#13951 = ORIENTED_EDGE('',*,*,#13952,.T.);
#13952 = EDGE_CURVE('',#13930,#4651,#13953,.T.);
#13953 = SURFACE_CURVE('',#13954,(#13958,#13965),.PCURVE_S1.);
#13954 = LINE('',#13955,#13956);
#13955 = CARTESIAN_POINT('',(12.24901898638,4.453011525819,0.59));
#13956 = VECTOR('',#13957,1.);
#13957 = DIRECTION('',(0.,0.,1.));
#13958 = PCURVE('',#4691,#13959);
#13959 = DEFINITIONAL_REPRESENTATION('',(#13960),#13964);
#13960 = LINE('',#13961,#13962);
#13961 = CARTESIAN_POINT('',(0.692101903666,-0.31));
#13962 = VECTOR('',#13963,1.);
#13963 = DIRECTION('',(0.,1.));
#13964 = ( GEOMETRIC_REPRESENTATION_CONTEXT(2) 
PARAMETRIC_REPRESENTATION_CONTEXT() REPRESENTATION_CONTEXT('2D SPACE',''
  ) );
#13965 = PCURVE('',#4665,#13966);
#13966 = DEFINITIONAL_REPRESENTATION('',(#13967),#13971);
#13967 = LINE('',#13968,#13969);
#13968 = CARTESIAN_POINT('',(0.,-0.31));
#13969 = VECTOR('',#13970,1.);
#13970 = DIRECTION('',(0.,1.));
#13971 = ( GEOMETRIC_REPRESENTATION_CONTEXT(2) 
PARAMETRIC_REPRESENTATION_CONTEXT() REPRESENTATION_CONTEXT('2D SPACE',''
  ) );
#13972 = ORIENTED_EDGE('',*,*,#4676,.F.);
#13973 = ADVANCED_FACE('',(#13974),#4405,.F.);
#13974 = FACE_BOUND('',#13975,.F.);
#13975 = EDGE_LOOP('',(#13976,#13999,#14020,#14021));
#13976 = ORIENTED_EDGE('',*,*,#13977,.F.);
#13977 = EDGE_CURVE('',#13978,#4391,#13980,.T.);
#13978 = VERTEX_POINT('',#13979);
#13979 = CARTESIAN_POINT('',(11.193447046742,5.198411230645,0.59));
#13980 = SURFACE_CURVE('',#13981,(#13985,#13992),.PCURVE_S1.);
#13981 = LINE('',#13982,#13983);
#13982 = CARTESIAN_POINT('',(11.193447046742,5.198411230645,0.59));
#13983 = VECTOR('',#13984,1.);
#13984 = DIRECTION('',(0.,0.,1.));
#13985 = PCURVE('',#4405,#13986);
#13986 = DEFINITIONAL_REPRESENTATION('',(#13987),#13991);
#13987 = LINE('',#13988,#13989);
#13988 = CARTESIAN_POINT('',(-0.,-0.31));
#13989 = VECTOR('',#13990,1.);
#13990 = DIRECTION('',(0.,1.));
#13991 = ( GEOMETRIC_REPRESENTATION_CONTEXT(2) 
PARAMETRIC_REPRESENTATION_CONTEXT() REPRESENTATION_CONTEXT('2D SPACE',''
  ) );
#13992 = PCURVE('',#4431,#13993);
#13993 = DEFINITIONAL_REPRESENTATION('',(#13994),#13998);
#13994 = LINE('',#13995,#13996);
#13995 = CARTESIAN_POINT('',(0.692101903666,-0.31));
#13996 = VECTOR('',#13997,1.);
#13997 = DIRECTION('',(0.,1.));
#13998 = ( GEOMETRIC_REPRESENTATION_CONTEXT(2) 
PARAMETRIC_REPRESENTATION_CONTEXT() REPRESENTATION_CONTEXT('2D SPACE',''
  ) );
#13999 = ORIENTED_EDGE('',*,*,#14000,.T.);
#14000 = EDGE_CURVE('',#13978,#13880,#14001,.T.);
#14001 = SURFACE_CURVE('',#14002,(#14006,#14013),.PCURVE_S1.);
#14002 = LINE('',#14003,#14004);
#14003 = CARTESIAN_POINT('',(11.193447046742,5.198411230645,0.59));
#14004 = VECTOR('',#14005,1.);
#14005 = DIRECTION('',(-0.891014519209,-0.453974808286,0.));
#14006 = PCURVE('',#4405,#14007);
#14007 = DEFINITIONAL_REPRESENTATION('',(#14008),#14012);
#14008 = LINE('',#14009,#14010);
#14009 = CARTESIAN_POINT('',(-0.,-0.31));
#14010 = VECTOR('',#14011,1.);
#14011 = DIRECTION('',(1.,0.));
#14012 = ( GEOMETRIC_REPRESENTATION_CONTEXT(2) 
PARAMETRIC_REPRESENTATION_CONTEXT() REPRESENTATION_CONTEXT('2D SPACE',''
  ) );
#14013 = PCURVE('',#13254,#14014);
#14014 = DEFINITIONAL_REPRESENTATION('',(#14015),#14019);
#14015 = LINE('',#14016,#14017);
#14016 = CARTESIAN_POINT('',(0.170132142971,0.632404695194));
#14017 = VECTOR('',#14018,1.);
#14018 = DIRECTION('',(-0.891014519209,-0.453974808286));
#14019 = ( GEOMETRIC_REPRESENTATION_CONTEXT(2) 
PARAMETRIC_REPRESENTATION_CONTEXT() REPRESENTATION_CONTEXT('2D SPACE',''
  ) );
#14020 = ORIENTED_EDGE('',*,*,#13879,.T.);
#14021 = ORIENTED_EDGE('',*,*,#4390,.F.);
#14022 = ADVANCED_FACE('',(#14023),#4665,.F.);
#14023 = FACE_BOUND('',#14024,.F.);
#14024 = EDGE_LOOP('',(#14025,#14026,#14049,#14070));
#14025 = ORIENTED_EDGE('',*,*,#13952,.F.);
#14026 = ORIENTED_EDGE('',*,*,#14027,.T.);
#14027 = EDGE_CURVE('',#13930,#14028,#14030,.T.);
#14028 = VERTEX_POINT('',#14029);
#14029 = CARTESIAN_POINT('',(12.907202589159,4.666877577397,0.59));
#14030 = SURFACE_CURVE('',#14031,(#14035,#14042),.PCURVE_S1.);
#14031 = LINE('',#14032,#14033);
#14032 = CARTESIAN_POINT('',(12.24901898638,4.453011525819,0.59));
#14033 = VECTOR('',#14034,1.);
#14034 = DIRECTION('',(0.951052594313,0.309029064733,0.));
#14035 = PCURVE('',#4665,#14036);
#14036 = DEFINITIONAL_REPRESENTATION('',(#14037),#14041);
#14037 = LINE('',#14038,#14039);
#14038 = CARTESIAN_POINT('',(0.,-0.31));
#14039 = VECTOR('',#14040,1.);
#14040 = DIRECTION('',(1.,0.));
#14041 = ( GEOMETRIC_REPRESENTATION_CONTEXT(2) 
PARAMETRIC_REPRESENTATION_CONTEXT() REPRESENTATION_CONTEXT('2D SPACE',''
  ) );
#14042 = PCURVE('',#13254,#14043);
#14043 = DEFINITIONAL_REPRESENTATION('',(#14044),#14048);
#14044 = LINE('',#14045,#14046);
#14045 = CARTESIAN_POINT('',(1.22570408261,-0.112995009633));
#14046 = VECTOR('',#14047,1.);
#14047 = DIRECTION('',(0.951052594313,0.309029064733));
#14048 = ( GEOMETRIC_REPRESENTATION_CONTEXT(2) 
PARAMETRIC_REPRESENTATION_CONTEXT() REPRESENTATION_CONTEXT('2D SPACE',''
  ) );
#14049 = ORIENTED_EDGE('',*,*,#14050,.T.);
#14050 = EDGE_CURVE('',#14028,#4625,#14051,.T.);
#14051 = SURFACE_CURVE('',#14052,(#14056,#14063),.PCURVE_S1.);
#14052 = LINE('',#14053,#14054);
#14053 = CARTESIAN_POINT('',(12.907202589159,4.666877577397,0.59));
#14054 = VECTOR('',#14055,1.);
#14055 = DIRECTION('',(0.,0.,1.));
#14056 = PCURVE('',#4665,#14057);
#14057 = DEFINITIONAL_REPRESENTATION('',(#14058),#14062);
#14058 = LINE('',#14059,#14060);
#14059 = CARTESIAN_POINT('',(0.692058048855,-0.31));
#14060 = VECTOR('',#14061,1.);
#14061 = DIRECTION('',(0.,1.));
#14062 = ( GEOMETRIC_REPRESENTATION_CONTEXT(2) 
PARAMETRIC_REPRESENTATION_CONTEXT() REPRESENTATION_CONTEXT('2D SPACE',''
  ) );
#14063 = PCURVE('',#4639,#14064);
#14064 = DEFINITIONAL_REPRESENTATION('',(#14065),#14069);
#14065 = LINE('',#14066,#14067);
#14066 = CARTESIAN_POINT('',(0.,-0.31));
#14067 = VECTOR('',#14068,1.);
#14068 = DIRECTION('',(0.,1.));
#14069 = ( GEOMETRIC_REPRESENTATION_CONTEXT(2) 
PARAMETRIC_REPRESENTATION_CONTEXT() REPRESENTATION_CONTEXT('2D SPACE',''
  ) );
#14070 = ORIENTED_EDGE('',*,*,#4650,.F.);
#14071 = ADVANCED_FACE('',(#14072),#4431,.F.);
#14072 = FACE_BOUND('',#14073,.F.);
#14073 = EDGE_LOOP('',(#14074,#14097,#14118,#14119));
#14074 = ORIENTED_EDGE('',*,*,#14075,.F.);
#14075 = EDGE_CURVE('',#14076,#4417,#14078,.T.);
#14076 = VERTEX_POINT('',#14077);
#14077 = CARTESIAN_POINT('',(11.81011903476,5.512609741544,0.59));
#14078 = SURFACE_CURVE('',#14079,(#14083,#14090),.PCURVE_S1.);
#14079 = LINE('',#14080,#14081);
#14080 = CARTESIAN_POINT('',(11.81011903476,5.512609741544,0.59));
#14081 = VECTOR('',#14082,1.);
#14082 = DIRECTION('',(0.,0.,1.));
#14083 = PCURVE('',#4431,#14084);
#14084 = DEFINITIONAL_REPRESENTATION('',(#14085),#14089);
#14085 = LINE('',#14086,#14087);
#14086 = CARTESIAN_POINT('',(-0.,-0.31));
#14087 = VECTOR('',#14088,1.);
#14088 = DIRECTION('',(0.,1.));
#14089 = ( GEOMETRIC_REPRESENTATION_CONTEXT(2) 
PARAMETRIC_REPRESENTATION_CONTEXT() REPRESENTATION_CONTEXT('2D SPACE',''
  ) );
#14090 = PCURVE('',#4457,#14091);
#14091 = DEFINITIONAL_REPRESENTATION('',(#14092),#14096);
#14092 = LINE('',#14093,#14094);
#14093 = CARTESIAN_POINT('',(0.692058048855,-0.31));
#14094 = VECTOR('',#14095,1.);
#14095 = DIRECTION('',(0.,1.));
#14096 = ( GEOMETRIC_REPRESENTATION_CONTEXT(2) 
PARAMETRIC_REPRESENTATION_CONTEXT() REPRESENTATION_CONTEXT('2D SPACE',''
  ) );
#14097 = ORIENTED_EDGE('',*,*,#14098,.T.);
#14098 = EDGE_CURVE('',#14076,#13978,#14099,.T.);
#14099 = SURFACE_CURVE('',#14100,(#14104,#14111),.PCURVE_S1.);
#14100 = LINE('',#14101,#14102);
#14101 = CARTESIAN_POINT('',(11.81011903476,5.512609741544,0.59));
#14102 = VECTOR('',#14103,1.);
#14103 = DIRECTION('',(-0.891013281068,-0.453977238373,0.));
#14104 = PCURVE('',#4431,#14105);
#14105 = DEFINITIONAL_REPRESENTATION('',(#14106),#14110);
#14106 = LINE('',#14107,#14108);
#14107 = CARTESIAN_POINT('',(-0.,-0.31));
#14108 = VECTOR('',#14109,1.);
#14109 = DIRECTION('',(1.,0.));
#14110 = ( GEOMETRIC_REPRESENTATION_CONTEXT(2) 
PARAMETRIC_REPRESENTATION_CONTEXT() REPRESENTATION_CONTEXT('2D SPACE',''
  ) );
#14111 = PCURVE('',#13254,#14112);
#14112 = DEFINITIONAL_REPRESENTATION('',(#14113),#14117);
#14113 = LINE('',#14114,#14115);
#14114 = CARTESIAN_POINT('',(0.78680413099,0.946603206093));
#14115 = VECTOR('',#14116,1.);
#14116 = DIRECTION('',(-0.891013281068,-0.453977238373));
#14117 = ( GEOMETRIC_REPRESENTATION_CONTEXT(2) 
PARAMETRIC_REPRESENTATION_CONTEXT() REPRESENTATION_CONTEXT('2D SPACE',''
  ) );
#14118 = ORIENTED_EDGE('',*,*,#13977,.T.);
#14119 = ORIENTED_EDGE('',*,*,#4416,.F.);
#14120 = ADVANCED_FACE('',(#14121),#4639,.F.);
#14121 = FACE_BOUND('',#14122,.F.);
#14122 = EDGE_LOOP('',(#14123,#14124,#14147,#14168));
#14123 = ORIENTED_EDGE('',*,*,#14050,.F.);
#14124 = ORIENTED_EDGE('',*,*,#14125,.T.);
#14125 = EDGE_CURVE('',#14028,#14126,#14128,.T.);
#14126 = VERTEX_POINT('',#14127);
#14127 = CARTESIAN_POINT('',(13.565350865736,4.880730853802,0.59));
#14128 = SURFACE_CURVE('',#14129,(#14133,#14140),.PCURVE_S1.);
#14129 = LINE('',#14130,#14131);
#14130 = CARTESIAN_POINT('',(12.907202589159,4.666877577397,0.59));
#14131 = VECTOR('',#14132,1.);
#14132 = DIRECTION('',(0.951053144938,0.309027370152,0.));
#14133 = PCURVE('',#4639,#14134);
#14134 = DEFINITIONAL_REPRESENTATION('',(#14135),#14139);
#14135 = LINE('',#14136,#14137);
#14136 = CARTESIAN_POINT('',(0.,-0.31));
#14137 = VECTOR('',#14138,1.);
#14138 = DIRECTION('',(1.,0.));
#14139 = ( GEOMETRIC_REPRESENTATION_CONTEXT(2) 
PARAMETRIC_REPRESENTATION_CONTEXT() REPRESENTATION_CONTEXT('2D SPACE',''
  ) );
#14140 = PCURVE('',#13254,#14141);
#14141 = DEFINITIONAL_REPRESENTATION('',(#14142),#14146);
#14142 = LINE('',#14143,#14144);
#14143 = CARTESIAN_POINT('',(1.883887685388,0.100871041946));
#14144 = VECTOR('',#14145,1.);
#14145 = DIRECTION('',(0.951053144938,0.309027370152));
#14146 = ( GEOMETRIC_REPRESENTATION_CONTEXT(2) 
PARAMETRIC_REPRESENTATION_CONTEXT() REPRESENTATION_CONTEXT('2D SPACE',''
  ) );
#14147 = ORIENTED_EDGE('',*,*,#14148,.T.);
#14148 = EDGE_CURVE('',#14126,#4599,#14149,.T.);
#14149 = SURFACE_CURVE('',#14150,(#14154,#14161),.PCURVE_S1.);
#14150 = LINE('',#14151,#14152);
#14151 = CARTESIAN_POINT('',(13.565350865736,4.880730853802,0.59));
#14152 = VECTOR('',#14153,1.);
#14153 = DIRECTION('',(0.,0.,1.));
#14154 = PCURVE('',#4639,#14155);
#14155 = DEFINITIONAL_REPRESENTATION('',(#14156),#14160);
#14156 = LINE('',#14157,#14158);
#14157 = CARTESIAN_POINT('',(0.69202050388,-0.31));
#14158 = VECTOR('',#14159,1.);
#14159 = DIRECTION('',(0.,1.));
#14160 = ( GEOMETRIC_REPRESENTATION_CONTEXT(2) 
PARAMETRIC_REPRESENTATION_CONTEXT() REPRESENTATION_CONTEXT('2D SPACE',''
  ) );
#14161 = PCURVE('',#4613,#14162);
#14162 = DEFINITIONAL_REPRESENTATION('',(#14163),#14167);
#14163 = LINE('',#14164,#14165);
#14164 = CARTESIAN_POINT('',(0.,-0.31));
#14165 = VECTOR('',#14166,1.);
#14166 = DIRECTION('',(0.,1.));
#14167 = ( GEOMETRIC_REPRESENTATION_CONTEXT(2) 
PARAMETRIC_REPRESENTATION_CONTEXT() REPRESENTATION_CONTEXT('2D SPACE',''
  ) );
#14168 = ORIENTED_EDGE('',*,*,#4624,.F.);
#14169 = ADVANCED_FACE('',(#14170),#4457,.F.);
#14170 = FACE_BOUND('',#14171,.F.);
#14171 = EDGE_LOOP('',(#14172,#14195,#14216,#14217));
#14172 = ORIENTED_EDGE('',*,*,#14173,.F.);
#14173 = EDGE_CURVE('',#14174,#4443,#14176,.T.);
#14174 = VERTEX_POINT('',#14175);
#14175 = CARTESIAN_POINT('',(12.426751258888,5.826789694998,0.59));
#14176 = SURFACE_CURVE('',#14177,(#14181,#14188),.PCURVE_S1.);
#14177 = LINE('',#14178,#14179);
#14178 = CARTESIAN_POINT('',(12.426751258888,5.826789694998,0.59));
#14179 = VECTOR('',#14180,1.);
#14180 = DIRECTION('',(0.,0.,1.));
#14181 = PCURVE('',#4457,#14182);
#14182 = DEFINITIONAL_REPRESENTATION('',(#14183),#14187);
#14183 = LINE('',#14184,#14185);
#14184 = CARTESIAN_POINT('',(-0.,-0.31));
#14185 = VECTOR('',#14186,1.);
#14186 = DIRECTION('',(0.,1.));
#14187 = ( GEOMETRIC_REPRESENTATION_CONTEXT(2) 
PARAMETRIC_REPRESENTATION_CONTEXT() REPRESENTATION_CONTEXT('2D SPACE',''
  ) );
#14188 = PCURVE('',#4483,#14189);
#14189 = DEFINITIONAL_REPRESENTATION('',(#14190),#14194);
#14190 = LINE('',#14191,#14192);
#14191 = CARTESIAN_POINT('',(0.69202050388,-0.31));
#14192 = VECTOR('',#14193,1.);
#14193 = DIRECTION('',(0.,1.));
#14194 = ( GEOMETRIC_REPRESENTATION_CONTEXT(2) 
PARAMETRIC_REPRESENTATION_CONTEXT() REPRESENTATION_CONTEXT('2D SPACE',''
  ) );
#14195 = ORIENTED_EDGE('',*,*,#14196,.T.);
#14196 = EDGE_CURVE('',#14174,#14076,#14197,.T.);
#14197 = SURFACE_CURVE('',#14198,(#14202,#14209),.PCURVE_S1.);
#14198 = LINE('',#14199,#14200);
#14199 = CARTESIAN_POINT('',(12.426751258888,5.826789694998,0.59));
#14200 = VECTOR('',#14201,1.);
#14201 = DIRECTION('',(-0.891012285961,-0.453979191447,0.));
#14202 = PCURVE('',#4457,#14203);
#14203 = DEFINITIONAL_REPRESENTATION('',(#14204),#14208);
#14204 = LINE('',#14205,#14206);
#14205 = CARTESIAN_POINT('',(-0.,-0.31));
#14206 = VECTOR('',#14207,1.);
#14207 = DIRECTION('',(1.,0.));
#14208 = ( GEOMETRIC_REPRESENTATION_CONTEXT(2) 
PARAMETRIC_REPRESENTATION_CONTEXT() REPRESENTATION_CONTEXT('2D SPACE',''
  ) );
#14209 = PCURVE('',#13254,#14210);
#14210 = DEFINITIONAL_REPRESENTATION('',(#14211),#14215);
#14211 = LINE('',#14212,#14213);
#14212 = CARTESIAN_POINT('',(1.403436355117,1.260783159547));
#14213 = VECTOR('',#14214,1.);
#14214 = DIRECTION('',(-0.891012285961,-0.453979191447));
#14215 = ( GEOMETRIC_REPRESENTATION_CONTEXT(2) 
PARAMETRIC_REPRESENTATION_CONTEXT() REPRESENTATION_CONTEXT('2D SPACE',''
  ) );
#14216 = ORIENTED_EDGE('',*,*,#14075,.T.);
#14217 = ORIENTED_EDGE('',*,*,#4442,.F.);
#14218 = ADVANCED_FACE('',(#14219),#4613,.F.);
#14219 = FACE_BOUND('',#14220,.F.);
#14220 = EDGE_LOOP('',(#14221,#14222,#14245,#14266));
#14221 = ORIENTED_EDGE('',*,*,#14148,.F.);
#14222 = ORIENTED_EDGE('',*,*,#14223,.T.);
#14223 = EDGE_CURVE('',#14126,#14224,#14226,.T.);
#14224 = VERTEX_POINT('',#14225);
#14225 = CARTESIAN_POINT('',(14.223468650479,5.094573157778,0.59));
#14226 = SURFACE_CURVE('',#14227,(#14231,#14238),.PCURVE_S1.);
#14227 = LINE('',#14228,#14229);
#14228 = CARTESIAN_POINT('',(13.565350865736,4.880730853802,0.59));
#14229 = VECTOR('',#14230,1.);
#14230 = DIRECTION('',(0.951053597122,0.309025978521,0.));
#14231 = PCURVE('',#4613,#14232);
#14232 = DEFINITIONAL_REPRESENTATION('',(#14233),#14237);
#14233 = LINE('',#14234,#14235);
#14234 = CARTESIAN_POINT('',(0.,-0.31));
#14235 = VECTOR('',#14236,1.);
#14236 = DIRECTION('',(1.,0.));
#14237 = ( GEOMETRIC_REPRESENTATION_CONTEXT(2) 
PARAMETRIC_REPRESENTATION_CONTEXT() REPRESENTATION_CONTEXT('2D SPACE',''
  ) );
#14238 = PCURVE('',#13254,#14239);
#14239 = DEFINITIONAL_REPRESENTATION('',(#14240),#14244);
#14240 = LINE('',#14241,#14242);
#14241 = CARTESIAN_POINT('',(2.542035961965,0.314724318351));
#14242 = VECTOR('',#14243,1.);
#14243 = DIRECTION('',(0.951053597122,0.309025978521));
#14244 = ( GEOMETRIC_REPRESENTATION_CONTEXT(2) 
PARAMETRIC_REPRESENTATION_CONTEXT() REPRESENTATION_CONTEXT('2D SPACE',''
  ) );
#14245 = ORIENTED_EDGE('',*,*,#14246,.T.);
#14246 = EDGE_CURVE('',#14224,#4573,#14247,.T.);
#14247 = SURFACE_CURVE('',#14248,(#14252,#14259),.PCURVE_S1.);
#14248 = LINE('',#14249,#14250);
#14249 = CARTESIAN_POINT('',(14.223468650479,5.094573157778,0.59));
#14250 = VECTOR('',#14251,1.);
#14251 = DIRECTION('',(0.,0.,1.));
#14252 = PCURVE('',#4613,#14253);
#14253 = DEFINITIONAL_REPRESENTATION('',(#14254),#14258);
#14254 = LINE('',#14255,#14256);
#14255 = CARTESIAN_POINT('',(0.691988113745,-0.31));
#14256 = VECTOR('',#14257,1.);
#14257 = DIRECTION('',(0.,1.));
#14258 = ( GEOMETRIC_REPRESENTATION_CONTEXT(2) 
PARAMETRIC_REPRESENTATION_CONTEXT() REPRESENTATION_CONTEXT('2D SPACE',''
  ) );
#14259 = PCURVE('',#4587,#14260);
#14260 = DEFINITIONAL_REPRESENTATION('',(#14261),#14265);
#14261 = LINE('',#14262,#14263);
#14262 = CARTESIAN_POINT('',(0.,-0.31));
#14263 = VECTOR('',#14264,1.);
#14264 = DIRECTION('',(0.,1.));
#14265 = ( GEOMETRIC_REPRESENTATION_CONTEXT(2) 
PARAMETRIC_REPRESENTATION_CONTEXT() REPRESENTATION_CONTEXT('2D SPACE',''
  ) );
#14266 = ORIENTED_EDGE('',*,*,#4598,.F.);
#14267 = ADVANCED_FACE('',(#14268),#4483,.F.);
#14268 = FACE_BOUND('',#14269,.F.);
#14269 = EDGE_LOOP('',(#14270,#14293,#14314,#14315));
#14270 = ORIENTED_EDGE('',*,*,#14271,.F.);
#14271 = EDGE_CURVE('',#14272,#4469,#14274,.T.);
#14272 = VERTEX_POINT('',#14273);
#14273 = CARTESIAN_POINT('',(13.043349470207,6.140953702466,0.59));
#14274 = SURFACE_CURVE('',#14275,(#14279,#14286),.PCURVE_S1.);
#14275 = LINE('',#14276,#14277);
#14276 = CARTESIAN_POINT('',(13.043349470207,6.140953702466,0.59));
#14277 = VECTOR('',#14278,1.);
#14278 = DIRECTION('',(0.,0.,1.));
#14279 = PCURVE('',#4483,#14280);
#14280 = DEFINITIONAL_REPRESENTATION('',(#14281),#14285);
#14281 = LINE('',#14282,#14283);
#14282 = CARTESIAN_POINT('',(-0.,-0.31));
#14283 = VECTOR('',#14284,1.);
#14284 = DIRECTION('',(0.,1.));
#14285 = ( GEOMETRIC_REPRESENTATION_CONTEXT(2) 
PARAMETRIC_REPRESENTATION_CONTEXT() REPRESENTATION_CONTEXT('2D SPACE',''
  ) );
#14286 = PCURVE('',#4509,#14287);
#14287 = DEFINITIONAL_REPRESENTATION('',(#14288),#14292);
#14288 = LINE('',#14289,#14290);
#14289 = CARTESIAN_POINT('',(0.691988113745,-0.31));
#14290 = VECTOR('',#14291,1.);
#14291 = DIRECTION('',(0.,1.));
#14292 = ( GEOMETRIC_REPRESENTATION_CONTEXT(2) 
PARAMETRIC_REPRESENTATION_CONTEXT() REPRESENTATION_CONTEXT('2D SPACE',''
  ) );
#14293 = ORIENTED_EDGE('',*,*,#14294,.T.);
#14294 = EDGE_CURVE('',#14272,#14174,#14295,.T.);
#14295 = SURFACE_CURVE('',#14296,(#14300,#14307),.PCURVE_S1.);
#14296 = LINE('',#14297,#14298);
#14297 = CARTESIAN_POINT('',(13.043349470207,6.140953702466,0.59));
#14298 = VECTOR('',#14299,1.);
#14299 = DIRECTION('',(-0.891011477061,-0.453980779048,0.));
#14300 = PCURVE('',#4483,#14301);
#14301 = DEFINITIONAL_REPRESENTATION('',(#14302),#14306);
#14302 = LINE('',#14303,#14304);
#14303 = CARTESIAN_POINT('',(-0.,-0.31));
#14304 = VECTOR('',#14305,1.);
#14305 = DIRECTION('',(1.,0.));
#14306 = ( GEOMETRIC_REPRESENTATION_CONTEXT(2) 
PARAMETRIC_REPRESENTATION_CONTEXT() REPRESENTATION_CONTEXT('2D SPACE',''
  ) );
#14307 = PCURVE('',#13254,#14308);
#14308 = DEFINITIONAL_REPRESENTATION('',(#14309),#14313);
#14309 = LINE('',#14310,#14311);
#14310 = CARTESIAN_POINT('',(2.020034566436,1.574947167015));
#14311 = VECTOR('',#14312,1.);
#14312 = DIRECTION('',(-0.891011477061,-0.453980779048));
#14313 = ( GEOMETRIC_REPRESENTATION_CONTEXT(2) 
PARAMETRIC_REPRESENTATION_CONTEXT() REPRESENTATION_CONTEXT('2D SPACE',''
  ) );
#14314 = ORIENTED_EDGE('',*,*,#14173,.T.);
#14315 = ORIENTED_EDGE('',*,*,#4468,.F.);
#14316 = ADVANCED_FACE('',(#14317),#4587,.F.);
#14317 = FACE_BOUND('',#14318,.F.);
#14318 = EDGE_LOOP('',(#14319,#14320,#14343,#14364));
#14319 = ORIENTED_EDGE('',*,*,#14246,.F.);
#14320 = ORIENTED_EDGE('',*,*,#14321,.T.);
#14321 = EDGE_CURVE('',#14224,#14322,#14324,.T.);
#14322 = VERTEX_POINT('',#14323);
#14323 = CARTESIAN_POINT('',(14.8815599342,5.308405968349,0.59));
#14324 = SURFACE_CURVE('',#14325,(#14329,#14336),.PCURVE_S1.);
#14325 = LINE('',#14326,#14327);
#14326 = CARTESIAN_POINT('',(14.223468650479,5.094573157778,0.59));
#14327 = VECTOR('',#14328,1.);
#14328 = DIRECTION('',(0.951053971918,0.309024825052,0.));
#14329 = PCURVE('',#4587,#14330);
#14330 = DEFINITIONAL_REPRESENTATION('',(#14331),#14335);
#14331 = LINE('',#14332,#14333);
#14332 = CARTESIAN_POINT('',(0.,-0.31));
#14333 = VECTOR('',#14334,1.);
#14334 = DIRECTION('',(1.,0.));
#14335 = ( GEOMETRIC_REPRESENTATION_CONTEXT(2) 
PARAMETRIC_REPRESENTATION_CONTEXT() REPRESENTATION_CONTEXT('2D SPACE',''
  ) );
#14336 = PCURVE('',#13254,#14337);
#14337 = DEFINITIONAL_REPRESENTATION('',(#14338),#14342);
#14338 = LINE('',#14339,#14340);
#14339 = CARTESIAN_POINT('',(3.200153746709,0.528566622327));
#14340 = VECTOR('',#14341,1.);
#14341 = DIRECTION('',(0.951053971918,0.309024825052));
#14342 = ( GEOMETRIC_REPRESENTATION_CONTEXT(2) 
PARAMETRIC_REPRESENTATION_CONTEXT() REPRESENTATION_CONTEXT('2D SPACE',''
  ) );
#14343 = ORIENTED_EDGE('',*,*,#14344,.T.);
#14344 = EDGE_CURVE('',#14322,#4547,#14345,.T.);
#14345 = SURFACE_CURVE('',#14346,(#14350,#14357),.PCURVE_S1.);
#14346 = LINE('',#14347,#14348);
#14347 = CARTESIAN_POINT('',(14.8815599342,5.308405968349,0.59));
#14348 = VECTOR('',#14349,1.);
#14349 = DIRECTION('',(0.,0.,1.));
#14350 = PCURVE('',#4587,#14351);
#14351 = DEFINITIONAL_REPRESENTATION('',(#14352),#14356);
#14352 = LINE('',#14353,#14354);
#14353 = CARTESIAN_POINT('',(0.691959976145,-0.31));
#14354 = VECTOR('',#14355,1.);
#14355 = DIRECTION('',(0.,1.));
#14356 = ( GEOMETRIC_REPRESENTATION_CONTEXT(2) 
PARAMETRIC_REPRESENTATION_CONTEXT() REPRESENTATION_CONTEXT('2D SPACE',''
  ) );
#14357 = PCURVE('',#4561,#14358);
#14358 = DEFINITIONAL_REPRESENTATION('',(#14359),#14363);
#14359 = LINE('',#14360,#14361);
#14360 = CARTESIAN_POINT('',(0.,-0.31));
#14361 = VECTOR('',#14362,1.);
#14362 = DIRECTION('',(0.,1.));
#14363 = ( GEOMETRIC_REPRESENTATION_CONTEXT(2) 
PARAMETRIC_REPRESENTATION_CONTEXT() REPRESENTATION_CONTEXT('2D SPACE',''
  ) );
#14364 = ORIENTED_EDGE('',*,*,#4572,.F.);
#14365 = ADVANCED_FACE('',(#14366),#4509,.F.);
#14366 = FACE_BOUND('',#14367,.F.);
#14367 = EDGE_LOOP('',(#14368,#14391,#14412,#14413));
#14368 = ORIENTED_EDGE('',*,*,#14369,.F.);
#14369 = EDGE_CURVE('',#14370,#4495,#14372,.T.);
#14370 = VERTEX_POINT('',#14371);
#14371 = CARTESIAN_POINT('',(13.659918361864,6.455103907632,0.59));
#14372 = SURFACE_CURVE('',#14373,(#14377,#14384),.PCURVE_S1.);
#14373 = LINE('',#14374,#14375);
#14374 = CARTESIAN_POINT('',(13.659918361864,6.455103907632,0.59));
#14375 = VECTOR('',#14376,1.);
#14376 = DIRECTION('',(0.,0.,1.));
#14377 = PCURVE('',#4509,#14378);
#14378 = DEFINITIONAL_REPRESENTATION('',(#14379),#14383);
#14379 = LINE('',#14380,#14381);
#14380 = CARTESIAN_POINT('',(-0.,-0.31));
#14381 = VECTOR('',#14382,1.);
#14382 = DIRECTION('',(0.,1.));
#14383 = ( GEOMETRIC_REPRESENTATION_CONTEXT(2) 
PARAMETRIC_REPRESENTATION_CONTEXT() REPRESENTATION_CONTEXT('2D SPACE',''
  ) );
#14384 = PCURVE('',#4535,#14385);
#14385 = DEFINITIONAL_REPRESENTATION('',(#14386),#14390);
#14386 = LINE('',#14387,#14388);
#14387 = CARTESIAN_POINT('',(0.691959976145,-0.31));
#14388 = VECTOR('',#14389,1.);
#14389 = DIRECTION('',(0.,1.));
#14390 = ( GEOMETRIC_REPRESENTATION_CONTEXT(2) 
PARAMETRIC_REPRESENTATION_CONTEXT() REPRESENTATION_CONTEXT('2D SPACE',''
  ) );
#14391 = ORIENTED_EDGE('',*,*,#14392,.T.);
#14392 = EDGE_CURVE('',#14370,#14272,#14393,.T.);
#14393 = SURFACE_CURVE('',#14394,(#14398,#14405),.PCURVE_S1.);
#14394 = LINE('',#14395,#14396);
#14395 = CARTESIAN_POINT('',(13.659918361864,6.455103907632,0.59));
#14396 = VECTOR('',#14397,1.);
#14397 = DIRECTION('',(-0.891010812772,-0.453982082822,0.));
#14398 = PCURVE('',#4509,#14399);
#14399 = DEFINITIONAL_REPRESENTATION('',(#14400),#14404);
#14400 = LINE('',#14401,#14402);
#14401 = CARTESIAN_POINT('',(-0.,-0.31));
#14402 = VECTOR('',#14403,1.);
#14403 = DIRECTION('',(1.,0.));
#14404 = ( GEOMETRIC_REPRESENTATION_CONTEXT(2) 
PARAMETRIC_REPRESENTATION_CONTEXT() REPRESENTATION_CONTEXT('2D SPACE',''
  ) );
#14405 = PCURVE('',#13254,#14406);
#14406 = DEFINITIONAL_REPRESENTATION('',(#14407),#14411);
#14407 = LINE('',#14408,#14409);
#14408 = CARTESIAN_POINT('',(2.636603458093,1.889097372181));
#14409 = VECTOR('',#14410,1.);
#14410 = DIRECTION('',(-0.891010812772,-0.453982082822));
#14411 = ( GEOMETRIC_REPRESENTATION_CONTEXT(2) 
PARAMETRIC_REPRESENTATION_CONTEXT() REPRESENTATION_CONTEXT('2D SPACE',''
  ) );
#14412 = ORIENTED_EDGE('',*,*,#14271,.T.);
#14413 = ORIENTED_EDGE('',*,*,#4494,.F.);
#14414 = ADVANCED_FACE('',(#14415),#4561,.F.);
#14415 = FACE_BOUND('',#14416,.F.);
#14416 = EDGE_LOOP('',(#14417,#14418,#14441,#14462));
#14417 = ORIENTED_EDGE('',*,*,#14344,.F.);
#14418 = ORIENTED_EDGE('',*,*,#14419,.T.);
#14419 = EDGE_CURVE('',#14322,#14420,#14422,.T.);
#14420 = VERTEX_POINT('',#14421);
#14421 = CARTESIAN_POINT('',(14.276461801618,6.769242086596,0.59));
#14422 = SURFACE_CURVE('',#14423,(#14427,#14434),.PCURVE_S1.);
#14423 = LINE('',#14424,#14425);
#14424 = CARTESIAN_POINT('',(14.8815599342,5.308405968349,0.59));
#14425 = VECTOR('',#14426,1.);
#14426 = DIRECTION('',(-0.382683432365,0.923879532511,0.));
#14427 = PCURVE('',#4561,#14428);
#14428 = DEFINITIONAL_REPRESENTATION('',(#14429),#14433);
#14429 = LINE('',#14430,#14431);
#14430 = CARTESIAN_POINT('',(0.,-0.31));
#14431 = VECTOR('',#14432,1.);
#14432 = DIRECTION('',(1.,0.));
#14433 = ( GEOMETRIC_REPRESENTATION_CONTEXT(2) 
PARAMETRIC_REPRESENTATION_CONTEXT() REPRESENTATION_CONTEXT('2D SPACE',''
  ) );
#14434 = PCURVE('',#13254,#14435);
#14435 = DEFINITIONAL_REPRESENTATION('',(#14436),#14440);
#14436 = LINE('',#14437,#14438);
#14437 = CARTESIAN_POINT('',(3.85824503043,0.742399432898));
#14438 = VECTOR('',#14439,1.);
#14439 = DIRECTION('',(-0.382683432365,0.923879532511));
#14440 = ( GEOMETRIC_REPRESENTATION_CONTEXT(2) 
PARAMETRIC_REPRESENTATION_CONTEXT() REPRESENTATION_CONTEXT('2D SPACE',''
  ) );
#14441 = ORIENTED_EDGE('',*,*,#14442,.T.);
#14442 = EDGE_CURVE('',#14420,#4521,#14443,.T.);
#14443 = SURFACE_CURVE('',#14444,(#14448,#14455),.PCURVE_S1.);
#14444 = LINE('',#14445,#14446);
#14445 = CARTESIAN_POINT('',(14.276461801618,6.769242086596,0.59));
#14446 = VECTOR('',#14447,1.);
#14447 = DIRECTION('',(0.,0.,1.));
#14448 = PCURVE('',#4561,#14449);
#14449 = DEFINITIONAL_REPRESENTATION('',(#14450),#14454);
#14450 = LINE('',#14451,#14452);
#14451 = CARTESIAN_POINT('',(1.581197620296,-0.31));
#14452 = VECTOR('',#14453,1.);
#14453 = DIRECTION('',(0.,1.));
#14454 = ( GEOMETRIC_REPRESENTATION_CONTEXT(2) 
PARAMETRIC_REPRESENTATION_CONTEXT() REPRESENTATION_CONTEXT('2D SPACE',''
  ) );
#14455 = PCURVE('',#4535,#14456);
#14456 = DEFINITIONAL_REPRESENTATION('',(#14457),#14461);
#14457 = LINE('',#14458,#14459);
#14458 = CARTESIAN_POINT('',(-0.,-0.31));
#14459 = VECTOR('',#14460,1.);
#14460 = DIRECTION('',(0.,1.));
#14461 = ( GEOMETRIC_REPRESENTATION_CONTEXT(2) 
PARAMETRIC_REPRESENTATION_CONTEXT() REPRESENTATION_CONTEXT('2D SPACE',''
  ) );
#14462 = ORIENTED_EDGE('',*,*,#4546,.F.);
#14463 = ADVANCED_FACE('',(#14464),#4535,.F.);
#14464 = FACE_BOUND('',#14465,.F.);
#14465 = EDGE_LOOP('',(#14466,#14467,#14488,#14489));
#14466 = ORIENTED_EDGE('',*,*,#14442,.F.);
#14467 = ORIENTED_EDGE('',*,*,#14468,.T.);
#14468 = EDGE_CURVE('',#14420,#14370,#14469,.T.);
#14469 = SURFACE_CURVE('',#14470,(#14474,#14481),.PCURVE_S1.);
#14470 = LINE('',#14471,#14472);
#14471 = CARTESIAN_POINT('',(14.276461801618,6.769242086596,0.59));
#14472 = VECTOR('',#14473,1.);
#14473 = DIRECTION('',(-0.891010262167,-0.453983163468,0.));
#14474 = PCURVE('',#4535,#14475);
#14475 = DEFINITIONAL_REPRESENTATION('',(#14476),#14480);
#14476 = LINE('',#14477,#14478);
#14477 = CARTESIAN_POINT('',(-0.,-0.31));
#14478 = VECTOR('',#14479,1.);
#14479 = DIRECTION('',(1.,0.));
#14480 = ( GEOMETRIC_REPRESENTATION_CONTEXT(2) 
PARAMETRIC_REPRESENTATION_CONTEXT() REPRESENTATION_CONTEXT('2D SPACE',''
  ) );
#14481 = PCURVE('',#13254,#14482);
#14482 = DEFINITIONAL_REPRESENTATION('',(#14483),#14487);
#14483 = LINE('',#14484,#14485);
#14484 = CARTESIAN_POINT('',(3.253146897847,2.203235551145));
#14485 = VECTOR('',#14486,1.);
#14486 = DIRECTION('',(-0.891010262167,-0.453983163468));
#14487 = ( GEOMETRIC_REPRESENTATION_CONTEXT(2) 
PARAMETRIC_REPRESENTATION_CONTEXT() REPRESENTATION_CONTEXT('2D SPACE',''
  ) );
#14488 = ORIENTED_EDGE('',*,*,#14369,.T.);
#14489 = ORIENTED_EDGE('',*,*,#4520,.F.);
#14490 = ADVANCED_FACE('',(#14491),#4875,.F.);
#14491 = FACE_BOUND('',#14492,.F.);
#14492 = EDGE_LOOP('',(#14493,#14516,#14544,#14565));
#14493 = ORIENTED_EDGE('',*,*,#14494,.T.);
#14494 = EDGE_CURVE('',#4859,#14495,#14497,.T.);
#14495 = VERTEX_POINT('',#14496);
#14496 = CARTESIAN_POINT('',(2.998089307319,6.87469712099,0.59));
#14497 = SURFACE_CURVE('',#14498,(#14502,#14509),.PCURVE_S1.);
#14498 = LINE('',#14499,#14500);
#14499 = CARTESIAN_POINT('',(2.998089307319,6.87469712099,1.21));
#14500 = VECTOR('',#14501,1.);
#14501 = DIRECTION('',(0.,0.,-1.));
#14502 = PCURVE('',#4875,#14503);
#14503 = DEFINITIONAL_REPRESENTATION('',(#14504),#14508);
#14504 = LINE('',#14505,#14506);
#14505 = CARTESIAN_POINT('',(0.,0.31));
#14506 = VECTOR('',#14507,1.);
#14507 = DIRECTION('',(0.,-1.));
#14508 = ( GEOMETRIC_REPRESENTATION_CONTEXT(2) 
PARAMETRIC_REPRESENTATION_CONTEXT() REPRESENTATION_CONTEXT('2D SPACE',''
  ) );
#14509 = PCURVE('',#4901,#14510);
#14510 = DEFINITIONAL_REPRESENTATION('',(#14511),#14515);
#14511 = LINE('',#14512,#14513);
#14512 = CARTESIAN_POINT('',(0.278081313884,0.31));
#14513 = VECTOR('',#14514,1.);
#14514 = DIRECTION('',(0.,-1.));
#14515 = ( GEOMETRIC_REPRESENTATION_CONTEXT(2) 
PARAMETRIC_REPRESENTATION_CONTEXT() REPRESENTATION_CONTEXT('2D SPACE',''
  ) );
#14516 = ORIENTED_EDGE('',*,*,#14517,.T.);
#14517 = EDGE_CURVE('',#14495,#14518,#14520,.T.);
#14518 = VERTEX_POINT('',#14519);
#14519 = CARTESIAN_POINT('',(3.312577571717,7.492011252603,0.59));
#14520 = SURFACE_CURVE('',#14521,(#14525,#14532),.PCURVE_S1.);
#14521 = LINE('',#14522,#14523);
#14522 = CARTESIAN_POINT('',(2.998089307319,6.87469712099,0.59));
#14523 = VECTOR('',#14524,1.);
#14524 = DIRECTION('',(0.453934353859,0.891035129715,0.));
#14525 = PCURVE('',#4875,#14526);
#14526 = DEFINITIONAL_REPRESENTATION('',(#14527),#14531);
#14527 = LINE('',#14528,#14529);
#14528 = CARTESIAN_POINT('',(0.,-0.31));
#14529 = VECTOR('',#14530,1.);
#14530 = DIRECTION('',(1.,0.));
#14531 = ( GEOMETRIC_REPRESENTATION_CONTEXT(2) 
PARAMETRIC_REPRESENTATION_CONTEXT() REPRESENTATION_CONTEXT('2D SPACE',''
  ) );
#14532 = PCURVE('',#14533,#14538);
#14533 = PLANE('',#14534);
#14534 = AXIS2_PLACEMENT_3D('',#14535,#14536,#14537);
#14535 = CARTESIAN_POINT('',(4.566006535451,11.02331490377,0.59));
#14536 = DIRECTION('',(0.,0.,1.));
#14537 = DIRECTION('',(1.,0.,0.));
#14538 = DEFINITIONAL_REPRESENTATION('',(#14539),#14543);
#14539 = LINE('',#14540,#14541);
#14540 = CARTESIAN_POINT('',(-1.567917228133,-4.148617782781));
#14541 = VECTOR('',#14542,1.);
#14542 = DIRECTION('',(0.453934353859,0.891035129715));
#14543 = ( GEOMETRIC_REPRESENTATION_CONTEXT(2) 
PARAMETRIC_REPRESENTATION_CONTEXT() REPRESENTATION_CONTEXT('2D SPACE',''
  ) );
#14544 = ORIENTED_EDGE('',*,*,#14545,.T.);
#14545 = EDGE_CURVE('',#14518,#4861,#14546,.T.);
#14546 = SURFACE_CURVE('',#14547,(#14551,#14558),.PCURVE_S1.);
#14547 = LINE('',#14548,#14549);
#14548 = CARTESIAN_POINT('',(3.312577571717,7.492011252603,0.59));
#14549 = VECTOR('',#14550,1.);
#14550 = DIRECTION('',(0.,0.,1.));
#14551 = PCURVE('',#4875,#14552);
#14552 = DEFINITIONAL_REPRESENTATION('',(#14553),#14557);
#14553 = LINE('',#14554,#14555);
#14554 = CARTESIAN_POINT('',(0.692805604433,-0.31));
#14555 = VECTOR('',#14556,1.);
#14556 = DIRECTION('',(0.,1.));
#14557 = ( GEOMETRIC_REPRESENTATION_CONTEXT(2) 
PARAMETRIC_REPRESENTATION_CONTEXT() REPRESENTATION_CONTEXT('2D SPACE',''
  ) );
#14558 = PCURVE('',#5523,#14559);
#14559 = DEFINITIONAL_REPRESENTATION('',(#14560),#14564);
#14560 = LINE('',#14561,#14562);
#14561 = CARTESIAN_POINT('',(0.,-0.31));
#14562 = VECTOR('',#14563,1.);
#14563 = DIRECTION('',(0.,1.));
#14564 = ( GEOMETRIC_REPRESENTATION_CONTEXT(2) 
PARAMETRIC_REPRESENTATION_CONTEXT() REPRESENTATION_CONTEXT('2D SPACE',''
  ) );
#14565 = ORIENTED_EDGE('',*,*,#4858,.F.);
#14566 = ADVANCED_FACE('',(#14567),#5523,.F.);
#14567 = FACE_BOUND('',#14568,.F.);
#14568 = EDGE_LOOP('',(#14569,#14570,#14593,#14614));
#14569 = ORIENTED_EDGE('',*,*,#14545,.F.);
#14570 = ORIENTED_EDGE('',*,*,#14571,.T.);
#14571 = EDGE_CURVE('',#14518,#14572,#14574,.T.);
#14572 = VERTEX_POINT('',#14573);
#14573 = CARTESIAN_POINT('',(3.626994099014,8.109163021967,0.59));
#14574 = SURFACE_CURVE('',#14575,(#14579,#14586),.PCURVE_S1.);
#14575 = LINE('',#14576,#14577);
#14576 = CARTESIAN_POINT('',(3.312577571717,7.492011252603,0.59));
#14577 = VECTOR('',#14578,1.);
#14578 = DIRECTION('',(0.453946937304,0.891028719016,0.));
#14579 = PCURVE('',#5523,#14580);
#14580 = DEFINITIONAL_REPRESENTATION('',(#14581),#14585);
#14581 = LINE('',#14582,#14583);
#14582 = CARTESIAN_POINT('',(0.,-0.31));
#14583 = VECTOR('',#14584,1.);
#14584 = DIRECTION('',(1.,0.));
#14585 = ( GEOMETRIC_REPRESENTATION_CONTEXT(2) 
PARAMETRIC_REPRESENTATION_CONTEXT() REPRESENTATION_CONTEXT('2D SPACE',''
  ) );
#14586 = PCURVE('',#14533,#14587);
#14587 = DEFINITIONAL_REPRESENTATION('',(#14588),#14592);
#14588 = LINE('',#14589,#14590);
#14589 = CARTESIAN_POINT('',(-1.253428963734,-3.531303651167));
#14590 = VECTOR('',#14591,1.);
#14591 = DIRECTION('',(0.453946937304,0.891028719016));
#14592 = ( GEOMETRIC_REPRESENTATION_CONTEXT(2) 
PARAMETRIC_REPRESENTATION_CONTEXT() REPRESENTATION_CONTEXT('2D SPACE',''
  ) );
#14593 = ORIENTED_EDGE('',*,*,#14594,.T.);
#14594 = EDGE_CURVE('',#14572,#5485,#14595,.T.);
#14595 = SURFACE_CURVE('',#14596,(#14600,#14607),.PCURVE_S1.);
#14596 = LINE('',#14597,#14598);
#14597 = CARTESIAN_POINT('',(3.626994099014,8.109163021967,0.59));
#14598 = VECTOR('',#14599,1.);
#14599 = DIRECTION('',(0.,0.,1.));
#14600 = PCURVE('',#5523,#14601);
#14601 = DEFINITIONAL_REPRESENTATION('',(#14602),#14606);
#14602 = LINE('',#14603,#14604);
#14603 = CARTESIAN_POINT('',(0.692628370099,-0.31));
#14604 = VECTOR('',#14605,1.);
#14605 = DIRECTION('',(0.,1.));
#14606 = ( GEOMETRIC_REPRESENTATION_CONTEXT(2) 
PARAMETRIC_REPRESENTATION_CONTEXT() REPRESENTATION_CONTEXT('2D SPACE',''
  ) );
#14607 = PCURVE('',#5499,#14608);
#14608 = DEFINITIONAL_REPRESENTATION('',(#14609),#14613);
#14609 = LINE('',#14610,#14611);
#14610 = CARTESIAN_POINT('',(0.,-0.31));
#14611 = VECTOR('',#14612,1.);
#14612 = DIRECTION('',(0.,1.));
#14613 = ( GEOMETRIC_REPRESENTATION_CONTEXT(2) 
PARAMETRIC_REPRESENTATION_CONTEXT() REPRESENTATION_CONTEXT('2D SPACE',''
  ) );
#14614 = ORIENTED_EDGE('',*,*,#5510,.F.);
#14615 = ADVANCED_FACE('',(#14616),#5499,.F.);
#14616 = FACE_BOUND('',#14617,.F.);
#14617 = EDGE_LOOP('',(#14618,#14619,#14642,#14663));
#14618 = ORIENTED_EDGE('',*,*,#14594,.F.);
#14619 = ORIENTED_EDGE('',*,*,#14620,.T.);
#14620 = EDGE_CURVE('',#14572,#14621,#14623,.T.);
#14621 = VERTEX_POINT('',#14622);
#14622 = CARTESIAN_POINT('',(3.941353884659,8.726187859305,0.59));
#14623 = SURFACE_CURVE('',#14624,(#14628,#14635),.PCURVE_S1.);
#14624 = LINE('',#14625,#14626);
#14625 = CARTESIAN_POINT('',(3.626994099014,8.109163021967,0.59));
#14626 = VECTOR('',#14627,1.);
#14627 = DIRECTION('',(0.453956023935,0.891024089648,0.));
#14628 = PCURVE('',#5499,#14629);
#14629 = DEFINITIONAL_REPRESENTATION('',(#14630),#14634);
#14630 = LINE('',#14631,#14632);
#14631 = CARTESIAN_POINT('',(0.,-0.31));
#14632 = VECTOR('',#14633,1.);
#14633 = DIRECTION('',(1.,0.));
#14634 = ( GEOMETRIC_REPRESENTATION_CONTEXT(2) 
PARAMETRIC_REPRESENTATION_CONTEXT() REPRESENTATION_CONTEXT('2D SPACE',''
  ) );
#14635 = PCURVE('',#14533,#14636);
#14636 = DEFINITIONAL_REPRESENTATION('',(#14637),#14641);
#14637 = LINE('',#14638,#14639);
#14638 = CARTESIAN_POINT('',(-0.939012436438,-2.914151881804));
#14639 = VECTOR('',#14640,1.);
#14640 = DIRECTION('',(0.453956023935,0.891024089648));
#14641 = ( GEOMETRIC_REPRESENTATION_CONTEXT(2) 
PARAMETRIC_REPRESENTATION_CONTEXT() REPRESENTATION_CONTEXT('2D SPACE',''
  ) );
#14642 = ORIENTED_EDGE('',*,*,#14643,.T.);
#14643 = EDGE_CURVE('',#14621,#5459,#14644,.T.);
#14644 = SURFACE_CURVE('',#14645,(#14649,#14656),.PCURVE_S1.);
#14645 = LINE('',#14646,#14647);
#14646 = CARTESIAN_POINT('',(3.941353884659,8.726187859305,0.59));
#14647 = VECTOR('',#14648,1.);
#14648 = DIRECTION('',(0.,0.,1.));
#14649 = PCURVE('',#5499,#14650);
#14650 = DEFINITIONAL_REPRESENTATION('',(#14651),#14655);
#14651 = LINE('',#14652,#14653);
#14652 = CARTESIAN_POINT('',(0.692489512356,-0.31));
#14653 = VECTOR('',#14654,1.);
#14654 = DIRECTION('',(0.,1.));
#14655 = ( GEOMETRIC_REPRESENTATION_CONTEXT(2) 
PARAMETRIC_REPRESENTATION_CONTEXT() REPRESENTATION_CONTEXT('2D SPACE',''
  ) );
#14656 = PCURVE('',#5473,#14657);
#14657 = DEFINITIONAL_REPRESENTATION('',(#14658),#14662);
#14658 = LINE('',#14659,#14660);
#14659 = CARTESIAN_POINT('',(0.,-0.31));
#14660 = VECTOR('',#14661,1.);
#14661 = DIRECTION('',(0.,1.));
#14662 = ( GEOMETRIC_REPRESENTATION_CONTEXT(2) 
PARAMETRIC_REPRESENTATION_CONTEXT() REPRESENTATION_CONTEXT('2D SPACE',''
  ) );
#14663 = ORIENTED_EDGE('',*,*,#5484,.F.);
#14664 = ADVANCED_FACE('',(#14665),#5473,.F.);
#14665 = FACE_BOUND('',#14666,.F.);
#14666 = EDGE_LOOP('',(#14667,#14668,#14691,#14712));
#14667 = ORIENTED_EDGE('',*,*,#14643,.F.);
#14668 = ORIENTED_EDGE('',*,*,#14669,.T.);
#14669 = EDGE_CURVE('',#14621,#14670,#14672,.T.);
#14670 = VERTEX_POINT('',#14671);
#14671 = CARTESIAN_POINT('',(4.255668022207,9.343111587111,0.59));
#14672 = SURFACE_CURVE('',#14673,(#14677,#14684),.PCURVE_S1.);
#14673 = LINE('',#14674,#14675);
#14674 = CARTESIAN_POINT('',(3.941353884659,8.726187859305,0.59));
#14675 = VECTOR('',#14676,1.);
#14676 = DIRECTION('',(0.453962748924,0.891020663391,0.));
#14677 = PCURVE('',#5473,#14678);
#14678 = DEFINITIONAL_REPRESENTATION('',(#14679),#14683);
#14679 = LINE('',#14680,#14681);
#14680 = CARTESIAN_POINT('',(0.,-0.31));
#14681 = VECTOR('',#14682,1.);
#14682 = DIRECTION('',(1.,0.));
#14683 = ( GEOMETRIC_REPRESENTATION_CONTEXT(2) 
PARAMETRIC_REPRESENTATION_CONTEXT() REPRESENTATION_CONTEXT('2D SPACE',''
  ) );
#14684 = PCURVE('',#14533,#14685);
#14685 = DEFINITIONAL_REPRESENTATION('',(#14686),#14690);
#14686 = LINE('',#14687,#14688);
#14687 = CARTESIAN_POINT('',(-0.624652650792,-2.297127044465));
#14688 = VECTOR('',#14689,1.);
#14689 = DIRECTION('',(0.453962748924,0.891020663391));
#14690 = ( GEOMETRIC_REPRESENTATION_CONTEXT(2) 
PARAMETRIC_REPRESENTATION_CONTEXT() REPRESENTATION_CONTEXT('2D SPACE',''
  ) );
#14691 = ORIENTED_EDGE('',*,*,#14692,.T.);
#14692 = EDGE_CURVE('',#14670,#5433,#14693,.T.);
#14693 = SURFACE_CURVE('',#14694,(#14698,#14705),.PCURVE_S1.);
#14694 = LINE('',#14695,#14696);
#14695 = CARTESIAN_POINT('',(4.255668022207,9.343111587111,0.59));
#14696 = VECTOR('',#14697,1.);
#14697 = DIRECTION('',(0.,0.,1.));
#14698 = PCURVE('',#5473,#14699);
#14699 = DEFINITIONAL_REPRESENTATION('',(#14700),#14704);
#14700 = LINE('',#14701,#14702);
#14701 = CARTESIAN_POINT('',(0.692378699118,-0.31));
#14702 = VECTOR('',#14703,1.);
#14703 = DIRECTION('',(0.,1.));
#14704 = ( GEOMETRIC_REPRESENTATION_CONTEXT(2) 
PARAMETRIC_REPRESENTATION_CONTEXT() REPRESENTATION_CONTEXT('2D SPACE',''
  ) );
#14705 = PCURVE('',#5447,#14706);
#14706 = DEFINITIONAL_REPRESENTATION('',(#14707),#14711);
#14707 = LINE('',#14708,#14709);
#14708 = CARTESIAN_POINT('',(0.,-0.31));
#14709 = VECTOR('',#14710,1.);
#14710 = DIRECTION('',(0.,1.));
#14711 = ( GEOMETRIC_REPRESENTATION_CONTEXT(2) 
PARAMETRIC_REPRESENTATION_CONTEXT() REPRESENTATION_CONTEXT('2D SPACE',''
  ) );
#14712 = ORIENTED_EDGE('',*,*,#5458,.F.);
#14713 = ADVANCED_FACE('',(#14714),#5447,.F.);
#14714 = FACE_BOUND('',#14715,.F.);
#14715 = EDGE_LOOP('',(#14716,#14717,#14740,#14761));
#14716 = ORIENTED_EDGE('',*,*,#14692,.F.);
#14717 = ORIENTED_EDGE('',*,*,#14718,.T.);
#14718 = EDGE_CURVE('',#14670,#14719,#14721,.T.);
#14719 = VERTEX_POINT('',#14720);
#14720 = CARTESIAN_POINT('',(4.569944893404,9.959953469555,0.59));
#14721 = SURFACE_CURVE('',#14722,(#14726,#14733),.PCURVE_S1.);
#14722 = LINE('',#14723,#14724);
#14723 = CARTESIAN_POINT('',(4.255668022207,9.343111587111,0.59));
#14724 = VECTOR('',#14725,1.);
#14725 = DIRECTION('',(0.453967832381,0.891018073421,0.));
#14726 = PCURVE('',#5447,#14727);
#14727 = DEFINITIONAL_REPRESENTATION('',(#14728),#14732);
#14728 = LINE('',#14729,#14730);
#14729 = CARTESIAN_POINT('',(0.,-0.31));
#14730 = VECTOR('',#14731,1.);
#14731 = DIRECTION('',(1.,0.));
#14732 = ( GEOMETRIC_REPRESENTATION_CONTEXT(2) 
PARAMETRIC_REPRESENTATION_CONTEXT() REPRESENTATION_CONTEXT('2D SPACE',''
  ) );
#14733 = PCURVE('',#14533,#14734);
#14734 = DEFINITIONAL_REPRESENTATION('',(#14735),#14739);
#14735 = LINE('',#14736,#14737);
#14736 = CARTESIAN_POINT('',(-0.310338513244,-1.68020331666));
#14737 = VECTOR('',#14738,1.);
#14738 = DIRECTION('',(0.453967832381,0.891018073421));
#14739 = ( GEOMETRIC_REPRESENTATION_CONTEXT(2) 
PARAMETRIC_REPRESENTATION_CONTEXT() REPRESENTATION_CONTEXT('2D SPACE',''
  ) );
#14740 = ORIENTED_EDGE('',*,*,#14741,.T.);
#14741 = EDGE_CURVE('',#14719,#5407,#14742,.T.);
#14742 = SURFACE_CURVE('',#14743,(#14747,#14754),.PCURVE_S1.);
#14743 = LINE('',#14744,#14745);
#14744 = CARTESIAN_POINT('',(4.569944893404,9.959953469555,0.59));
#14745 = VECTOR('',#14746,1.);
#14746 = DIRECTION('',(0.,0.,1.));
#14747 = PCURVE('',#5447,#14748);
#14748 = DEFINITIONAL_REPRESENTATION('',(#14749),#14753);
#14749 = LINE('',#14750,#14751);
#14750 = CARTESIAN_POINT('',(0.692288855685,-0.31));
#14751 = VECTOR('',#14752,1.);
#14752 = DIRECTION('',(0.,1.));
#14753 = ( GEOMETRIC_REPRESENTATION_CONTEXT(2) 
PARAMETRIC_REPRESENTATION_CONTEXT() REPRESENTATION_CONTEXT('2D SPACE',''
  ) );
#14754 = PCURVE('',#5421,#14755);
#14755 = DEFINITIONAL_REPRESENTATION('',(#14756),#14760);
#14756 = LINE('',#14757,#14758);
#14757 = CARTESIAN_POINT('',(0.,-0.31));
#14758 = VECTOR('',#14759,1.);
#14759 = DIRECTION('',(0.,1.));
#14760 = ( GEOMETRIC_REPRESENTATION_CONTEXT(2) 
PARAMETRIC_REPRESENTATION_CONTEXT() REPRESENTATION_CONTEXT('2D SPACE',''
  ) );
#14761 = ORIENTED_EDGE('',*,*,#5432,.F.);
#14762 = ADVANCED_FACE('',(#14763),#5421,.F.);
#14763 = FACE_BOUND('',#14764,.F.);
#14764 = EDGE_LOOP('',(#14765,#14766,#14789,#14810));
#14765 = ORIENTED_EDGE('',*,*,#14741,.F.);
#14766 = ORIENTED_EDGE('',*,*,#14767,.T.);
#14767 = EDGE_CURVE('',#14719,#14768,#14770,.T.);
#14768 = VERTEX_POINT('',#14769);
#14769 = CARTESIAN_POINT('',(4.884190948238,10.576728169956,0.59));
#14770 = SURFACE_CURVE('',#14771,(#14775,#14782),.PCURVE_S1.);
#14771 = LINE('',#14772,#14773);
#14772 = CARTESIAN_POINT('',(4.569944893404,9.959953469555,0.59));
#14773 = VECTOR('',#14774,1.);
#14774 = DIRECTION('',(0.453971746167,0.891016079362,0.));
#14775 = PCURVE('',#5421,#14776);
#14776 = DEFINITIONAL_REPRESENTATION('',(#14777),#14781);
#14777 = LINE('',#14778,#14779);
#14778 = CARTESIAN_POINT('',(0.,-0.31));
#14779 = VECTOR('',#14780,1.);
#14780 = DIRECTION('',(1.,0.));
#14781 = ( GEOMETRIC_REPRESENTATION_CONTEXT(2) 
PARAMETRIC_REPRESENTATION_CONTEXT() REPRESENTATION_CONTEXT('2D SPACE',''
  ) );
#14782 = PCURVE('',#14533,#14783);
#14783 = DEFINITIONAL_REPRESENTATION('',(#14784),#14788);
#14784 = LINE('',#14785,#14786);
#14785 = CARTESIAN_POINT('',(3.938357953041E-03,-1.063361434216));
#14786 = VECTOR('',#14787,1.);
#14787 = DIRECTION('',(0.453971746167,0.891016079362));
#14788 = ( GEOMETRIC_REPRESENTATION_CONTEXT(2) 
PARAMETRIC_REPRESENTATION_CONTEXT() REPRESENTATION_CONTEXT('2D SPACE',''
  ) );
#14789 = ORIENTED_EDGE('',*,*,#14790,.T.);
#14790 = EDGE_CURVE('',#14768,#5381,#14791,.T.);
#14791 = SURFACE_CURVE('',#14792,(#14796,#14803),.PCURVE_S1.);
#14792 = LINE('',#14793,#14794);
#14793 = CARTESIAN_POINT('',(4.884190948238,10.576728169956,0.59));
#14794 = VECTOR('',#14795,1.);
#14795 = DIRECTION('',(0.,0.,1.));
#14796 = PCURVE('',#5421,#14797);
#14797 = DEFINITIONAL_REPRESENTATION('',(#14798),#14802);
#14798 = LINE('',#14799,#14800);
#14799 = CARTESIAN_POINT('',(0.692215005641,-0.31));
#14800 = VECTOR('',#14801,1.);
#14801 = DIRECTION('',(0.,1.));
#14802 = ( GEOMETRIC_REPRESENTATION_CONTEXT(2) 
PARAMETRIC_REPRESENTATION_CONTEXT() REPRESENTATION_CONTEXT('2D SPACE',''
  ) );
#14803 = PCURVE('',#5395,#14804);
#14804 = DEFINITIONAL_REPRESENTATION('',(#14805),#14809);
#14805 = LINE('',#14806,#14807);
#14806 = CARTESIAN_POINT('',(0.,-0.31));
#14807 = VECTOR('',#14808,1.);
#14808 = DIRECTION('',(0.,1.));
#14809 = ( GEOMETRIC_REPRESENTATION_CONTEXT(2) 
PARAMETRIC_REPRESENTATION_CONTEXT() REPRESENTATION_CONTEXT('2D SPACE',''
  ) );
#14810 = ORIENTED_EDGE('',*,*,#5406,.F.);
#14811 = ADVANCED_FACE('',(#14812),#5395,.F.);
#14812 = FACE_BOUND('',#14813,.F.);
#14813 = EDGE_LOOP('',(#14814,#14815,#14838,#14859));
#14814 = ORIENTED_EDGE('',*,*,#14790,.F.);
#14815 = ORIENTED_EDGE('',*,*,#14816,.T.);
#14816 = EDGE_CURVE('',#14768,#14817,#14819,.T.);
#14817 = VERTEX_POINT('',#14818);
#14818 = CARTESIAN_POINT('',(5.198411230645,11.193447046742,0.59));
#14819 = SURFACE_CURVE('',#14820,(#14824,#14831),.PCURVE_S1.);
#14820 = LINE('',#14821,#14822);
#14821 = CARTESIAN_POINT('',(4.884190948238,10.576728169956,0.59));
#14822 = VECTOR('',#14823,1.);
#14823 = DIRECTION('',(0.453974808286,0.891014519209,0.));
#14824 = PCURVE('',#5395,#14825);
#14825 = DEFINITIONAL_REPRESENTATION('',(#14826),#14830);
#14826 = LINE('',#14827,#14828);
#14827 = CARTESIAN_POINT('',(0.,-0.31));
#14828 = VECTOR('',#14829,1.);
#14829 = DIRECTION('',(1.,0.));
#14830 = ( GEOMETRIC_REPRESENTATION_CONTEXT(2) 
PARAMETRIC_REPRESENTATION_CONTEXT() REPRESENTATION_CONTEXT('2D SPACE',''
  ) );
#14831 = PCURVE('',#14533,#14832);
#14832 = DEFINITIONAL_REPRESENTATION('',(#14833),#14837);
#14833 = LINE('',#14834,#14835);
#14834 = CARTESIAN_POINT('',(0.318184412787,-0.446586733814));
#14835 = VECTOR('',#14836,1.);
#14836 = DIRECTION('',(0.453974808286,0.891014519209));
#14837 = ( GEOMETRIC_REPRESENTATION_CONTEXT(2) 
PARAMETRIC_REPRESENTATION_CONTEXT() REPRESENTATION_CONTEXT('2D SPACE',''
  ) );
#14838 = ORIENTED_EDGE('',*,*,#14839,.T.);
#14839 = EDGE_CURVE('',#14817,#5355,#14840,.T.);
#14840 = SURFACE_CURVE('',#14841,(#14845,#14852),.PCURVE_S1.);
#14841 = LINE('',#14842,#14843);
#14842 = CARTESIAN_POINT('',(5.198411230645,11.193447046742,0.59));
#14843 = VECTOR('',#14844,1.);
#14844 = DIRECTION('',(0.,0.,1.));
#14845 = PCURVE('',#5395,#14846);
#14846 = DEFINITIONAL_REPRESENTATION('',(#14847),#14851);
#14847 = LINE('',#14848,#14849);
#14848 = CARTESIAN_POINT('',(0.692153565952,-0.31));
#14849 = VECTOR('',#14850,1.);
#14850 = DIRECTION('',(0.,1.));
#14851 = ( GEOMETRIC_REPRESENTATION_CONTEXT(2) 
PARAMETRIC_REPRESENTATION_CONTEXT() REPRESENTATION_CONTEXT('2D SPACE',''
  ) );
#14852 = PCURVE('',#5369,#14853);
#14853 = DEFINITIONAL_REPRESENTATION('',(#14854),#14858);
#14854 = LINE('',#14855,#14856);
#14855 = CARTESIAN_POINT('',(0.,-0.31));
#14856 = VECTOR('',#14857,1.);
#14857 = DIRECTION('',(0.,1.));
#14858 = ( GEOMETRIC_REPRESENTATION_CONTEXT(2) 
PARAMETRIC_REPRESENTATION_CONTEXT() REPRESENTATION_CONTEXT('2D SPACE',''
  ) );
#14859 = ORIENTED_EDGE('',*,*,#5380,.F.);
#14860 = ADVANCED_FACE('',(#14861),#5369,.F.);
#14861 = FACE_BOUND('',#14862,.F.);
#14862 = EDGE_LOOP('',(#14863,#14864,#14887,#14908));
#14863 = ORIENTED_EDGE('',*,*,#14839,.F.);
#14864 = ORIENTED_EDGE('',*,*,#14865,.T.);
#14865 = EDGE_CURVE('',#14817,#14866,#14868,.T.);
#14866 = VERTEX_POINT('',#14867);
#14867 = CARTESIAN_POINT('',(5.512609741544,11.81011903476,0.59));
#14868 = SURFACE_CURVE('',#14869,(#14873,#14880),.PCURVE_S1.);
#14869 = LINE('',#14870,#14871);
#14870 = CARTESIAN_POINT('',(5.198411230645,11.193447046742,0.59));
#14871 = VECTOR('',#14872,1.);
#14872 = DIRECTION('',(0.453977238373,0.891013281068,0.));
#14873 = PCURVE('',#5369,#14874);
#14874 = DEFINITIONAL_REPRESENTATION('',(#14875),#14879);
#14875 = LINE('',#14876,#14877);
#14876 = CARTESIAN_POINT('',(0.,-0.31));
#14877 = VECTOR('',#14878,1.);
#14878 = DIRECTION('',(1.,0.));
#14879 = ( GEOMETRIC_REPRESENTATION_CONTEXT(2) 
PARAMETRIC_REPRESENTATION_CONTEXT() REPRESENTATION_CONTEXT('2D SPACE',''
  ) );
#14880 = PCURVE('',#14533,#14881);
#14881 = DEFINITIONAL_REPRESENTATION('',(#14882),#14886);
#14882 = LINE('',#14883,#14884);
#14883 = CARTESIAN_POINT('',(0.632404695194,0.170132142971));
#14884 = VECTOR('',#14885,1.);
#14885 = DIRECTION('',(0.453977238373,0.891013281068));
#14886 = ( GEOMETRIC_REPRESENTATION_CONTEXT(2) 
PARAMETRIC_REPRESENTATION_CONTEXT() REPRESENTATION_CONTEXT('2D SPACE',''
  ) );
#14887 = ORIENTED_EDGE('',*,*,#14888,.T.);
#14888 = EDGE_CURVE('',#14866,#5329,#14889,.T.);
#14889 = SURFACE_CURVE('',#14890,(#14894,#14901),.PCURVE_S1.);
#14890 = LINE('',#14891,#14892);
#14891 = CARTESIAN_POINT('',(5.512609741544,11.81011903476,0.59));
#14892 = VECTOR('',#14893,1.);
#14893 = DIRECTION('',(0.,0.,1.));
#14894 = PCURVE('',#5369,#14895);
#14895 = DEFINITIONAL_REPRESENTATION('',(#14896),#14900);
#14896 = LINE('',#14897,#14898);
#14897 = CARTESIAN_POINT('',(0.692101903666,-0.31));
#14898 = VECTOR('',#14899,1.);
#14899 = DIRECTION('',(0.,1.));
#14900 = ( GEOMETRIC_REPRESENTATION_CONTEXT(2) 
PARAMETRIC_REPRESENTATION_CONTEXT() REPRESENTATION_CONTEXT('2D SPACE',''
  ) );
#14901 = PCURVE('',#5343,#14902);
#14902 = DEFINITIONAL_REPRESENTATION('',(#14903),#14907);
#14903 = LINE('',#14904,#14905);
#14904 = CARTESIAN_POINT('',(0.,-0.31));
#14905 = VECTOR('',#14906,1.);
#14906 = DIRECTION('',(0.,1.));
#14907 = ( GEOMETRIC_REPRESENTATION_CONTEXT(2) 
PARAMETRIC_REPRESENTATION_CONTEXT() REPRESENTATION_CONTEXT('2D SPACE',''
  ) );
#14908 = ORIENTED_EDGE('',*,*,#5354,.F.);
#14909 = ADVANCED_FACE('',(#14910),#5343,.F.);
#14910 = FACE_BOUND('',#14911,.F.);
#14911 = EDGE_LOOP('',(#14912,#14913,#14936,#14957));
#14912 = ORIENTED_EDGE('',*,*,#14888,.F.);
#14913 = ORIENTED_EDGE('',*,*,#14914,.T.);
#14914 = EDGE_CURVE('',#14866,#14915,#14917,.T.);
#14915 = VERTEX_POINT('',#14916);
#14916 = CARTESIAN_POINT('',(5.826789694998,12.426751258888,0.59));
#14917 = SURFACE_CURVE('',#14918,(#14922,#14929),.PCURVE_S1.);
#14918 = LINE('',#14919,#14920);
#14919 = CARTESIAN_POINT('',(5.512609741544,11.81011903476,0.59));
#14920 = VECTOR('',#14921,1.);
#14921 = DIRECTION('',(0.453979191447,0.891012285961,0.));
#14922 = PCURVE('',#5343,#14923);
#14923 = DEFINITIONAL_REPRESENTATION('',(#14924),#14928);
#14924 = LINE('',#14925,#14926);
#14925 = CARTESIAN_POINT('',(0.,-0.31));
#14926 = VECTOR('',#14927,1.);
#14927 = DIRECTION('',(1.,0.));
#14928 = ( GEOMETRIC_REPRESENTATION_CONTEXT(2) 
PARAMETRIC_REPRESENTATION_CONTEXT() REPRESENTATION_CONTEXT('2D SPACE',''
  ) );
#14929 = PCURVE('',#14533,#14930);
#14930 = DEFINITIONAL_REPRESENTATION('',(#14931),#14935);
#14931 = LINE('',#14932,#14933);
#14932 = CARTESIAN_POINT('',(0.946603206093,0.78680413099));
#14933 = VECTOR('',#14934,1.);
#14934 = DIRECTION('',(0.453979191447,0.891012285961));
#14935 = ( GEOMETRIC_REPRESENTATION_CONTEXT(2) 
PARAMETRIC_REPRESENTATION_CONTEXT() REPRESENTATION_CONTEXT('2D SPACE',''
  ) );
#14936 = ORIENTED_EDGE('',*,*,#14937,.T.);
#14937 = EDGE_CURVE('',#14915,#5303,#14938,.T.);
#14938 = SURFACE_CURVE('',#14939,(#14943,#14950),.PCURVE_S1.);
#14939 = LINE('',#14940,#14941);
#14940 = CARTESIAN_POINT('',(5.826789694998,12.426751258888,0.59));
#14941 = VECTOR('',#14942,1.);
#14942 = DIRECTION('',(0.,0.,1.));
#14943 = PCURVE('',#5343,#14944);
#14944 = DEFINITIONAL_REPRESENTATION('',(#14945),#14949);
#14945 = LINE('',#14946,#14947);
#14946 = CARTESIAN_POINT('',(0.692058048855,-0.31));
#14947 = VECTOR('',#14948,1.);
#14948 = DIRECTION('',(0.,1.));
#14949 = ( GEOMETRIC_REPRESENTATION_CONTEXT(2) 
PARAMETRIC_REPRESENTATION_CONTEXT() REPRESENTATION_CONTEXT('2D SPACE',''
  ) );
#14950 = PCURVE('',#5317,#14951);
#14951 = DEFINITIONAL_REPRESENTATION('',(#14952),#14956);
#14952 = LINE('',#14953,#14954);
#14953 = CARTESIAN_POINT('',(0.,-0.31));
#14954 = VECTOR('',#14955,1.);
#14955 = DIRECTION('',(0.,1.));
#14956 = ( GEOMETRIC_REPRESENTATION_CONTEXT(2) 
PARAMETRIC_REPRESENTATION_CONTEXT() REPRESENTATION_CONTEXT('2D SPACE',''
  ) );
#14957 = ORIENTED_EDGE('',*,*,#5328,.F.);
#14958 = ADVANCED_FACE('',(#14959),#5317,.F.);
#14959 = FACE_BOUND('',#14960,.F.);
#14960 = EDGE_LOOP('',(#14961,#14962,#14985,#15006));
#14961 = ORIENTED_EDGE('',*,*,#14937,.F.);
#14962 = ORIENTED_EDGE('',*,*,#14963,.T.);
#14963 = EDGE_CURVE('',#14915,#14964,#14966,.T.);
#14964 = VERTEX_POINT('',#14965);
#14965 = CARTESIAN_POINT('',(6.140953702466,13.043349470207,0.59));
#14966 = SURFACE_CURVE('',#14967,(#14971,#14978),.PCURVE_S1.);
#14967 = LINE('',#14968,#14969);
#14968 = CARTESIAN_POINT('',(5.826789694998,12.426751258888,0.59));
#14969 = VECTOR('',#14970,1.);
#14970 = DIRECTION('',(0.453980779048,0.891011477061,0.));
#14971 = PCURVE('',#5317,#14972);
#14972 = DEFINITIONAL_REPRESENTATION('',(#14973),#14977);
#14973 = LINE('',#14974,#14975);
#14974 = CARTESIAN_POINT('',(0.,-0.31));
#14975 = VECTOR('',#14976,1.);
#14976 = DIRECTION('',(1.,0.));
#14977 = ( GEOMETRIC_REPRESENTATION_CONTEXT(2) 
PARAMETRIC_REPRESENTATION_CONTEXT() REPRESENTATION_CONTEXT('2D SPACE',''
  ) );
#14978 = PCURVE('',#14533,#14979);
#14979 = DEFINITIONAL_REPRESENTATION('',(#14980),#14984);
#14980 = LINE('',#14981,#14982);
#14981 = CARTESIAN_POINT('',(1.260783159547,1.403436355117));
#14982 = VECTOR('',#14983,1.);
#14983 = DIRECTION('',(0.453980779048,0.891011477061));
#14984 = ( GEOMETRIC_REPRESENTATION_CONTEXT(2) 
PARAMETRIC_REPRESENTATION_CONTEXT() REPRESENTATION_CONTEXT('2D SPACE',''
  ) );
#14985 = ORIENTED_EDGE('',*,*,#14986,.T.);
#14986 = EDGE_CURVE('',#14964,#5277,#14987,.T.);
#14987 = SURFACE_CURVE('',#14988,(#14992,#14999),.PCURVE_S1.);
#14988 = LINE('',#14989,#14990);
#14989 = CARTESIAN_POINT('',(6.140953702466,13.043349470207,0.59));
#14990 = VECTOR('',#14991,1.);
#14991 = DIRECTION('',(0.,0.,1.));
#14992 = PCURVE('',#5317,#14993);
#14993 = DEFINITIONAL_REPRESENTATION('',(#14994),#14998);
#14994 = LINE('',#14995,#14996);
#14995 = CARTESIAN_POINT('',(0.69202050388,-0.31));
#14996 = VECTOR('',#14997,1.);
#14997 = DIRECTION('',(0.,1.));
#14998 = ( GEOMETRIC_REPRESENTATION_CONTEXT(2) 
PARAMETRIC_REPRESENTATION_CONTEXT() REPRESENTATION_CONTEXT('2D SPACE',''
  ) );
#14999 = PCURVE('',#5291,#15000);
#15000 = DEFINITIONAL_REPRESENTATION('',(#15001),#15005);
#15001 = LINE('',#15002,#15003);
#15002 = CARTESIAN_POINT('',(0.,-0.31));
#15003 = VECTOR('',#15004,1.);
#15004 = DIRECTION('',(0.,1.));
#15005 = ( GEOMETRIC_REPRESENTATION_CONTEXT(2) 
PARAMETRIC_REPRESENTATION_CONTEXT() REPRESENTATION_CONTEXT('2D SPACE',''
  ) );
#15006 = ORIENTED_EDGE('',*,*,#5302,.F.);
#15007 = ADVANCED_FACE('',(#15008),#5291,.F.);
#15008 = FACE_BOUND('',#15009,.F.);
#15009 = EDGE_LOOP('',(#15010,#15011,#15034,#15055));
#15010 = ORIENTED_EDGE('',*,*,#14986,.F.);
#15011 = ORIENTED_EDGE('',*,*,#15012,.T.);
#15012 = EDGE_CURVE('',#14964,#15013,#15015,.T.);
#15013 = VERTEX_POINT('',#15014);
#15014 = CARTESIAN_POINT('',(6.455103907632,13.659918361864,0.59));
#15015 = SURFACE_CURVE('',#15016,(#15020,#15027),.PCURVE_S1.);
#15016 = LINE('',#15017,#15018);
#15017 = CARTESIAN_POINT('',(6.140953702466,13.043349470207,0.59));
#15018 = VECTOR('',#15019,1.);
#15019 = DIRECTION('',(0.453982082822,0.891010812772,0.));
#15020 = PCURVE('',#5291,#15021);
#15021 = DEFINITIONAL_REPRESENTATION('',(#15022),#15026);
#15022 = LINE('',#15023,#15024);
#15023 = CARTESIAN_POINT('',(0.,-0.31));
#15024 = VECTOR('',#15025,1.);
#15025 = DIRECTION('',(1.,0.));
#15026 = ( GEOMETRIC_REPRESENTATION_CONTEXT(2) 
PARAMETRIC_REPRESENTATION_CONTEXT() REPRESENTATION_CONTEXT('2D SPACE',''
  ) );
#15027 = PCURVE('',#14533,#15028);
#15028 = DEFINITIONAL_REPRESENTATION('',(#15029),#15033);
#15029 = LINE('',#15030,#15031);
#15030 = CARTESIAN_POINT('',(1.574947167015,2.020034566436));
#15031 = VECTOR('',#15032,1.);
#15032 = DIRECTION('',(0.453982082822,0.891010812772));
#15033 = ( GEOMETRIC_REPRESENTATION_CONTEXT(2) 
PARAMETRIC_REPRESENTATION_CONTEXT() REPRESENTATION_CONTEXT('2D SPACE',''
  ) );
#15034 = ORIENTED_EDGE('',*,*,#15035,.T.);
#15035 = EDGE_CURVE('',#15013,#5251,#15036,.T.);
#15036 = SURFACE_CURVE('',#15037,(#15041,#15048),.PCURVE_S1.);
#15037 = LINE('',#15038,#15039);
#15038 = CARTESIAN_POINT('',(6.455103907632,13.659918361864,0.59));
#15039 = VECTOR('',#15040,1.);
#15040 = DIRECTION('',(0.,0.,1.));
#15041 = PCURVE('',#5291,#15042);
#15042 = DEFINITIONAL_REPRESENTATION('',(#15043),#15047);
#15043 = LINE('',#15044,#15045);
#15044 = CARTESIAN_POINT('',(0.691988113745,-0.31));
#15045 = VECTOR('',#15046,1.);
#15046 = DIRECTION('',(0.,1.));
#15047 = ( GEOMETRIC_REPRESENTATION_CONTEXT(2) 
PARAMETRIC_REPRESENTATION_CONTEXT() REPRESENTATION_CONTEXT('2D SPACE',''
  ) );
#15048 = PCURVE('',#5265,#15049);
#15049 = DEFINITIONAL_REPRESENTATION('',(#15050),#15054);
#15050 = LINE('',#15051,#15052);
#15051 = CARTESIAN_POINT('',(0.,-0.31));
#15052 = VECTOR('',#15053,1.);
#15053 = DIRECTION('',(0.,1.));
#15054 = ( GEOMETRIC_REPRESENTATION_CONTEXT(2) 
PARAMETRIC_REPRESENTATION_CONTEXT() REPRESENTATION_CONTEXT('2D SPACE',''
  ) );
#15055 = ORIENTED_EDGE('',*,*,#5276,.F.);
#15056 = ADVANCED_FACE('',(#15057),#5265,.F.);
#15057 = FACE_BOUND('',#15058,.F.);
#15058 = EDGE_LOOP('',(#15059,#15060,#15083,#15104));
#15059 = ORIENTED_EDGE('',*,*,#15035,.F.);
#15060 = ORIENTED_EDGE('',*,*,#15061,.T.);
#15061 = EDGE_CURVE('',#15013,#15062,#15064,.T.);
#15062 = VERTEX_POINT('',#15063);
#15063 = CARTESIAN_POINT('',(6.769242086596,14.276461801618,0.59));
#15064 = SURFACE_CURVE('',#15065,(#15069,#15076),.PCURVE_S1.);
#15065 = LINE('',#15066,#15067);
#15066 = CARTESIAN_POINT('',(6.455103907632,13.659918361864,0.59));
#15067 = VECTOR('',#15068,1.);
#15068 = DIRECTION('',(0.453983163468,0.891010262167,0.));
#15069 = PCURVE('',#5265,#15070);
#15070 = DEFINITIONAL_REPRESENTATION('',(#15071),#15075);
#15071 = LINE('',#15072,#15073);
#15072 = CARTESIAN_POINT('',(0.,-0.31));
#15073 = VECTOR('',#15074,1.);
#15074 = DIRECTION('',(1.,0.));
#15075 = ( GEOMETRIC_REPRESENTATION_CONTEXT(2) 
PARAMETRIC_REPRESENTATION_CONTEXT() REPRESENTATION_CONTEXT('2D SPACE',''
  ) );
#15076 = PCURVE('',#14533,#15077);
#15077 = DEFINITIONAL_REPRESENTATION('',(#15078),#15082);
#15078 = LINE('',#15079,#15080);
#15079 = CARTESIAN_POINT('',(1.889097372181,2.636603458093));
#15080 = VECTOR('',#15081,1.);
#15081 = DIRECTION('',(0.453983163468,0.891010262167));
#15082 = ( GEOMETRIC_REPRESENTATION_CONTEXT(2) 
PARAMETRIC_REPRESENTATION_CONTEXT() REPRESENTATION_CONTEXT('2D SPACE',''
  ) );
#15083 = ORIENTED_EDGE('',*,*,#15084,.T.);
#15084 = EDGE_CURVE('',#15062,#5225,#15085,.T.);
#15085 = SURFACE_CURVE('',#15086,(#15090,#15097),.PCURVE_S1.);
#15086 = LINE('',#15087,#15088);
#15087 = CARTESIAN_POINT('',(6.769242086596,14.276461801618,0.59));
#15088 = VECTOR('',#15089,1.);
#15089 = DIRECTION('',(0.,0.,1.));
#15090 = PCURVE('',#5265,#15091);
#15091 = DEFINITIONAL_REPRESENTATION('',(#15092),#15096);
#15092 = LINE('',#15093,#15094);
#15093 = CARTESIAN_POINT('',(0.691959976145,-0.31));
#15094 = VECTOR('',#15095,1.);
#15095 = DIRECTION('',(0.,1.));
#15096 = ( GEOMETRIC_REPRESENTATION_CONTEXT(2) 
PARAMETRIC_REPRESENTATION_CONTEXT() REPRESENTATION_CONTEXT('2D SPACE',''
  ) );
#15097 = PCURVE('',#5239,#15098);
#15098 = DEFINITIONAL_REPRESENTATION('',(#15099),#15103);
#15099 = LINE('',#15100,#15101);
#15100 = CARTESIAN_POINT('',(0.,-0.31));
#15101 = VECTOR('',#15102,1.);
#15102 = DIRECTION('',(0.,1.));
#15103 = ( GEOMETRIC_REPRESENTATION_CONTEXT(2) 
PARAMETRIC_REPRESENTATION_CONTEXT() REPRESENTATION_CONTEXT('2D SPACE',''
  ) );
#15104 = ORIENTED_EDGE('',*,*,#5250,.F.);
#15105 = ADVANCED_FACE('',(#15106),#5239,.F.);
#15106 = FACE_BOUND('',#15107,.F.);
#15107 = EDGE_LOOP('',(#15108,#15109,#15132,#15153));
#15108 = ORIENTED_EDGE('',*,*,#15084,.F.);
#15109 = ORIENTED_EDGE('',*,*,#15110,.T.);
#15110 = EDGE_CURVE('',#15062,#15111,#15113,.T.);
#15111 = VERTEX_POINT('',#15112);
#15112 = CARTESIAN_POINT('',(5.308405968349,14.8815599342,0.59));
#15113 = SURFACE_CURVE('',#15114,(#15118,#15125),.PCURVE_S1.);
#15114 = LINE('',#15115,#15116);
#15115 = CARTESIAN_POINT('',(6.769242086596,14.276461801618,0.59));
#15116 = VECTOR('',#15117,1.);
#15117 = DIRECTION('',(-0.923879532511,0.382683432365,0.));
#15118 = PCURVE('',#5239,#15119);
#15119 = DEFINITIONAL_REPRESENTATION('',(#15120),#15124);
#15120 = LINE('',#15121,#15122);
#15121 = CARTESIAN_POINT('',(0.,-0.31));
#15122 = VECTOR('',#15123,1.);
#15123 = DIRECTION('',(1.,0.));
#15124 = ( GEOMETRIC_REPRESENTATION_CONTEXT(2) 
PARAMETRIC_REPRESENTATION_CONTEXT() REPRESENTATION_CONTEXT('2D SPACE',''
  ) );
#15125 = PCURVE('',#14533,#15126);
#15126 = DEFINITIONAL_REPRESENTATION('',(#15127),#15131);
#15127 = LINE('',#15128,#15129);
#15128 = CARTESIAN_POINT('',(2.203235551145,3.253146897847));
#15129 = VECTOR('',#15130,1.);
#15130 = DIRECTION('',(-0.923879532511,0.382683432365));
#15131 = ( GEOMETRIC_REPRESENTATION_CONTEXT(2) 
PARAMETRIC_REPRESENTATION_CONTEXT() REPRESENTATION_CONTEXT('2D SPACE',''
  ) );
#15132 = ORIENTED_EDGE('',*,*,#15133,.T.);
#15133 = EDGE_CURVE('',#15111,#5199,#15134,.T.);
#15134 = SURFACE_CURVE('',#15135,(#15139,#15146),.PCURVE_S1.);
#15135 = LINE('',#15136,#15137);
#15136 = CARTESIAN_POINT('',(5.308405968349,14.8815599342,0.59));
#15137 = VECTOR('',#15138,1.);
#15138 = DIRECTION('',(0.,0.,1.));
#15139 = PCURVE('',#5239,#15140);
#15140 = DEFINITIONAL_REPRESENTATION('',(#15141),#15145);
#15141 = LINE('',#15142,#15143);
#15142 = CARTESIAN_POINT('',(1.581197620296,-0.31));
#15143 = VECTOR('',#15144,1.);
#15144 = DIRECTION('',(0.,1.));
#15145 = ( GEOMETRIC_REPRESENTATION_CONTEXT(2) 
PARAMETRIC_REPRESENTATION_CONTEXT() REPRESENTATION_CONTEXT('2D SPACE',''
  ) );
#15146 = PCURVE('',#5213,#15147);
#15147 = DEFINITIONAL_REPRESENTATION('',(#15148),#15152);
#15148 = LINE('',#15149,#15150);
#15149 = CARTESIAN_POINT('',(-0.,-0.31));
#15150 = VECTOR('',#15151,1.);
#15151 = DIRECTION('',(0.,1.));
#15152 = ( GEOMETRIC_REPRESENTATION_CONTEXT(2) 
PARAMETRIC_REPRESENTATION_CONTEXT() REPRESENTATION_CONTEXT('2D SPACE',''
  ) );
#15153 = ORIENTED_EDGE('',*,*,#5224,.F.);
#15154 = ADVANCED_FACE('',(#15155),#5213,.F.);
#15155 = FACE_BOUND('',#15156,.F.);
#15156 = EDGE_LOOP('',(#15157,#15158,#15181,#15202));
#15157 = ORIENTED_EDGE('',*,*,#15133,.F.);
#15158 = ORIENTED_EDGE('',*,*,#15159,.T.);
#15159 = EDGE_CURVE('',#15111,#15160,#15162,.T.);
#15160 = VERTEX_POINT('',#15161);
#15161 = CARTESIAN_POINT('',(5.094573157778,14.223468650479,0.59));
#15162 = SURFACE_CURVE('',#15163,(#15167,#15174),.PCURVE_S1.);
#15163 = LINE('',#15164,#15165);
#15164 = CARTESIAN_POINT('',(5.308405968349,14.8815599342,0.59));
#15165 = VECTOR('',#15166,1.);
#15166 = DIRECTION('',(-0.309024825052,-0.951053971918,0.));
#15167 = PCURVE('',#5213,#15168);
#15168 = DEFINITIONAL_REPRESENTATION('',(#15169),#15173);
#15169 = LINE('',#15170,#15171);
#15170 = CARTESIAN_POINT('',(-0.,-0.31));
#15171 = VECTOR('',#15172,1.);
#15172 = DIRECTION('',(1.,0.));
#15173 = ( GEOMETRIC_REPRESENTATION_CONTEXT(2) 
PARAMETRIC_REPRESENTATION_CONTEXT() REPRESENTATION_CONTEXT('2D SPACE',''
  ) );
#15174 = PCURVE('',#14533,#15175);
#15175 = DEFINITIONAL_REPRESENTATION('',(#15176),#15180);
#15176 = LINE('',#15177,#15178);
#15177 = CARTESIAN_POINT('',(0.742399432898,3.85824503043));
#15178 = VECTOR('',#15179,1.);
#15179 = DIRECTION('',(-0.309024825052,-0.951053971918));
#15180 = ( GEOMETRIC_REPRESENTATION_CONTEXT(2) 
PARAMETRIC_REPRESENTATION_CONTEXT() REPRESENTATION_CONTEXT('2D SPACE',''
  ) );
#15181 = ORIENTED_EDGE('',*,*,#15182,.T.);
#15182 = EDGE_CURVE('',#15160,#5173,#15183,.T.);
#15183 = SURFACE_CURVE('',#15184,(#15188,#15195),.PCURVE_S1.);
#15184 = LINE('',#15185,#15186);
#15185 = CARTESIAN_POINT('',(5.094573157778,14.223468650479,0.59));
#15186 = VECTOR('',#15187,1.);
#15187 = DIRECTION('',(0.,0.,1.));
#15188 = PCURVE('',#5213,#15189);
#15189 = DEFINITIONAL_REPRESENTATION('',(#15190),#15194);
#15190 = LINE('',#15191,#15192);
#15191 = CARTESIAN_POINT('',(0.691959976145,-0.31));
#15192 = VECTOR('',#15193,1.);
#15193 = DIRECTION('',(0.,1.));
#15194 = ( GEOMETRIC_REPRESENTATION_CONTEXT(2) 
PARAMETRIC_REPRESENTATION_CONTEXT() REPRESENTATION_CONTEXT('2D SPACE',''
  ) );
#15195 = PCURVE('',#5187,#15196);
#15196 = DEFINITIONAL_REPRESENTATION('',(#15197),#15201);
#15197 = LINE('',#15198,#15199);
#15198 = CARTESIAN_POINT('',(-0.,-0.31));
#15199 = VECTOR('',#15200,1.);
#15200 = DIRECTION('',(0.,1.));
#15201 = ( GEOMETRIC_REPRESENTATION_CONTEXT(2) 
PARAMETRIC_REPRESENTATION_CONTEXT() REPRESENTATION_CONTEXT('2D SPACE',''
  ) );
#15202 = ORIENTED_EDGE('',*,*,#5198,.F.);
#15203 = ADVANCED_FACE('',(#15204),#5187,.F.);
#15204 = FACE_BOUND('',#15205,.F.);
#15205 = EDGE_LOOP('',(#15206,#15207,#15230,#15251));
#15206 = ORIENTED_EDGE('',*,*,#15182,.F.);
#15207 = ORIENTED_EDGE('',*,*,#15208,.T.);
#15208 = EDGE_CURVE('',#15160,#15209,#15211,.T.);
#15209 = VERTEX_POINT('',#15210);
#15210 = CARTESIAN_POINT('',(4.880730853802,13.565350865736,0.59));
#15211 = SURFACE_CURVE('',#15212,(#15216,#15223),.PCURVE_S1.);
#15212 = LINE('',#15213,#15214);
#15213 = CARTESIAN_POINT('',(5.094573157778,14.223468650479,0.59));
#15214 = VECTOR('',#15215,1.);
#15215 = DIRECTION('',(-0.309025978521,-0.951053597122,0.));
#15216 = PCURVE('',#5187,#15217);
#15217 = DEFINITIONAL_REPRESENTATION('',(#15218),#15222);
#15218 = LINE('',#15219,#15220);
#15219 = CARTESIAN_POINT('',(-0.,-0.31));
#15220 = VECTOR('',#15221,1.);
#15221 = DIRECTION('',(1.,0.));
#15222 = ( GEOMETRIC_REPRESENTATION_CONTEXT(2) 
PARAMETRIC_REPRESENTATION_CONTEXT() REPRESENTATION_CONTEXT('2D SPACE',''
  ) );
#15223 = PCURVE('',#14533,#15224);
#15224 = DEFINITIONAL_REPRESENTATION('',(#15225),#15229);
#15225 = LINE('',#15226,#15227);
#15226 = CARTESIAN_POINT('',(0.528566622327,3.200153746709));
#15227 = VECTOR('',#15228,1.);
#15228 = DIRECTION('',(-0.309025978521,-0.951053597122));
#15229 = ( GEOMETRIC_REPRESENTATION_CONTEXT(2) 
PARAMETRIC_REPRESENTATION_CONTEXT() REPRESENTATION_CONTEXT('2D SPACE',''
  ) );
#15230 = ORIENTED_EDGE('',*,*,#15231,.T.);
#15231 = EDGE_CURVE('',#15209,#5147,#15232,.T.);
#15232 = SURFACE_CURVE('',#15233,(#15237,#15244),.PCURVE_S1.);
#15233 = LINE('',#15234,#15235);
#15234 = CARTESIAN_POINT('',(4.880730853802,13.565350865736,0.59));
#15235 = VECTOR('',#15236,1.);
#15236 = DIRECTION('',(0.,0.,1.));
#15237 = PCURVE('',#5187,#15238);
#15238 = DEFINITIONAL_REPRESENTATION('',(#15239),#15243);
#15239 = LINE('',#15240,#15241);
#15240 = CARTESIAN_POINT('',(0.691988113745,-0.31));
#15241 = VECTOR('',#15242,1.);
#15242 = DIRECTION('',(0.,1.));
#15243 = ( GEOMETRIC_REPRESENTATION_CONTEXT(2) 
PARAMETRIC_REPRESENTATION_CONTEXT() REPRESENTATION_CONTEXT('2D SPACE',''
  ) );
#15244 = PCURVE('',#5161,#15245);
#15245 = DEFINITIONAL_REPRESENTATION('',(#15246),#15250);
#15246 = LINE('',#15247,#15248);
#15247 = CARTESIAN_POINT('',(-0.,-0.31));
#15248 = VECTOR('',#15249,1.);
#15249 = DIRECTION('',(0.,1.));
#15250 = ( GEOMETRIC_REPRESENTATION_CONTEXT(2) 
PARAMETRIC_REPRESENTATION_CONTEXT() REPRESENTATION_CONTEXT('2D SPACE',''
  ) );
#15251 = ORIENTED_EDGE('',*,*,#5172,.F.);
#15252 = ADVANCED_FACE('',(#15253),#5161,.F.);
#15253 = FACE_BOUND('',#15254,.F.);
#15254 = EDGE_LOOP('',(#15255,#15256,#15279,#15300));
#15255 = ORIENTED_EDGE('',*,*,#15231,.F.);
#15256 = ORIENTED_EDGE('',*,*,#15257,.T.);
#15257 = EDGE_CURVE('',#15209,#15258,#15260,.T.);
#15258 = VERTEX_POINT('',#15259);
#15259 = CARTESIAN_POINT('',(4.666877577397,12.907202589159,0.59));
#15260 = SURFACE_CURVE('',#15261,(#15265,#15272),.PCURVE_S1.);
#15261 = LINE('',#15262,#15263);
#15262 = CARTESIAN_POINT('',(4.880730853802,13.565350865736,0.59));
#15263 = VECTOR('',#15264,1.);
#15264 = DIRECTION('',(-0.309027370152,-0.951053144938,0.));
#15265 = PCURVE('',#5161,#15266);
#15266 = DEFINITIONAL_REPRESENTATION('',(#15267),#15271);
#15267 = LINE('',#15268,#15269);
#15268 = CARTESIAN_POINT('',(-0.,-0.31));
#15269 = VECTOR('',#15270,1.);
#15270 = DIRECTION('',(1.,0.));
#15271 = ( GEOMETRIC_REPRESENTATION_CONTEXT(2) 
PARAMETRIC_REPRESENTATION_CONTEXT() REPRESENTATION_CONTEXT('2D SPACE',''
  ) );
#15272 = PCURVE('',#14533,#15273);
#15273 = DEFINITIONAL_REPRESENTATION('',(#15274),#15278);
#15274 = LINE('',#15275,#15276);
#15275 = CARTESIAN_POINT('',(0.314724318351,2.542035961965));
#15276 = VECTOR('',#15277,1.);
#15277 = DIRECTION('',(-0.309027370152,-0.951053144938));
#15278 = ( GEOMETRIC_REPRESENTATION_CONTEXT(2) 
PARAMETRIC_REPRESENTATION_CONTEXT() REPRESENTATION_CONTEXT('2D SPACE',''
  ) );
#15279 = ORIENTED_EDGE('',*,*,#15280,.T.);
#15280 = EDGE_CURVE('',#15258,#5121,#15281,.T.);
#15281 = SURFACE_CURVE('',#15282,(#15286,#15293),.PCURVE_S1.);
#15282 = LINE('',#15283,#15284);
#15283 = CARTESIAN_POINT('',(4.666877577397,12.907202589159,0.59));
#15284 = VECTOR('',#15285,1.);
#15285 = DIRECTION('',(0.,0.,1.));
#15286 = PCURVE('',#5161,#15287);
#15287 = DEFINITIONAL_REPRESENTATION('',(#15288),#15292);
#15288 = LINE('',#15289,#15290);
#15289 = CARTESIAN_POINT('',(0.69202050388,-0.31));
#15290 = VECTOR('',#15291,1.);
#15291 = DIRECTION('',(0.,1.));
#15292 = ( GEOMETRIC_REPRESENTATION_CONTEXT(2) 
PARAMETRIC_REPRESENTATION_CONTEXT() REPRESENTATION_CONTEXT('2D SPACE',''
  ) );
#15293 = PCURVE('',#5135,#15294);
#15294 = DEFINITIONAL_REPRESENTATION('',(#15295),#15299);
#15295 = LINE('',#15296,#15297);
#15296 = CARTESIAN_POINT('',(-0.,-0.31));
#15297 = VECTOR('',#15298,1.);
#15298 = DIRECTION('',(0.,1.));
#15299 = ( GEOMETRIC_REPRESENTATION_CONTEXT(2) 
PARAMETRIC_REPRESENTATION_CONTEXT() REPRESENTATION_CONTEXT('2D SPACE',''
  ) );
#15300 = ORIENTED_EDGE('',*,*,#5146,.F.);
#15301 = ADVANCED_FACE('',(#15302),#5135,.F.);
#15302 = FACE_BOUND('',#15303,.F.);
#15303 = EDGE_LOOP('',(#15304,#15305,#15328,#15349));
#15304 = ORIENTED_EDGE('',*,*,#15280,.F.);
#15305 = ORIENTED_EDGE('',*,*,#15306,.T.);
#15306 = EDGE_CURVE('',#15258,#15307,#15309,.T.);
#15307 = VERTEX_POINT('',#15308);
#15308 = CARTESIAN_POINT('',(4.453011525819,12.24901898638,0.59));
#15309 = SURFACE_CURVE('',#15310,(#15314,#15321),.PCURVE_S1.);
#15310 = LINE('',#15311,#15312);
#15311 = CARTESIAN_POINT('',(4.666877577397,12.907202589159,0.59));
#15312 = VECTOR('',#15313,1.);
#15313 = DIRECTION('',(-0.309029064733,-0.951052594313,0.));
#15314 = PCURVE('',#5135,#15315);
#15315 = DEFINITIONAL_REPRESENTATION('',(#15316),#15320);
#15316 = LINE('',#15317,#15318);
#15317 = CARTESIAN_POINT('',(-0.,-0.31));
#15318 = VECTOR('',#15319,1.);
#15319 = DIRECTION('',(1.,0.));
#15320 = ( GEOMETRIC_REPRESENTATION_CONTEXT(2) 
PARAMETRIC_REPRESENTATION_CONTEXT() REPRESENTATION_CONTEXT('2D SPACE',''
  ) );
#15321 = PCURVE('',#14533,#15322);
#15322 = DEFINITIONAL_REPRESENTATION('',(#15323),#15327);
#15323 = LINE('',#15324,#15325);
#15324 = CARTESIAN_POINT('',(0.100871041946,1.883887685388));
#15325 = VECTOR('',#15326,1.);
#15326 = DIRECTION('',(-0.309029064733,-0.951052594313));
#15327 = ( GEOMETRIC_REPRESENTATION_CONTEXT(2) 
PARAMETRIC_REPRESENTATION_CONTEXT() REPRESENTATION_CONTEXT('2D SPACE',''
  ) );
#15328 = ORIENTED_EDGE('',*,*,#15329,.T.);
#15329 = EDGE_CURVE('',#15307,#5095,#15330,.T.);
#15330 = SURFACE_CURVE('',#15331,(#15335,#15342),.PCURVE_S1.);
#15331 = LINE('',#15332,#15333);
#15332 = CARTESIAN_POINT('',(4.453011525819,12.24901898638,0.59));
#15333 = VECTOR('',#15334,1.);
#15334 = DIRECTION('',(0.,0.,1.));
#15335 = PCURVE('',#5135,#15336);
#15336 = DEFINITIONAL_REPRESENTATION('',(#15337),#15341);
#15337 = LINE('',#15338,#15339);
#15338 = CARTESIAN_POINT('',(0.692058048855,-0.31));
#15339 = VECTOR('',#15340,1.);
#15340 = DIRECTION('',(0.,1.));
#15341 = ( GEOMETRIC_REPRESENTATION_CONTEXT(2) 
PARAMETRIC_REPRESENTATION_CONTEXT() REPRESENTATION_CONTEXT('2D SPACE',''
  ) );
#15342 = PCURVE('',#5109,#15343);
#15343 = DEFINITIONAL_REPRESENTATION('',(#15344),#15348);
#15344 = LINE('',#15345,#15346);
#15345 = CARTESIAN_POINT('',(-0.,-0.31));
#15346 = VECTOR('',#15347,1.);
#15347 = DIRECTION('',(0.,1.));
#15348 = ( GEOMETRIC_REPRESENTATION_CONTEXT(2) 
PARAMETRIC_REPRESENTATION_CONTEXT() REPRESENTATION_CONTEXT('2D SPACE',''
  ) );
#15349 = ORIENTED_EDGE('',*,*,#5120,.F.);
#15350 = ADVANCED_FACE('',(#15351),#5109,.F.);
#15351 = FACE_BOUND('',#15352,.F.);
#15352 = EDGE_LOOP('',(#15353,#15354,#15377,#15398));
#15353 = ORIENTED_EDGE('',*,*,#15329,.F.);
#15354 = ORIENTED_EDGE('',*,*,#15355,.T.);
#15355 = EDGE_CURVE('',#15307,#15356,#15358,.T.);
#15356 = VERTEX_POINT('',#15357);
#15357 = CARTESIAN_POINT('',(4.239130479018,11.590794144189,0.59));
#15358 = SURFACE_CURVE('',#15359,(#15363,#15370),.PCURVE_S1.);
#15359 = LINE('',#15360,#15361);
#15360 = CARTESIAN_POINT('',(4.453011525819,12.24901898638,0.59));
#15361 = VECTOR('',#15362,1.);
#15362 = DIRECTION('',(-0.309031149413,-0.951051916928,0.));
#15363 = PCURVE('',#5109,#15364);
#15364 = DEFINITIONAL_REPRESENTATION('',(#15365),#15369);
#15365 = LINE('',#15366,#15367);
#15366 = CARTESIAN_POINT('',(-0.,-0.31));
#15367 = VECTOR('',#15368,1.);
#15368 = DIRECTION('',(1.,0.));
#15369 = ( GEOMETRIC_REPRESENTATION_CONTEXT(2) 
PARAMETRIC_REPRESENTATION_CONTEXT() REPRESENTATION_CONTEXT('2D SPACE',''
  ) );
#15370 = PCURVE('',#14533,#15371);
#15371 = DEFINITIONAL_REPRESENTATION('',(#15372),#15376);
#15372 = LINE('',#15373,#15374);
#15373 = CARTESIAN_POINT('',(-0.112995009633,1.22570408261));
#15374 = VECTOR('',#15375,1.);
#15375 = DIRECTION('',(-0.309031149413,-0.951051916928));
#15376 = ( GEOMETRIC_REPRESENTATION_CONTEXT(2) 
PARAMETRIC_REPRESENTATION_CONTEXT() REPRESENTATION_CONTEXT('2D SPACE',''
  ) );
#15377 = ORIENTED_EDGE('',*,*,#15378,.T.);
#15378 = EDGE_CURVE('',#15356,#5069,#15379,.T.);
#15379 = SURFACE_CURVE('',#15380,(#15384,#15391),.PCURVE_S1.);
#15380 = LINE('',#15381,#15382);
#15381 = CARTESIAN_POINT('',(4.239130479018,11.590794144189,0.59));
#15382 = VECTOR('',#15383,1.);
#15383 = DIRECTION('',(0.,0.,1.));
#15384 = PCURVE('',#5109,#15385);
#15385 = DEFINITIONAL_REPRESENTATION('',(#15386),#15390);
#15386 = LINE('',#15387,#15388);
#15387 = CARTESIAN_POINT('',(0.692101903666,-0.31));
#15388 = VECTOR('',#15389,1.);
#15389 = DIRECTION('',(0.,1.));
#15390 = ( GEOMETRIC_REPRESENTATION_CONTEXT(2) 
PARAMETRIC_REPRESENTATION_CONTEXT() REPRESENTATION_CONTEXT('2D SPACE',''
  ) );
#15391 = PCURVE('',#5083,#15392);
#15392 = DEFINITIONAL_REPRESENTATION('',(#15393),#15397);
#15393 = LINE('',#15394,#15395);
#15394 = CARTESIAN_POINT('',(-0.,-0.31));
#15395 = VECTOR('',#15396,1.);
#15396 = DIRECTION('',(0.,1.));
#15397 = ( GEOMETRIC_REPRESENTATION_CONTEXT(2) 
PARAMETRIC_REPRESENTATION_CONTEXT() REPRESENTATION_CONTEXT('2D SPACE',''
  ) );
#15398 = ORIENTED_EDGE('',*,*,#5094,.F.);
#15399 = ADVANCED_FACE('',(#15400),#5083,.F.);
#15400 = FACE_BOUND('',#15401,.F.);
#15401 = EDGE_LOOP('',(#15402,#15403,#15426,#15447));
#15402 = ORIENTED_EDGE('',*,*,#15378,.F.);
#15403 = ORIENTED_EDGE('',*,*,#15404,.T.);
#15404 = EDGE_CURVE('',#15356,#15405,#15407,.T.);
#15405 = VERTEX_POINT('',#15406);
#15406 = CARTESIAN_POINT('',(4.025231671634,10.932520751852,0.59));
#15407 = SURFACE_CURVE('',#15408,(#15412,#15419),.PCURVE_S1.);
#15408 = LINE('',#15409,#15410);
#15409 = CARTESIAN_POINT('',(4.239130479018,11.590794144189,0.59));
#15410 = VECTOR('',#15411,1.);
#15411 = DIRECTION('',(-0.309033743242,-0.951051074095,0.));
#15412 = PCURVE('',#5083,#15413);
#15413 = DEFINITIONAL_REPRESENTATION('',(#15414),#15418);
#15414 = LINE('',#15415,#15416);
#15415 = CARTESIAN_POINT('',(-0.,-0.31));
#15416 = VECTOR('',#15417,1.);
#15417 = DIRECTION('',(1.,0.));
#15418 = ( GEOMETRIC_REPRESENTATION_CONTEXT(2) 
PARAMETRIC_REPRESENTATION_CONTEXT() REPRESENTATION_CONTEXT('2D SPACE',''
  ) );
#15419 = PCURVE('',#14533,#15420);
#15420 = DEFINITIONAL_REPRESENTATION('',(#15421),#15425);
#15421 = LINE('',#15422,#15423);
#15422 = CARTESIAN_POINT('',(-0.326876056433,0.567479240419));
#15423 = VECTOR('',#15424,1.);
#15424 = DIRECTION('',(-0.309033743242,-0.951051074095));
#15425 = ( GEOMETRIC_REPRESENTATION_CONTEXT(2) 
PARAMETRIC_REPRESENTATION_CONTEXT() REPRESENTATION_CONTEXT('2D SPACE',''
  ) );
#15426 = ORIENTED_EDGE('',*,*,#15427,.T.);
#15427 = EDGE_CURVE('',#15405,#5043,#15428,.T.);
#15428 = SURFACE_CURVE('',#15429,(#15433,#15440),.PCURVE_S1.);
#15429 = LINE('',#15430,#15431);
#15430 = CARTESIAN_POINT('',(4.025231671634,10.932520751852,0.59));
#15431 = VECTOR('',#15432,1.);
#15432 = DIRECTION('',(0.,0.,1.));
#15433 = PCURVE('',#5083,#15434);
#15434 = DEFINITIONAL_REPRESENTATION('',(#15435),#15439);
#15435 = LINE('',#15436,#15437);
#15436 = CARTESIAN_POINT('',(0.692153565952,-0.31));
#15437 = VECTOR('',#15438,1.);
#15438 = DIRECTION('',(0.,1.));
#15439 = ( GEOMETRIC_REPRESENTATION_CONTEXT(2) 
PARAMETRIC_REPRESENTATION_CONTEXT() REPRESENTATION_CONTEXT('2D SPACE',''
  ) );
#15440 = PCURVE('',#5057,#15441);
#15441 = DEFINITIONAL_REPRESENTATION('',(#15442),#15446);
#15442 = LINE('',#15443,#15444);
#15443 = CARTESIAN_POINT('',(-0.,-0.31));
#15444 = VECTOR('',#15445,1.);
#15445 = DIRECTION('',(0.,1.));
#15446 = ( GEOMETRIC_REPRESENTATION_CONTEXT(2) 
PARAMETRIC_REPRESENTATION_CONTEXT() REPRESENTATION_CONTEXT('2D SPACE',''
  ) );
#15447 = ORIENTED_EDGE('',*,*,#5068,.F.);
#15448 = ADVANCED_FACE('',(#15449),#5057,.F.);
#15449 = FACE_BOUND('',#15450,.F.);
#15450 = EDGE_LOOP('',(#15451,#15452,#15475,#15496));
#15451 = ORIENTED_EDGE('',*,*,#15427,.F.);
#15452 = ORIENTED_EDGE('',*,*,#15453,.T.);
#15453 = EDGE_CURVE('',#15405,#15454,#15456,.T.);
#15454 = VERTEX_POINT('',#15455);
#15455 = CARTESIAN_POINT('',(3.81131161485,10.2741896624,0.59));
#15456 = SURFACE_CURVE('',#15457,(#15461,#15468),.PCURVE_S1.);
#15457 = LINE('',#15458,#15459);
#15458 = CARTESIAN_POINT('',(4.025231671634,10.932520751852,0.59));
#15459 = VECTOR('',#15460,1.);
#15460 = DIRECTION('',(-0.309037011681,-0.951050012045,0.));
#15461 = PCURVE('',#5057,#15462);
#15462 = DEFINITIONAL_REPRESENTATION('',(#15463),#15467);
#15463 = LINE('',#15464,#15465);
#15464 = CARTESIAN_POINT('',(-0.,-0.31));
#15465 = VECTOR('',#15466,1.);
#15466 = DIRECTION('',(1.,0.));
#15467 = ( GEOMETRIC_REPRESENTATION_CONTEXT(2) 
PARAMETRIC_REPRESENTATION_CONTEXT() REPRESENTATION_CONTEXT('2D SPACE',''
  ) );
#15468 = PCURVE('',#14533,#15469);
#15469 = DEFINITIONAL_REPRESENTATION('',(#15470),#15474);
#15470 = LINE('',#15471,#15472);
#15471 = CARTESIAN_POINT('',(-0.540774863817,-9.079415191829E-02));
#15472 = VECTOR('',#15473,1.);
#15473 = DIRECTION('',(-0.309037011681,-0.951050012045));
#15474 = ( GEOMETRIC_REPRESENTATION_CONTEXT(2) 
PARAMETRIC_REPRESENTATION_CONTEXT() REPRESENTATION_CONTEXT('2D SPACE',''
  ) );
#15475 = ORIENTED_EDGE('',*,*,#15476,.T.);
#15476 = EDGE_CURVE('',#15454,#5017,#15477,.T.);
#15477 = SURFACE_CURVE('',#15478,(#15482,#15489),.PCURVE_S1.);
#15478 = LINE('',#15479,#15480);
#15479 = CARTESIAN_POINT('',(3.81131161485,10.2741896624,0.59));
#15480 = VECTOR('',#15481,1.);
#15481 = DIRECTION('',(0.,0.,1.));
#15482 = PCURVE('',#5057,#15483);
#15483 = DEFINITIONAL_REPRESENTATION('',(#15484),#15488);
#15484 = LINE('',#15485,#15486);
#15485 = CARTESIAN_POINT('',(0.692215005641,-0.31));
#15486 = VECTOR('',#15487,1.);
#15487 = DIRECTION('',(0.,1.));
#15488 = ( GEOMETRIC_REPRESENTATION_CONTEXT(2) 
PARAMETRIC_REPRESENTATION_CONTEXT() REPRESENTATION_CONTEXT('2D SPACE',''
  ) );
#15489 = PCURVE('',#5031,#15490);
#15490 = DEFINITIONAL_REPRESENTATION('',(#15491),#15495);
#15491 = LINE('',#15492,#15493);
#15492 = CARTESIAN_POINT('',(-0.,-0.31));
#15493 = VECTOR('',#15494,1.);
#15494 = DIRECTION('',(0.,1.));
#15495 = ( GEOMETRIC_REPRESENTATION_CONTEXT(2) 
PARAMETRIC_REPRESENTATION_CONTEXT() REPRESENTATION_CONTEXT('2D SPACE',''
  ) );
#15496 = ORIENTED_EDGE('',*,*,#5042,.F.);
#15497 = ADVANCED_FACE('',(#15498),#5031,.F.);
#15498 = FACE_BOUND('',#15499,.F.);
#15499 = EDGE_LOOP('',(#15500,#15501,#15524,#15545));
#15500 = ORIENTED_EDGE('',*,*,#15476,.F.);
#15501 = ORIENTED_EDGE('',*,*,#15502,.T.);
#15502 = EDGE_CURVE('',#15454,#15503,#15505,.T.);
#15503 = VERTEX_POINT('',#15504);
#15504 = CARTESIAN_POINT('',(3.597365843647,9.61578927761,0.59));
#15505 = SURFACE_CURVE('',#15506,(#15510,#15517),.PCURVE_S1.);
#15506 = LINE('',#15507,#15508);
#15507 = CARTESIAN_POINT('',(3.81131161485,10.2741896624,0.59));
#15508 = VECTOR('',#15509,1.);
#15509 = DIRECTION('',(-0.309041189159,-0.951048654593,0.));
#15510 = PCURVE('',#5031,#15511);
#15511 = DEFINITIONAL_REPRESENTATION('',(#15512),#15516);
#15512 = LINE('',#15513,#15514);
#15513 = CARTESIAN_POINT('',(-0.,-0.31));
#15514 = VECTOR('',#15515,1.);
#15515 = DIRECTION('',(1.,0.));
#15516 = ( GEOMETRIC_REPRESENTATION_CONTEXT(2) 
PARAMETRIC_REPRESENTATION_CONTEXT() REPRESENTATION_CONTEXT('2D SPACE',''
  ) );
#15517 = PCURVE('',#14533,#15518);
#15518 = DEFINITIONAL_REPRESENTATION('',(#15519),#15523);
#15519 = LINE('',#15520,#15521);
#15520 = CARTESIAN_POINT('',(-0.754694920602,-0.749125241371));
#15521 = VECTOR('',#15522,1.);
#15522 = DIRECTION('',(-0.309041189159,-0.951048654593));
#15523 = ( GEOMETRIC_REPRESENTATION_CONTEXT(2) 
PARAMETRIC_REPRESENTATION_CONTEXT() REPRESENTATION_CONTEXT('2D SPACE',''
  ) );
#15524 = ORIENTED_EDGE('',*,*,#15525,.T.);
#15525 = EDGE_CURVE('',#15503,#4991,#15526,.T.);
#15526 = SURFACE_CURVE('',#15527,(#15531,#15538),.PCURVE_S1.);
#15527 = LINE('',#15528,#15529);
#15528 = CARTESIAN_POINT('',(3.597365843647,9.61578927761,0.59));
#15529 = VECTOR('',#15530,1.);
#15530 = DIRECTION('',(0.,0.,1.));
#15531 = PCURVE('',#5031,#15532);
#15532 = DEFINITIONAL_REPRESENTATION('',(#15533),#15537);
#15533 = LINE('',#15534,#15535);
#15534 = CARTESIAN_POINT('',(0.692288855685,-0.31));
#15535 = VECTOR('',#15536,1.);
#15536 = DIRECTION('',(0.,1.));
#15537 = ( GEOMETRIC_REPRESENTATION_CONTEXT(2) 
PARAMETRIC_REPRESENTATION_CONTEXT() REPRESENTATION_CONTEXT('2D SPACE',''
  ) );
#15538 = PCURVE('',#5005,#15539);
#15539 = DEFINITIONAL_REPRESENTATION('',(#15540),#15544);
#15540 = LINE('',#15541,#15542);
#15541 = CARTESIAN_POINT('',(-0.,-0.31));
#15542 = VECTOR('',#15543,1.);
#15543 = DIRECTION('',(0.,1.));
#15544 = ( GEOMETRIC_REPRESENTATION_CONTEXT(2) 
PARAMETRIC_REPRESENTATION_CONTEXT() REPRESENTATION_CONTEXT('2D SPACE',''
  ) );
#15545 = ORIENTED_EDGE('',*,*,#5016,.F.);
#15546 = ADVANCED_FACE('',(#15547),#5005,.F.);
#15547 = FACE_BOUND('',#15548,.F.);
#15548 = EDGE_LOOP('',(#15549,#15550,#15573,#15594));
#15549 = ORIENTED_EDGE('',*,*,#15525,.F.);
#15550 = ORIENTED_EDGE('',*,*,#15551,.T.);
#15551 = EDGE_CURVE('',#15503,#15552,#15554,.T.);
#15552 = VERTEX_POINT('',#15553);
#15553 = CARTESIAN_POINT('',(3.383388550324,8.957304668121,0.59));
#15554 = SURFACE_CURVE('',#15555,(#15559,#15566),.PCURVE_S1.);
#15555 = LINE('',#15556,#15557);
#15556 = CARTESIAN_POINT('',(3.597365843647,9.61578927761,0.59));
#15557 = VECTOR('',#15558,1.);
#15558 = DIRECTION('',(-0.30904661509,-0.951046891431,0.));
#15559 = PCURVE('',#5005,#15560);
#15560 = DEFINITIONAL_REPRESENTATION('',(#15561),#15565);
#15561 = LINE('',#15562,#15563);
#15562 = CARTESIAN_POINT('',(-0.,-0.31));
#15563 = VECTOR('',#15564,1.);
#15564 = DIRECTION('',(1.,0.));
#15565 = ( GEOMETRIC_REPRESENTATION_CONTEXT(2) 
PARAMETRIC_REPRESENTATION_CONTEXT() REPRESENTATION_CONTEXT('2D SPACE',''
  ) );
#15566 = PCURVE('',#14533,#15567);
#15567 = DEFINITIONAL_REPRESENTATION('',(#15568),#15572);
#15568 = LINE('',#15569,#15570);
#15569 = CARTESIAN_POINT('',(-0.968640691804,-1.40752562616));
#15570 = VECTOR('',#15571,1.);
#15571 = DIRECTION('',(-0.30904661509,-0.951046891431));
#15572 = ( GEOMETRIC_REPRESENTATION_CONTEXT(2) 
PARAMETRIC_REPRESENTATION_CONTEXT() REPRESENTATION_CONTEXT('2D SPACE',''
  ) );
#15573 = ORIENTED_EDGE('',*,*,#15574,.T.);
#15574 = EDGE_CURVE('',#15552,#4965,#15575,.T.);
#15575 = SURFACE_CURVE('',#15576,(#15580,#15587),.PCURVE_S1.);
#15576 = LINE('',#15577,#15578);
#15577 = CARTESIAN_POINT('',(3.383388550324,8.957304668121,0.59));
#15578 = VECTOR('',#15579,1.);
#15579 = DIRECTION('',(0.,0.,1.));
#15580 = PCURVE('',#5005,#15581);
#15581 = DEFINITIONAL_REPRESENTATION('',(#15582),#15586);
#15582 = LINE('',#15583,#15584);
#15583 = CARTESIAN_POINT('',(0.692378699118,-0.31));
#15584 = VECTOR('',#15585,1.);
#15585 = DIRECTION('',(0.,1.));
#15586 = ( GEOMETRIC_REPRESENTATION_CONTEXT(2) 
PARAMETRIC_REPRESENTATION_CONTEXT() REPRESENTATION_CONTEXT('2D SPACE',''
  ) );
#15587 = PCURVE('',#4979,#15588);
#15588 = DEFINITIONAL_REPRESENTATION('',(#15589),#15593);
#15589 = LINE('',#15590,#15591);
#15590 = CARTESIAN_POINT('',(-0.,-0.31));
#15591 = VECTOR('',#15592,1.);
#15592 = DIRECTION('',(0.,1.));
#15593 = ( GEOMETRIC_REPRESENTATION_CONTEXT(2) 
PARAMETRIC_REPRESENTATION_CONTEXT() REPRESENTATION_CONTEXT('2D SPACE',''
  ) );
#15594 = ORIENTED_EDGE('',*,*,#4990,.F.);
#15595 = ADVANCED_FACE('',(#15596),#4979,.F.);
#15596 = FACE_BOUND('',#15597,.F.);
#15597 = EDGE_LOOP('',(#15598,#15599,#15622,#15643));
#15598 = ORIENTED_EDGE('',*,*,#15574,.F.);
#15599 = ORIENTED_EDGE('',*,*,#15600,.T.);
#15600 = EDGE_CURVE('',#15552,#15601,#15603,.T.);
#15601 = VERTEX_POINT('',#15602);
#15602 = CARTESIAN_POINT('',(3.169372039844,8.298716285316,0.59));
#15603 = SURFACE_CURVE('',#15604,(#15608,#15615),.PCURVE_S1.);
#15604 = LINE('',#15605,#15606);
#15605 = CARTESIAN_POINT('',(3.383388550324,8.957304668121,0.59));
#15606 = VECTOR('',#15607,1.);
#15607 = DIRECTION('',(-0.309053793106,-0.951044558875,0.));
#15608 = PCURVE('',#4979,#15609);
#15609 = DEFINITIONAL_REPRESENTATION('',(#15610),#15614);
#15610 = LINE('',#15611,#15612);
#15611 = CARTESIAN_POINT('',(-0.,-0.31));
#15612 = VECTOR('',#15613,1.);
#15613 = DIRECTION('',(1.,0.));
#15614 = ( GEOMETRIC_REPRESENTATION_CONTEXT(2) 
PARAMETRIC_REPRESENTATION_CONTEXT() REPRESENTATION_CONTEXT('2D SPACE',''
  ) );
#15615 = PCURVE('',#14533,#15616);
#15616 = DEFINITIONAL_REPRESENTATION('',(#15617),#15621);
#15617 = LINE('',#15618,#15619);
#15618 = CARTESIAN_POINT('',(-1.182617985127,-2.06601023565));
#15619 = VECTOR('',#15620,1.);
#15620 = DIRECTION('',(-0.309053793106,-0.951044558875));
#15621 = ( GEOMETRIC_REPRESENTATION_CONTEXT(2) 
PARAMETRIC_REPRESENTATION_CONTEXT() REPRESENTATION_CONTEXT('2D SPACE',''
  ) );
#15622 = ORIENTED_EDGE('',*,*,#15623,.T.);
#15623 = EDGE_CURVE('',#15601,#4939,#15624,.T.);
#15624 = SURFACE_CURVE('',#15625,(#15629,#15636),.PCURVE_S1.);
#15625 = LINE('',#15626,#15627);
#15626 = CARTESIAN_POINT('',(3.169372039844,8.298716285316,0.59));
#15627 = VECTOR('',#15628,1.);
#15628 = DIRECTION('',(0.,0.,1.));
#15629 = PCURVE('',#4979,#15630);
#15630 = DEFINITIONAL_REPRESENTATION('',(#15631),#15635);
#15631 = LINE('',#15632,#15633);
#15632 = CARTESIAN_POINT('',(0.692489512356,-0.31));
#15633 = VECTOR('',#15634,1.);
#15634 = DIRECTION('',(0.,1.));
#15635 = ( GEOMETRIC_REPRESENTATION_CONTEXT(2) 
PARAMETRIC_REPRESENTATION_CONTEXT() REPRESENTATION_CONTEXT('2D SPACE',''
  ) );
#15636 = PCURVE('',#4953,#15637);
#15637 = DEFINITIONAL_REPRESENTATION('',(#15638),#15642);
#15638 = LINE('',#15639,#15640);
#15639 = CARTESIAN_POINT('',(-0.,-0.31));
#15640 = VECTOR('',#15641,1.);
#15641 = DIRECTION('',(0.,1.));
#15642 = ( GEOMETRIC_REPRESENTATION_CONTEXT(2) 
PARAMETRIC_REPRESENTATION_CONTEXT() REPRESENTATION_CONTEXT('2D SPACE',''
  ) );
#15643 = ORIENTED_EDGE('',*,*,#4964,.F.);
#15644 = ADVANCED_FACE('',(#15645),#4953,.F.);
#15645 = FACE_BOUND('',#15646,.F.);
#15646 = EDGE_LOOP('',(#15647,#15648,#15671,#15692));
#15647 = ORIENTED_EDGE('',*,*,#15623,.F.);
#15648 = ORIENTED_EDGE('',*,*,#15649,.T.);
#15649 = EDGE_CURVE('',#15601,#15650,#15652,.T.);
#15650 = VERTEX_POINT('',#15651);
#15651 = CARTESIAN_POINT('',(2.955305897274,7.639998025609,0.59));
#15652 = SURFACE_CURVE('',#15653,(#15657,#15664),.PCURVE_S1.);
#15653 = LINE('',#15654,#15655);
#15654 = CARTESIAN_POINT('',(3.169372039844,8.298716285316,0.59));
#15655 = VECTOR('',#15656,1.);
#15656 = DIRECTION('',(-0.309063491782,-0.951041407115,0.));
#15657 = PCURVE('',#4953,#15658);
#15658 = DEFINITIONAL_REPRESENTATION('',(#15659),#15663);
#15659 = LINE('',#15660,#15661);
#15660 = CARTESIAN_POINT('',(-0.,-0.31));
#15661 = VECTOR('',#15662,1.);
#15662 = DIRECTION('',(1.,0.));
#15663 = ( GEOMETRIC_REPRESENTATION_CONTEXT(2) 
PARAMETRIC_REPRESENTATION_CONTEXT() REPRESENTATION_CONTEXT('2D SPACE',''
  ) );
#15664 = PCURVE('',#14533,#15665);
#15665 = DEFINITIONAL_REPRESENTATION('',(#15666),#15670);
#15666 = LINE('',#15667,#15668);
#15667 = CARTESIAN_POINT('',(-1.396634495607,-2.724598618454));
#15668 = VECTOR('',#15669,1.);
#15669 = DIRECTION('',(-0.309063491782,-0.951041407115));
#15670 = ( GEOMETRIC_REPRESENTATION_CONTEXT(2) 
PARAMETRIC_REPRESENTATION_CONTEXT() REPRESENTATION_CONTEXT('2D SPACE',''
  ) );
#15671 = ORIENTED_EDGE('',*,*,#15672,.F.);
#15672 = EDGE_CURVE('',#4913,#15650,#15673,.T.);
#15673 = SURFACE_CURVE('',#15674,(#15678,#15685),.PCURVE_S1.);
#15674 = LINE('',#15675,#15676);
#15675 = CARTESIAN_POINT('',(2.955305897274,7.639998025609,1.21));
#15676 = VECTOR('',#15677,1.);
#15677 = DIRECTION('',(0.,0.,-1.));
#15678 = PCURVE('',#4953,#15679);
#15679 = DEFINITIONAL_REPRESENTATION('',(#15680),#15684);
#15680 = LINE('',#15681,#15682);
#15681 = CARTESIAN_POINT('',(0.692628370099,0.31));
#15682 = VECTOR('',#15683,1.);
#15683 = DIRECTION('',(-0.,-1.));
#15684 = ( GEOMETRIC_REPRESENTATION_CONTEXT(2) 
PARAMETRIC_REPRESENTATION_CONTEXT() REPRESENTATION_CONTEXT('2D SPACE',''
  ) );
#15685 = PCURVE('',#4927,#15686);
#15686 = DEFINITIONAL_REPRESENTATION('',(#15687),#15691);
#15687 = LINE('',#15688,#15689);
#15688 = CARTESIAN_POINT('',(0.,0.31));
#15689 = VECTOR('',#15690,1.);
#15690 = DIRECTION('',(-0.,-1.));
#15691 = ( GEOMETRIC_REPRESENTATION_CONTEXT(2) 
PARAMETRIC_REPRESENTATION_CONTEXT() REPRESENTATION_CONTEXT('2D SPACE',''
  ) );
#15692 = ORIENTED_EDGE('',*,*,#4938,.F.);
#15693 = ADVANCED_FACE('',(#15694),#4927,.F.);
#15694 = FACE_BOUND('',#15695,.F.);
#15695 = EDGE_LOOP('',(#15696,#15697,#15720,#15741));
#15696 = ORIENTED_EDGE('',*,*,#15672,.T.);
#15697 = ORIENTED_EDGE('',*,*,#15698,.T.);
#15698 = EDGE_CURVE('',#15650,#15699,#15701,.T.);
#15699 = VERTEX_POINT('',#15700);
#15700 = CARTESIAN_POINT('',(2.741175673048,6.981114232663,0.59));
#15701 = SURFACE_CURVE('',#15702,(#15706,#15713),.PCURVE_S1.);
#15702 = LINE('',#15703,#15704);
#15703 = CARTESIAN_POINT('',(2.955305897274,7.639998025609,0.59));
#15704 = VECTOR('',#15705,1.);
#15705 = DIRECTION('',(-0.30907692267,-0.951037042324,0.));
#15706 = PCURVE('',#4927,#15707);
#15707 = DEFINITIONAL_REPRESENTATION('',(#15708),#15712);
#15708 = LINE('',#15709,#15710);
#15709 = CARTESIAN_POINT('',(-0.,-0.31));
#15710 = VECTOR('',#15711,1.);
#15711 = DIRECTION('',(1.,0.));
#15712 = ( GEOMETRIC_REPRESENTATION_CONTEXT(2) 
PARAMETRIC_REPRESENTATION_CONTEXT() REPRESENTATION_CONTEXT('2D SPACE',''
  ) );
#15713 = PCURVE('',#14533,#15714);
#15714 = DEFINITIONAL_REPRESENTATION('',(#15715),#15719);
#15715 = LINE('',#15716,#15717);
#15716 = CARTESIAN_POINT('',(-1.610700638177,-3.383316878161));
#15717 = VECTOR('',#15718,1.);
#15718 = DIRECTION('',(-0.30907692267,-0.951037042324));
#15719 = ( GEOMETRIC_REPRESENTATION_CONTEXT(2) 
PARAMETRIC_REPRESENTATION_CONTEXT() REPRESENTATION_CONTEXT('2D SPACE',''
  ) );
#15720 = ORIENTED_EDGE('',*,*,#15721,.F.);
#15721 = EDGE_CURVE('',#4887,#15699,#15722,.T.);
#15722 = SURFACE_CURVE('',#15723,(#15727,#15734),.PCURVE_S1.);
#15723 = LINE('',#15724,#15725);
#15724 = CARTESIAN_POINT('',(2.741175673048,6.981114232663,1.21));
#15725 = VECTOR('',#15726,1.);
#15726 = DIRECTION('',(0.,0.,-1.));
#15727 = PCURVE('',#4927,#15728);
#15728 = DEFINITIONAL_REPRESENTATION('',(#15729),#15733);
#15729 = LINE('',#15730,#15731);
#15730 = CARTESIAN_POINT('',(0.692805604433,0.31));
#15731 = VECTOR('',#15732,1.);
#15732 = DIRECTION('',(-0.,-1.));
#15733 = ( GEOMETRIC_REPRESENTATION_CONTEXT(2) 
PARAMETRIC_REPRESENTATION_CONTEXT() REPRESENTATION_CONTEXT('2D SPACE',''
  ) );
#15734 = PCURVE('',#4901,#15735);
#15735 = DEFINITIONAL_REPRESENTATION('',(#15736),#15740);
#15736 = LINE('',#15737,#15738);
#15737 = CARTESIAN_POINT('',(0.,0.31));
#15738 = VECTOR('',#15739,1.);
#15739 = DIRECTION('',(0.,-1.));
#15740 = ( GEOMETRIC_REPRESENTATION_CONTEXT(2) 
PARAMETRIC_REPRESENTATION_CONTEXT() REPRESENTATION_CONTEXT('2D SPACE',''
  ) );
#15741 = ORIENTED_EDGE('',*,*,#4912,.F.);
#15742 = ADVANCED_FACE('',(#15743),#4901,.F.);
#15743 = FACE_BOUND('',#15744,.F.);
#15744 = EDGE_LOOP('',(#15745,#15746,#15767,#15768));
#15745 = ORIENTED_EDGE('',*,*,#15721,.T.);
#15746 = ORIENTED_EDGE('',*,*,#15747,.T.);
#15747 = EDGE_CURVE('',#15699,#14495,#15748,.T.);
#15748 = SURFACE_CURVE('',#15749,(#15753,#15760),.PCURVE_S1.);
#15749 = LINE('',#15750,#15751);
#15750 = CARTESIAN_POINT('',(2.741175673048,6.981114232663,0.59));
#15751 = VECTOR('',#15752,1.);
#15752 = DIRECTION('',(0.923879532511,-0.382683432365,0.));
#15753 = PCURVE('',#4901,#15754);
#15754 = DEFINITIONAL_REPRESENTATION('',(#15755),#15759);
#15755 = LINE('',#15756,#15757);
#15756 = CARTESIAN_POINT('',(0.,-0.31));
#15757 = VECTOR('',#15758,1.);
#15758 = DIRECTION('',(1.,0.));
#15759 = ( GEOMETRIC_REPRESENTATION_CONTEXT(2) 
PARAMETRIC_REPRESENTATION_CONTEXT() REPRESENTATION_CONTEXT('2D SPACE',''
  ) );
#15760 = PCURVE('',#14533,#15761);
#15761 = DEFINITIONAL_REPRESENTATION('',(#15762),#15766);
#15762 = LINE('',#15763,#15764);
#15763 = CARTESIAN_POINT('',(-1.824830862404,-4.042200671107));
#15764 = VECTOR('',#15765,1.);
#15765 = DIRECTION('',(0.923879532511,-0.382683432365));
#15766 = ( GEOMETRIC_REPRESENTATION_CONTEXT(2) 
PARAMETRIC_REPRESENTATION_CONTEXT() REPRESENTATION_CONTEXT('2D SPACE',''
  ) );
#15767 = ORIENTED_EDGE('',*,*,#14494,.F.);
#15768 = ORIENTED_EDGE('',*,*,#4886,.F.);
#15769 = ADVANCED_FACE('',(#15770),#5580,.T.);
#15770 = FACE_BOUND('',#15771,.T.);
#15771 = EDGE_LOOP('',(#15772,#15773,#15774,#15775,#15776,#15777,#15778,
    #15779,#15780,#15781,#15782,#15783,#15784,#15785,#15786,#15787,
    #15788,#15789,#15790,#15791,#15792,#15793,#15794,#15795,#15796,
    #15797));
#15772 = ORIENTED_EDGE('',*,*,#5564,.T.);
#15773 = ORIENTED_EDGE('',*,*,#5667,.T.);
#15774 = ORIENTED_EDGE('',*,*,#5765,.T.);
#15775 = ORIENTED_EDGE('',*,*,#5863,.T.);
#15776 = ORIENTED_EDGE('',*,*,#5961,.T.);
#15777 = ORIENTED_EDGE('',*,*,#6059,.T.);
#15778 = ORIENTED_EDGE('',*,*,#6157,.T.);
#15779 = ORIENTED_EDGE('',*,*,#6255,.T.);
#15780 = ORIENTED_EDGE('',*,*,#6353,.T.);
#15781 = ORIENTED_EDGE('',*,*,#6451,.T.);
#15782 = ORIENTED_EDGE('',*,*,#6549,.T.);
#15783 = ORIENTED_EDGE('',*,*,#6647,.T.);
#15784 = ORIENTED_EDGE('',*,*,#6745,.T.);
#15785 = ORIENTED_EDGE('',*,*,#6794,.T.);
#15786 = ORIENTED_EDGE('',*,*,#6718,.T.);
#15787 = ORIENTED_EDGE('',*,*,#6620,.T.);
#15788 = ORIENTED_EDGE('',*,*,#6522,.T.);
#15789 = ORIENTED_EDGE('',*,*,#6424,.T.);
#15790 = ORIENTED_EDGE('',*,*,#6326,.T.);
#15791 = ORIENTED_EDGE('',*,*,#6228,.T.);
#15792 = ORIENTED_EDGE('',*,*,#6130,.T.);
#15793 = ORIENTED_EDGE('',*,*,#6032,.T.);
#15794 = ORIENTED_EDGE('',*,*,#5934,.T.);
#15795 = ORIENTED_EDGE('',*,*,#5836,.T.);
#15796 = ORIENTED_EDGE('',*,*,#5738,.T.);
#15797 = ORIENTED_EDGE('',*,*,#5640,.T.);
#15798 = ADVANCED_FACE('',(#15799),#6859,.T.);
#15799 = FACE_BOUND('',#15800,.T.);
#15800 = EDGE_LOOP('',(#15801,#15802,#15803,#15804,#15805,#15806,#15807,
    #15808,#15809,#15810,#15811,#15812,#15813,#15814,#15815,#15816,
    #15817,#15818,#15819,#15820,#15821,#15822,#15823,#15824,#15825,
    #15826));
#15801 = ORIENTED_EDGE('',*,*,#6843,.T.);
#15802 = ORIENTED_EDGE('',*,*,#6946,.T.);
#15803 = ORIENTED_EDGE('',*,*,#7044,.T.);
#15804 = ORIENTED_EDGE('',*,*,#7142,.T.);
#15805 = ORIENTED_EDGE('',*,*,#7240,.T.);
#15806 = ORIENTED_EDGE('',*,*,#7338,.T.);
#15807 = ORIENTED_EDGE('',*,*,#7436,.T.);
#15808 = ORIENTED_EDGE('',*,*,#7534,.T.);
#15809 = ORIENTED_EDGE('',*,*,#7632,.T.);
#15810 = ORIENTED_EDGE('',*,*,#7730,.T.);
#15811 = ORIENTED_EDGE('',*,*,#7828,.T.);
#15812 = ORIENTED_EDGE('',*,*,#7926,.T.);
#15813 = ORIENTED_EDGE('',*,*,#8024,.T.);
#15814 = ORIENTED_EDGE('',*,*,#8073,.T.);
#15815 = ORIENTED_EDGE('',*,*,#7997,.T.);
#15816 = ORIENTED_EDGE('',*,*,#7899,.T.);
#15817 = ORIENTED_EDGE('',*,*,#7801,.T.);
#15818 = ORIENTED_EDGE('',*,*,#7703,.T.);
#15819 = ORIENTED_EDGE('',*,*,#7605,.T.);
#15820 = ORIENTED_EDGE('',*,*,#7507,.T.);
#15821 = ORIENTED_EDGE('',*,*,#7409,.T.);
#15822 = ORIENTED_EDGE('',*,*,#7311,.T.);
#15823 = ORIENTED_EDGE('',*,*,#7213,.T.);
#15824 = ORIENTED_EDGE('',*,*,#7115,.T.);
#15825 = ORIENTED_EDGE('',*,*,#7017,.T.);
#15826 = ORIENTED_EDGE('',*,*,#6919,.T.);
#15827 = ADVANCED_FACE('',(#15828),#8138,.T.);
#15828 = FACE_BOUND('',#15829,.T.);
#15829 = EDGE_LOOP('',(#15830,#15831,#15832,#15833,#15834,#15835,#15836,
    #15837,#15838,#15839,#15840,#15841,#15842,#15843,#15844,#15845,
    #15846,#15847,#15848,#15849,#15850,#15851,#15852,#15853,#15854,
    #15855));
#15830 = ORIENTED_EDGE('',*,*,#8122,.T.);
#15831 = ORIENTED_EDGE('',*,*,#8225,.T.);
#15832 = ORIENTED_EDGE('',*,*,#8323,.T.);
#15833 = ORIENTED_EDGE('',*,*,#8421,.T.);
#15834 = ORIENTED_EDGE('',*,*,#8519,.T.);
#15835 = ORIENTED_EDGE('',*,*,#8617,.T.);
#15836 = ORIENTED_EDGE('',*,*,#8715,.T.);
#15837 = ORIENTED_EDGE('',*,*,#8813,.T.);
#15838 = ORIENTED_EDGE('',*,*,#8911,.T.);
#15839 = ORIENTED_EDGE('',*,*,#9009,.T.);
#15840 = ORIENTED_EDGE('',*,*,#9107,.T.);
#15841 = ORIENTED_EDGE('',*,*,#9205,.T.);
#15842 = ORIENTED_EDGE('',*,*,#9303,.T.);
#15843 = ORIENTED_EDGE('',*,*,#9352,.T.);
#15844 = ORIENTED_EDGE('',*,*,#9276,.T.);
#15845 = ORIENTED_EDGE('',*,*,#9178,.T.);
#15846 = ORIENTED_EDGE('',*,*,#9080,.T.);
#15847 = ORIENTED_EDGE('',*,*,#8982,.T.);
#15848 = ORIENTED_EDGE('',*,*,#8884,.T.);
#15849 = ORIENTED_EDGE('',*,*,#8786,.T.);
#15850 = ORIENTED_EDGE('',*,*,#8688,.T.);
#15851 = ORIENTED_EDGE('',*,*,#8590,.T.);
#15852 = ORIENTED_EDGE('',*,*,#8492,.T.);
#15853 = ORIENTED_EDGE('',*,*,#8394,.T.);
#15854 = ORIENTED_EDGE('',*,*,#8296,.T.);
#15855 = ORIENTED_EDGE('',*,*,#8198,.T.);
#15856 = ADVANCED_FACE('',(#15857),#9417,.T.);
#15857 = FACE_BOUND('',#15858,.T.);
#15858 = EDGE_LOOP('',(#15859,#15860,#15861,#15862,#15863,#15864,#15865,
    #15866,#15867,#15868,#15869,#15870,#15871,#15872,#15873,#15874,
    #15875,#15876,#15877,#15878,#15879,#15880,#15881,#15882,#15883,
    #15884));
#15859 = ORIENTED_EDGE('',*,*,#9401,.T.);
#15860 = ORIENTED_EDGE('',*,*,#9504,.T.);
#15861 = ORIENTED_EDGE('',*,*,#9602,.T.);
#15862 = ORIENTED_EDGE('',*,*,#9700,.T.);
#15863 = ORIENTED_EDGE('',*,*,#9798,.T.);
#15864 = ORIENTED_EDGE('',*,*,#9896,.T.);
#15865 = ORIENTED_EDGE('',*,*,#9994,.T.);
#15866 = ORIENTED_EDGE('',*,*,#10092,.T.);
#15867 = ORIENTED_EDGE('',*,*,#10190,.T.);
#15868 = ORIENTED_EDGE('',*,*,#10288,.T.);
#15869 = ORIENTED_EDGE('',*,*,#10386,.T.);
#15870 = ORIENTED_EDGE('',*,*,#10484,.T.);
#15871 = ORIENTED_EDGE('',*,*,#10582,.T.);
#15872 = ORIENTED_EDGE('',*,*,#10631,.T.);
#15873 = ORIENTED_EDGE('',*,*,#10555,.T.);
#15874 = ORIENTED_EDGE('',*,*,#10457,.T.);
#15875 = ORIENTED_EDGE('',*,*,#10359,.T.);
#15876 = ORIENTED_EDGE('',*,*,#10261,.T.);
#15877 = ORIENTED_EDGE('',*,*,#10163,.T.);
#15878 = ORIENTED_EDGE('',*,*,#10065,.T.);
#15879 = ORIENTED_EDGE('',*,*,#9967,.T.);
#15880 = ORIENTED_EDGE('',*,*,#9869,.T.);
#15881 = ORIENTED_EDGE('',*,*,#9771,.T.);
#15882 = ORIENTED_EDGE('',*,*,#9673,.T.);
#15883 = ORIENTED_EDGE('',*,*,#9575,.T.);
#15884 = ORIENTED_EDGE('',*,*,#9477,.T.);
#15885 = ADVANCED_FACE('',(#15886),#10696,.T.);
#15886 = FACE_BOUND('',#15887,.T.);
#15887 = EDGE_LOOP('',(#15888,#15889,#15890,#15891,#15892,#15893,#15894,
    #15895,#15896,#15897,#15898,#15899,#15900,#15901,#15902,#15903,
    #15904,#15905,#15906,#15907,#15908,#15909,#15910,#15911,#15912,
    #15913));
#15888 = ORIENTED_EDGE('',*,*,#10680,.T.);
#15889 = ORIENTED_EDGE('',*,*,#10783,.T.);
#15890 = ORIENTED_EDGE('',*,*,#10881,.T.);
#15891 = ORIENTED_EDGE('',*,*,#10979,.T.);
#15892 = ORIENTED_EDGE('',*,*,#11077,.T.);
#15893 = ORIENTED_EDGE('',*,*,#11175,.T.);
#15894 = ORIENTED_EDGE('',*,*,#11273,.T.);
#15895 = ORIENTED_EDGE('',*,*,#11371,.T.);
#15896 = ORIENTED_EDGE('',*,*,#11469,.T.);
#15897 = ORIENTED_EDGE('',*,*,#11567,.T.);
#15898 = ORIENTED_EDGE('',*,*,#11665,.T.);
#15899 = ORIENTED_EDGE('',*,*,#11763,.T.);
#15900 = ORIENTED_EDGE('',*,*,#11861,.T.);
#15901 = ORIENTED_EDGE('',*,*,#11910,.T.);
#15902 = ORIENTED_EDGE('',*,*,#11834,.T.);
#15903 = ORIENTED_EDGE('',*,*,#11736,.T.);
#15904 = ORIENTED_EDGE('',*,*,#11638,.T.);
#15905 = ORIENTED_EDGE('',*,*,#11540,.T.);
#15906 = ORIENTED_EDGE('',*,*,#11442,.T.);
#15907 = ORIENTED_EDGE('',*,*,#11344,.T.);
#15908 = ORIENTED_EDGE('',*,*,#11246,.T.);
#15909 = ORIENTED_EDGE('',*,*,#11148,.T.);
#15910 = ORIENTED_EDGE('',*,*,#11050,.T.);
#15911 = ORIENTED_EDGE('',*,*,#10952,.T.);
#15912 = ORIENTED_EDGE('',*,*,#10854,.T.);
#15913 = ORIENTED_EDGE('',*,*,#10756,.T.);
#15914 = ADVANCED_FACE('',(#15915),#11975,.T.);
#15915 = FACE_BOUND('',#15916,.T.);
#15916 = EDGE_LOOP('',(#15917,#15918,#15919,#15920,#15921,#15922,#15923,
    #15924,#15925,#15926,#15927,#15928,#15929,#15930,#15931,#15932,
    #15933,#15934,#15935,#15936,#15937,#15938,#15939,#15940,#15941,
    #15942));
#15917 = ORIENTED_EDGE('',*,*,#11959,.T.);
#15918 = ORIENTED_EDGE('',*,*,#12062,.T.);
#15919 = ORIENTED_EDGE('',*,*,#12160,.T.);
#15920 = ORIENTED_EDGE('',*,*,#12258,.T.);
#15921 = ORIENTED_EDGE('',*,*,#12356,.T.);
#15922 = ORIENTED_EDGE('',*,*,#12454,.T.);
#15923 = ORIENTED_EDGE('',*,*,#12552,.T.);
#15924 = ORIENTED_EDGE('',*,*,#12650,.T.);
#15925 = ORIENTED_EDGE('',*,*,#12748,.T.);
#15926 = ORIENTED_EDGE('',*,*,#12846,.T.);
#15927 = ORIENTED_EDGE('',*,*,#12944,.T.);
#15928 = ORIENTED_EDGE('',*,*,#13042,.T.);
#15929 = ORIENTED_EDGE('',*,*,#13140,.T.);
#15930 = ORIENTED_EDGE('',*,*,#13189,.T.);
#15931 = ORIENTED_EDGE('',*,*,#13113,.T.);
#15932 = ORIENTED_EDGE('',*,*,#13015,.T.);
#15933 = ORIENTED_EDGE('',*,*,#12917,.T.);
#15934 = ORIENTED_EDGE('',*,*,#12819,.T.);
#15935 = ORIENTED_EDGE('',*,*,#12721,.T.);
#15936 = ORIENTED_EDGE('',*,*,#12623,.T.);
#15937 = ORIENTED_EDGE('',*,*,#12525,.T.);
#15938 = ORIENTED_EDGE('',*,*,#12427,.T.);
#15939 = ORIENTED_EDGE('',*,*,#12329,.T.);
#15940 = ORIENTED_EDGE('',*,*,#12231,.T.);
#15941 = ORIENTED_EDGE('',*,*,#12133,.T.);
#15942 = ORIENTED_EDGE('',*,*,#12035,.T.);
#15943 = ADVANCED_FACE('',(#15944),#13254,.T.);
#15944 = FACE_BOUND('',#15945,.T.);
#15945 = EDGE_LOOP('',(#15946,#15947,#15948,#15949,#15950,#15951,#15952,
    #15953,#15954,#15955,#15956,#15957,#15958,#15959,#15960,#15961,
    #15962,#15963,#15964,#15965,#15966,#15967,#15968,#15969,#15970,
    #15971));
#15946 = ORIENTED_EDGE('',*,*,#13238,.T.);
#15947 = ORIENTED_EDGE('',*,*,#13341,.T.);
#15948 = ORIENTED_EDGE('',*,*,#13439,.T.);
#15949 = ORIENTED_EDGE('',*,*,#13537,.T.);
#15950 = ORIENTED_EDGE('',*,*,#13635,.T.);
#15951 = ORIENTED_EDGE('',*,*,#13733,.T.);
#15952 = ORIENTED_EDGE('',*,*,#13831,.T.);
#15953 = ORIENTED_EDGE('',*,*,#13929,.T.);
#15954 = ORIENTED_EDGE('',*,*,#14027,.T.);
#15955 = ORIENTED_EDGE('',*,*,#14125,.T.);
#15956 = ORIENTED_EDGE('',*,*,#14223,.T.);
#15957 = ORIENTED_EDGE('',*,*,#14321,.T.);
#15958 = ORIENTED_EDGE('',*,*,#14419,.T.);
#15959 = ORIENTED_EDGE('',*,*,#14468,.T.);
#15960 = ORIENTED_EDGE('',*,*,#14392,.T.);
#15961 = ORIENTED_EDGE('',*,*,#14294,.T.);
#15962 = ORIENTED_EDGE('',*,*,#14196,.T.);
#15963 = ORIENTED_EDGE('',*,*,#14098,.T.);
#15964 = ORIENTED_EDGE('',*,*,#14000,.T.);
#15965 = ORIENTED_EDGE('',*,*,#13902,.T.);
#15966 = ORIENTED_EDGE('',*,*,#13804,.T.);
#15967 = ORIENTED_EDGE('',*,*,#13706,.T.);
#15968 = ORIENTED_EDGE('',*,*,#13608,.T.);
#15969 = ORIENTED_EDGE('',*,*,#13510,.T.);
#15970 = ORIENTED_EDGE('',*,*,#13412,.T.);
#15971 = ORIENTED_EDGE('',*,*,#13314,.T.);
#15972 = ADVANCED_FACE('',(#15973),#14533,.T.);
#15973 = FACE_BOUND('',#15974,.T.);
#15974 = EDGE_LOOP('',(#15975,#15976,#15977,#15978,#15979,#15980,#15981,
    #15982,#15983,#15984,#15985,#15986,#15987,#15988,#15989,#15990,
    #15991,#15992,#15993,#15994,#15995,#15996,#15997,#15998,#15999,
    #16000));
#15975 = ORIENTED_EDGE('',*,*,#14517,.T.);
#15976 = ORIENTED_EDGE('',*,*,#14571,.T.);
#15977 = ORIENTED_EDGE('',*,*,#14620,.T.);
#15978 = ORIENTED_EDGE('',*,*,#14669,.T.);
#15979 = ORIENTED_EDGE('',*,*,#14718,.T.);
#15980 = ORIENTED_EDGE('',*,*,#14767,.T.);
#15981 = ORIENTED_EDGE('',*,*,#14816,.T.);
#15982 = ORIENTED_EDGE('',*,*,#14865,.T.);
#15983 = ORIENTED_EDGE('',*,*,#14914,.T.);
#15984 = ORIENTED_EDGE('',*,*,#14963,.T.);
#15985 = ORIENTED_EDGE('',*,*,#15012,.T.);
#15986 = ORIENTED_EDGE('',*,*,#15061,.T.);
#15987 = ORIENTED_EDGE('',*,*,#15110,.T.);
#15988 = ORIENTED_EDGE('',*,*,#15159,.T.);
#15989 = ORIENTED_EDGE('',*,*,#15208,.T.);
#15990 = ORIENTED_EDGE('',*,*,#15257,.T.);
#15991 = ORIENTED_EDGE('',*,*,#15306,.T.);
#15992 = ORIENTED_EDGE('',*,*,#15355,.T.);
#15993 = ORIENTED_EDGE('',*,*,#15404,.T.);
#15994 = ORIENTED_EDGE('',*,*,#15453,.T.);
#15995 = ORIENTED_EDGE('',*,*,#15502,.T.);
#15996 = ORIENTED_EDGE('',*,*,#15551,.T.);
#15997 = ORIENTED_EDGE('',*,*,#15600,.T.);
#15998 = ORIENTED_EDGE('',*,*,#15649,.T.);
#15999 = ORIENTED_EDGE('',*,*,#15698,.T.);
#16000 = ORIENTED_EDGE('',*,*,#15747,.T.);
#16001 = ( GEOMETRIC_REPRESENTATION_CONTEXT(3) 
GLOBAL_UNCERTAINTY_ASSIGNED_CONTEXT((#16005)) 
GLOBAL_UNIT_ASSIGNED_CONTEXT((#16002,#16003,#16004)) 
REPRESENTATION_CONTEXT('Context #1',
  '3D Context with UNIT and UNCERTAINTY') );
#16002 = ( LENGTH_UNIT() NAMED_UNIT(*) SI_UNIT(.MILLI.,.METRE.) );
#16003 = ( NAMED_UNIT(*) PLANE_ANGLE_UNIT() SI_UNIT($,.RADIAN.) );
#16004 = ( NAMED_UNIT(*) SI_UNIT($,.STERADIAN.) SOLID_ANGLE_UNIT() );
#16005 = UNCERTAINTY_MEASURE_WITH_UNIT(LENGTH_MEASURE(1.E-07),#16002,
  'distance_accuracy_value','confusion accuracy');
#16006 = PRODUCT_RELATED_PRODUCT_CATEGORY('part',$,(#7));
ENDSEC;
END-ISO-10303-21;
